question,answer
Nội quy lao động này thuộc phiên bản nào?,Phiên bản tháng 7 năm 2023
Cơ quan nào chịu trách nhiệm giám sát nội quy lao động?,"Phòng giám sát – Cục tiêu chuẩn lao động – Bộ Y tế, Lao động và Phúc lợi xã hội"
Tại sao việc tạo dựng môi trường làm việc lại quan trọng?,Việc tạo dựng một môi trường làm việc sáng sủa giúp người lao động có thể yên tâm làm việc là yếu tố rất quan trọng đối với các nơi làm việc không kể loại hình công việc và quy mô kinh doanh.
Nội quy lao động quy định những gì?,"Nội quy lao động quy định rõ ràng những tiêu chuẩn đãi ngộ, điều kiện lao động của người lao động như tiền lương, thời gian làm việc, nội quy thực hiện công việc"
Mục đích của việc quy định nội quy lao động là gì?,Mục đích của việc quy định nội quy lao động là giúp người lao động có thể yên tâm làm việc trong một môi trường làm việc sáng sủa
Mục đích của việc xây dựng nội quy lao động là gì?,nhằm tránh phát sinh mâu thuẫn giữa người lao động và người sử dụng lao động
Nội quy lao động gồm những loại điều khoản nào?,Điều khoản tuyệt đối cần thiết phải có và Điều khoản cần thiết tương đối
Điều khoản cần thiết tương đối được áp dụng trong trường hợp nào?,khi quy định ra những nội quy tại nơi làm việc
Luật nào quy định về tiêu chuẩn lao động?,"Luật số 49 năm 1947, hay còn gọi là Luật lao động"
Những điều khoản nào là tuyệt đối cần thiết phải có trong hợp đồng lao động?,Điều khoản liên quan đến thời gian làm việc
Điều khoản liên quan đến thời gian làm việc bao gồm những nội dung gì?,"Thời gian bắt đầu và kết thúc làm việc, thời gian nghỉ giải lao, ngày nghỉ, nghỉ phép, và chuyển đổi giờ làm việc"
Điều khoản liên quan đến tiền lương bao gồm những nội dung gì?,"Xác định, phương pháp tính và chi trả lương, hạn chốt và thời điểm chi trả lương, cũng như các vấn đề liên quan đến tăng lương"
Điều khoản liên quan đến trợ cấp thôi việc quy định về gì?,Phạm vi người lao động được áp dụng
Trợ cấp thôi việc được tính và chi trả như thế nào?,"Phương pháp tính và chi trả, thời gian chi trả trợ cấp thôi việc"
Điều khoản nào liên quan đến lương tạm thời?,Điều khoản liên quan đến lương tạm thời (ngoại trừ trợ cấp thôi việc) và lương tối thiểu
Công ty có quy định gì về chi trả chi phí ăn uống và thiết bị lao động không?,"Có, công ty có điều khoản liên quan đến việc yêu cầu người lao động phải chi trả chi phí ăn uống và thiết bị lao động khác"
Công ty có quy định gì về an toàn và vệ sinh lao động không?,"Có, công ty có điều khoản liên quan đến an toàn và vệ sinh"
Công ty có quy định gì về trợ cấp đau ốm và thương tật ngoài công việc không?,"Có, công ty có điều khoản liên quan đến trợ cấp đau ốm và thương tật ngoài công việc và bồi thường tai nạn"
Nội quy lao động được áp dụng cho ai?,Tất cả người lao động trong nơi làm việc
Nội quy lao động phải tuân thủ những quy định nào?,Phải tuân thủ thỏa ước lao động tập thể và các quy định pháp luật
Ai có thẩm quyền ra lệnh thay đổi nội quy lao động?,Giám đốc văn phòng giám sát tiêu chuẩn lao động có thẩm quyền
Nội quy lao động được áp dụng cho những nơi làm việc nào?,Những nơi làm việc sử dụng trên 10 người lao động
Cần làm gì khi thay đổi nội quy lao động tại nơi làm việc sử dụng trên 10 người lao động?,Phải nộp cho giám đốc văn phòng giám sát tiêu chuẩn lao động có thẩm quyền
Một doanh nghiệp có nhiều cơ sở kinh doanh và cửa hàng thì tính tổng số người lao động như thế nào?,"phải coi mỗi cơ sở kinh doanh, cửa hàng là 1 nơi làm việc độc lập"
Điều kiện để một nơi làm việc phải có nội quy lao động?,sử dụng trên 10 người lao động
Doanh nghiệp nào cần lập nội quy lao động?,"Doanh nghiệp có nhiều nơi làm việc như cơ sở kinh doanh, cửa hàng, v.v."
Ai có thẩm quyền quản lý doanh nghiệp mẹ?,Giám đốc văn phòng giám sát tiêu chuẩn lao động
Khi nào cần nộp ý kiến cho giám đốc văn phòng giám sát tiêu chuẩn lao động?,Khi lập hoặc thay đổi nội quy lao động
Ai sẽ viết ý kiến nếu không có công đoàn lao động được tổ chức bởi quá bán số người lao động?,Người đại diện cho quá bán số người lao động
Bản ý kiến cần có những thông tin gì?,Bản ý kiến cần có in dấu tên hoặc chữ ký của người đó
Người đại diện quá bán số người lao động cần đáp ứng những điều kiện gì?,Người đại diện quá bán số người lao động cần đáp ứng 2 điều kiện: không phải là người có vị trí quản lý hay giám sát và phải là người đã được chọn bằng phương pháp bỏ phiếu hay giơ tay
Phương pháp chọn người đại diện quá bán số người lao động là gì?,Phương pháp chọn người đại diện quá bán số người lao động là bỏ phiếu hay giơ tay đã được xác định rõ ràng
Khi nào người lao động được lắng nghe?,Khi lập hoặc thay đổi nội quy lao động
Tại sao phải kiểm tra kỹ nội dung khi lập hoặc thay đổi nội quy lao động?,Phải tuân thủ theo đúng quy trình và kiểm tra kỹ nội dung đó
Thay đổi nội quy lao động không có lợi cho người lao động cần lưu ý gì?,Phải tuân thủ theo đúng quy trình
Làm thế nào để thông báo nội quy lao động cho người lao động?,Phải thông báo cho người lao động về nội quy lao động đã lập bằng các phương pháp như phân phát
Có thể nộp nội quy lao động bằng hình thức nào?,Có thể nộp nội quy lao động bằng hình thức đăng ký điện tử
Trước khi thay đổi nội quy lao động cần làm gì?,Cần phải lắng nghe đầy đủ ý kiến đại diện của người lao động và kiểm chứng cẩn thận xem nội dung và lý do thay đổi có phù hợp hay không
Nội quy lao động được thể hiện như thế nào để người lao động có thể xem?,"Nội quy lao động được thể hiện tới từng người lao động, treo hoặc đặt ở những vị trí dễ thấy trong nơi làm việc hoặc lưu lại thành dữ liệu điện tử để người lao động có thể xem bất cứ lúc nào."
Nội quy lao động có hiệu lực khi nào?,Nội quy lao động chưa có hiệu lực nếu chỉ được lập ra và lắng nghe ý kiến từ đại diện người lao động.
Nội quy lao động được thể hiện dưới dạng nào?,"Nội quy lao động được thể hiện dưới dạng văn bản hoặc dữ liệu điện tử để người lao động có thể xem bất cứ lúc nào trên màn hình máy tính, v.v."
"Nếu có quy định về ngày áp dụng nội quy lao động, khi nào nội quy lao động sẽ bắt đầu có hiệu lực?",Nội quy lao động sẽ bắt đầu có hiệu lực sau khi thông báo cho người lao động
"Nếu không có quy định về ngày áp dụng nội quy lao động, khi nào nội quy lao động sẽ bắt đầu có hiệu lực?",Nội quy lao động sẽ bắt đầu có hiệu lực vào ngày nội quy làm việc được thông báo cho người lao động
Bản mẫu nội quy lao động này được lập dựa trên những quy định nào?,các quy định của pháp luật và các quy định liên quan tại thời điểm được ghi trên bìa
Tính chất của Bản mẫu nội quy lao động này là gì?,chỉ mang tính chất tham khảo
Tôi cần nghiên cứu kỹ những nội dung nào?,"Tiền lương, thời gian làm việc tại từng nơi làm việc"
Tôi cần làm gì với những phần gạch chân từ sau trang 10?,Quy định rõ tên và số cụ thể phù hợp với thực trạng của từng địa điểm làm việc
Mục đích của việc quy định rõ tên và số cụ thể là gì?,Tuân thủ theo quy định của pháp luật
Bản mẫu nội quy này được lập ra để áp dụng cho đối tượng nào?,Bản mẫu nội quy này chủ yếu được lập ra để áp dụng cho người lao động chính thức.
Người lao động bán thời gian có phải tuân theo bản mẫu nội quy này không?,Phải xác nhận xem những điều khoản trong bản mẫu nội quy này có thể áp dụng cho người lao động bán thời gian hay không.
Nếu người lao động bán thời gian hoặc nhân viên hợp đồng có thời hạn không thể áp dụng bản mẫu nội quy này thì phải làm gì?,"Nếu cần thiết, vui lòng lập một bản nội quy lao động khác."
Khi nào cần lập một bản nội quy lao động khác?,Khi cần thay đổi các điều khoản liên quan đến người lao động
Ai cần được lắng nghe ý kiến khi thay đổi nội quy lao động?,Người được công nhận là đại diện cho quá bán số người lao động bán thời gian hoặc người lao động có hợp đồng lao động có thời hạn
Căn cứ pháp lý cho việc lắng nghe ý kiến của người lao động khi thay đổi nội quy lao động?,"Điều 7, Luật liên quan"
Đoạn văn bản đề cập đến luật nào?,Luật lao động bán thời gian/có thời hạn (Luật số 76 năm 1993)
Mục đích của việc cải thiện quản lý tuyển dụng?,Cải thiện quản lý tuyển dụng đối với người lao động ngắn hạn và người lao động có hợp đồng lao động có thời hạn
Chương 2 trong sổ tay nhân viên đề cập đến vấn đề gì?,"Tuyển dụng, thuyên chuyển, v.v..."
Nội quy lao động quy định những điều gì về thời gian làm việc?,"Thời gian làm việc, thời gian nghỉ giải lao"
Điều 19 của nội quy lao động quy định về vấn đề gì?,"Thời gian làm việc, thời gian nghỉ giải lao"
Phần thời gian nghỉ giữa ca làm việc trùng với thời gian làm việc quy định của ngày hôm sau sẽ được tính như thế nào?,Được tính là thời gian làm việc
Điều 23 trong sổ tay nhân viên quy định về vấn đề gì?,Nghỉ phép hưởng lương hằng năm
Điều 25 trong sổ tay nhân viên quy định về vấn đề gì?,Nghỉ trước và sau khi sinh
Điều 46 trong sổ tay nhân viên quy định về vấn đề gì?,Thời gian tính lương và ngày chi trả
Điều gì được quy định sau phần về tuổi nghỉ hưu?,Điều 52 (Thôi việc) và Điều 53 (Sa thải)
Chương 9 trong sổ tay nhân viên nói về vấn đề chuyển sang loại hợp đồng lao động nào?,Hợp đồng lao động vô thời hạn
Chương 10 trong sổ tay nhân viên đề cập đến vấn đề gì?,An toàn vệ sinh và Bồi thường tai nạn
Nội quy lao động quy định về những điều khoản nào?,Nội quy lao động quy định ra những điều khoản liên quan đến việc làm của người lao động của Công ty cổ phần.
Nội quy lao động được lập dựa trên cơ sở nào?,Nội quy lao động được lập dựa theo Điều 89 Luật tiêu chuẩn lao động (Luật lao động).
Phần nào của nội quy lao động quy định về phạm vi áp dụng và mục đích?,Phần nguyên tắc chung quy định về phạm vi áp dụng và mục đích của việc lập nội quy lao động.
Nội quy lao động được quy định dựa trên những cơ sở pháp lý nào?,Nội quy lao động được quy định dựa trên các quy định của Luật lao động và các văn bản pháp lý có liên quan.
Mục đích của Ví dụ nội quy lao động là gì?,Mục đích của Ví dụ nội quy lao động là quy định ra những điều khoản liên quan đến việc làm của người lao động.
Liệu tất cả các điều khoản liên quan đến việc làm của người lao động đều được quy định trong nội quy lao động?,"Không, không phải tất cả các điều khoản liên quan đến việc làm của người lao động đều được quy định trong nội quy lao động."
Nội quy lao động được dựa trên những quy định nào?,Nội quy lao động được dựa trên quy định pháp luật liên quan như Luật lao động.
Hợp đồng lao động không phù hợp với tiêu chuẩn nội quy lao động sẽ được xử lý như thế nào?,Những phần không hợp lệ sẽ phải tuân theo tiêu chuẩn được quy định trong nội quy lao động.
Cơ sở pháp lý cho việc xử lý hợp đồng lao động không hợp lệ?,Điều 12 Luật hợp đồng lao động
Phạm vi áp dụng của Nội quy này là gì?,Áp dụng cho người lao động của Công ty cổ phần ____
Có cần thiết phải lập ra nội quy lao động cho tất cả người lao động không?,Cần thiết phải lập ra nội quy lao động cho tất cả người lao động.
Nội quy lao động có phải hoàn toàn giống nhau cho tất cả người lao động không?,"Không, nội quy lao động không phải hoàn toàn giống nhau cho tất cả người lao động."
Người lao động bán thời gian và chính thức có hình thức làm việc giống nhau không?,"Không, người lao động bán thời gian có hình thức làm việc khác với người lao động chính thức."
Nội quy lao động cho người lao động bán thời gian được quy định như thế nào?,"Phải ghi rõ những điều đó vào nội quy lao động chính, lập ra quy định áp dụng cho người lao động bán thời gian và lập ra nội quy lao động riêng."
Nội quy lao động cho người lao động bán thời gian có cần tách biệt với nội quy lao động chính không?,"Có, những điều khoản liên quan đến việc làm của người lao động bán thời gian được quy định riêng, tách biệt với nội quy lao động chính."
Có cần lập quy định áp dụng cho người lao động bán thời gian không?,"Có, phải lập ra quy định áp dụng cho người lao động bán thời gian và lập ra nội quy lao động riêng."
Khi nào thì luật cấm phân biệt đối xử về chế độ đãi ngộ giữa lao động bán thời gian và lao động toàn thời gian có hiệu lực?,Kể từ tháng 4 năm 2020
Luật số 71 năm 2018 quy định về vấn đề gì?,Thúc đẩy cải cách phương thức làm việc
"Đối với người lao động bán thời gian và người lao động có hợp đồng có thời hạn tại doanh nghiệp nhỏ và vừa, khi nào thì luật cấm phân biệt đối xử về chế độ đãi ngộ có hiệu lực?",Kể từ tháng 4 năm 2021
Các luật nào quy định về lao động phái cử và lao động chính thức?,Các luật như Luật lao động bán thời gian/có thời hạn và Luật đảm bảo hoạt động đúng đắn của dịch vụ giới thiệu việc làm và bảo vệ người lao động phái cử (Luật số 88 năm 1985).
Các yếu tố nào được xét khi so sánh lao động phái cử và lao động chính thức?,"Nội dung công việc, phạm vi thay đổi nội dung công việc và phân công công việc."
Các chế độ đãi ngộ nào được áp dụng cho lao động phái cử và lao động chính thức?,"Tất cả các chế độ đãi ngộ như phúc lợi, nghỉ phép, v.v., không chỉ áp dụng cho tiền lương."
Người lao động bán thời gian và người lao động có hợp đồng lao động có thời hạn có được đối xử công bằng về tiền lương như người lao động chính thức không?,"Không, có sự khác biệt về việc xử lý tiền lương giữa người lao động bán thời gian, người lao động có hợp đồng lao động có thời hạn và người lao động chính thức."
Người sử dụng lao động có phải giải thích về sự khác biệt giữa người lao động bán thời gian và người lao động chính thức không?,"Có, người sử dụng lao động phải giải thích rõ ràng về những điểm khác biệt đó và lý do dẫn đến sự khác biệt khi người lao động bán thời gian hoặc người lao động có hợp đồng lao động có thời hạn yêu cầu."
Căn cứ pháp lý nào quy định về việc đối xử với người lao động bán thời gian và người lao động có hợp đồng lao động có thời hạn?,Khoản 2 Điều 14 Luật lao động bán thời gian và lao động có hợp đồng có thời hạn.
Người lao động có nghĩa vụ gì đối với nội quy lao động?,Người lao động phải tuân thủ nội quy này.
Cả những ai phải tuân thủ các nội quy lao động?,Cả người lao động và người sử dụng lao động phải tuân thủ các nội quy lao động.
Chương ２ của sổ tay nhân viên quy định về những vấn đề gì?,"Chương này quy định về những điều khoản liên quan đến quy trình tuyển dụng, thời gian thử việc, nêu rõ điều kiện lao động, thuyên chuyển nhân sự và nghỉ việc tạm thời."
Doanh nghiệp tuyển dụng nhân viên như thế nào?,Doanh nghiệp tổ chức thi tuyển những người có nguyện vọng vào doanh nghiệp và tuyển dụng những người thi đỗ.
Mục đích của quy trình tuyển dụng trong doanh nghiệp là gì?,Mục đích của quy trình tuyển dụng là để tuyển dụng những người thi đỗ vào doanh nghiệp.
Doanh nghiệp cần phải làm gì khi tuyển dụng lao động?,"Doanh nghiệp phải tạo cơ hội bình đẳng, không phân biệt nam nữ khi tuyển dụng lao động"
Những yêu cầu nào bị coi là nghiêm cấm khi tuyển dụng?,"Những yêu cầu về thể lực, chiều cao, cân nặng, đáp ứng được yêu cầu chuyển việc cùng với chuyển chỗ ở khi tuyển dụng bị coi là nghiêm cấm do phân biệt"
"Căn cứ pháp lý nào quy định về chế độ đãi ngộ, cơ hội bình đẳng nam nữ trong lĩnh vực tuyển dụng?","Luật số 113 năm 1972, gọi là “Luật bình đẳng”"
"Khi được tuyển dụng, nhân viên cần nộp những loại hồ sơ gì?","Chứng minh thư ghi địa chỉ thường trú, bản sao bằng lái xe ô tô, bản sao bằng cấp chứng chỉ và những loại giấy tờ khác công ty chỉ định"
Nhân viên có cần nộp bản sao bằng lái xe ô tô không?,Chỉ trong trường hợp có bằng lái xe ô tô
Công ty yêu cầu nhân viên nộp lại những loại giấy tờ nào khi có thay đổi?,Những loại giấy tờ khác công ty chỉ định
Khi nào thì người lao động phải nộp lại các điều khoản thay đổi?,Khi có thay đổi về nội dung đề cập trong hồ sơ đã nộp
Khi nào thì thời gian thử việc được tính?,Đối với người đã được tuyển dụng như người lao động mới
Tại sao người lao động cần được giải thích khi nộp hồ sơ?,Vì cần làm rõ và giải thích về mục đích nộp những hồ sơ đó cho người lao động
Thời gian thử việc là bao lâu?,13 tháng kể từ ngày tuyển dụng
Doanh nghiệp có thể rút ngắn thời gian thử việc không?,"Có, nếu doanh nghiệp đặc biệt phê duyệt"
Thời gian thử việc quá dài có thể gây ra vấn đề gì?,Gây bất ổn cho tình trạng việc làm của người lao động
Trợ cấp báo trước sa thải được quy định như thế nào?,Trợ cấp báo trước sa thải tương đương ít nhất 30 ngày lương trung bình
"Khi tuyển dụng, công ty cần cung cấp những thông tin gì cho người lao động?","Công ty phải nêu rõ điều kiện lao động, bao gồm tiền lương, nơi làm việc, công việc sẽ làm, thời gian làm việc, ngày nghỉ và những điều kiện lao động khác"
Người lao động sẽ nhận được những tài liệu gì khi được tuyển dụng?,Người lao động sẽ nhận được nội quy và bản thông báo điều kiện lao động
"Khi tuyển dụng lao động, cần phải nêu rõ những điều kiện lao động nào?","Tiền lương, thời gian làm việc và những điều kiện lao động khác"
Nhà tuyển dụng phải gửi những thông tin gì dưới dạng văn bản cho người lao động?,Từ mục (1) đến mục (6) khi nêu điều kiện lao động (loại trừ điều khoản liên quan đến tăng lương)
Căn cứ pháp lý nào quy định về việc nêu điều kiện lao động cho người lao động?,"Điều 15 Luật lao động, Điều 5 Quy tắc thi hành Luật lao động"
Hợp đồng lao động có những điều khoản nào?,"Hợp đồng lao động có các điều khoản liên quan đến thời gian của hợp đồng lao động, tiêu chuẩn trong trường hợp gia hạn hợp đồng lao động có thời hạn, công việc đảm nhận và nơi làm việc, thời gian bắt đầu và kết thúc làm việc."
Điều khoản nào chỉ áp dụng trong trường hợp gia hạn hợp đồng có thời hạn?,Điều khoản liên quan đến tiêu chuẩn trong trường hợp gia hạn hợp đồng lao động có thời hạn chỉ áp dụng trong trường hợp gia hạn hợp đồng có thời hạn.
Những thông tin nào liên quan đến thời gian làm việc được quy định trong hợp đồng lao động?,"Những thông tin liên quan đến thời gian làm việc được quy định trong hợp đồng lao động bao gồm thời gian bắt đầu và kết thúc làm việc, có lao động vượt quá thời gian làm việc quy định hay không, thời gian nghỉ giải lao, ngày nghỉ, nghỉ phép."
Có quy định nào về việc thay đổi thời gian làm việc không?,Có quy định về việc thay đổi thời gian làm việc trong trường hợp làm việc theo ca
"Điều khoản nào liên quan đến việc xác định, phương pháp tính và trả lương?","Điều khoản liên quan đến việc xác định, phương pháp tính và trả lương không bao gồm"
Người lao động có thể yêu cầu thông báo về điều kiện lao động bằng phương thức nào?,Người lao động có thể yêu cầu thông báo về điều kiện lao động bằng phương thức gửi bằng máy fax hoặc phương thức gửi thông tin qua phương tiện truyền thông điện tử.
Phương thức gửi thông tin qua phương tiện truyền thông điện tử được sử dụng để làm gì?,Phương thức gửi thông tin qua phương tiện truyền thông điện tử được sử dụng nhằm xác định và truyền đạt đến người nhận thư điện tử hoặc các đối tượng nhận của hình thức tương tự khác.
Phương tiện truyền thông điện tử có thể truyền đạt những loại thông tin nào?,"Phương tiện truyền thông điện tử có thể truyền đạt mã, âm thanh, hình ảnh bằng các phương pháp điện từ như có dây, không dây."
Thư điện tử bao gồm những hình thức nào?,"Thư điện tử bao gồm Email, các dịch vụ email web như Yahoo! Mail, Gmail, v.v."
Các dịch vụ nào được coi là thư điện tử?,Các dịch vụ như RCS (Rich Communication Services) của +Message và SMS (Short Message Service) cũng được coi là thư điện tử.
Điều kiện để chấp nhận các hình thức thư điện tử là gì?,Chỉ chấp nhận các hình thức khi người lao động có thể tạo bản sao tài liệu bằng cách trích xuất bản ghi của thư điện tử hoặc các hình thức điện tử tương tự.
Chức năng nhắn tin trên những nền tảng nào được đề cập trong đoạn văn?,Chức năng nhắn tin trên SNS như LINE và Facebook
"Tại sao đăng bài viết trên blog hoặc trang web không thuộc phạm vi ""phương tiện truyền thông điện tử được sử dụng nhằm xác định và truyền đạt đến người nhận""?",Vì thông tin nhập bởi một cá nhân được truyền qua phương tiện truyền thông điện tử cho phép bên thứ ba xem và có thể trả lời lại cá nhân đó
"Khi tuyển dụng người lao động bán thời gian, cần làm rõ những chế độ gì?","các chế độ như tiền thưởng, trợ cấp thôi việc và tăng lương"
Tại sao cần làm rõ các điều kiện lao động bằng văn bản cho ứng viên?,vì trong trường hợp hợp đồng lao động được coi là đã được ký kết thông qua quyết định tuyển dụng
Căn cứ pháp lý nào quy định việc làm rõ chế độ cho người lao động bán thời gian?,Khoản 1 Điều 6 Luật lao động bán thời gian/có thời hạn
Công ty có thể yêu cầu thuyên chuyển nghiệp vụ và nơi làm việc của người lao động trong trường hợp nào?,Trong trường hợp cần thiết thay đổi về mặt nghiệp vụ
Người lao động có thể từ chối thuyên chuyển công tác không?,"Không, trừ khi các khoản như tiền trợ cấp thôi việc và tiền lương được chi trả tạm thời"
Công ty có thể cử người lao động sang công ty liên quan không?,"Có, trong trường hợp cần thiết thay đổi về mặt nghiệp vụ"
Những vấn đề gì liên quan đến lương được đề cập?,các vấn đề liên quan đến tăng lương và thời điểm chi trả
Điều khoản liên quan đến thôi việc bao gồm những nội dung gì?,bao gồm cả lý do sa thải
Công ty có thể thay đổi nghiệp vụ công việc hay nơi làm việc sau khi tuyển dụng người lao động không?,"Có, công ty có thể thay đổi nghiệp vụ công việc hay nơi làm việc sau khi tuyển dụng người lao động."
Tại sao việc ghi rõ nội quy lao động lại quan trọng?,Việc ghi rõ nội quy lao động là quan trọng vì nó giúp tránh phát sinh tranh chấp khi yêu cầu thay đổi nơi làm việc không phù hợp với mong muốn của người lao động.
Có cần thỏa thuận đặc biệt nào về việc không thay đổi công việc hay không?,"Có, nếu không có thỏa thuận đặc biệt nào về việc không thay đổi, công ty có thể thay đổi nghiệp vụ công việc hay nơi làm việc sau khi tuyển dụng người lao động."
"Khi thay đổi nơi làm việc của người lao động, người sử dụng lao động cần xem xét đến yếu tố nào?",Hoàn cảnh chăm con và chăm sóc người thân của họ
Người lao động có quyền gì khi phải chăm con và chăm sóc người thân?,Được nghỉ chăm con và nghỉ chăm sóc người thân
Luật nào quy định về phúc lợi của người lao động phải chăm con và chăm sóc người thân?,"Luật số 76 năm 1991, gọi là “Luật nghỉ chăm con và chăm sóc người thân”"
Khi nào người lao động phải nghỉ việc tạm thời?,"Khi không thể đi làm do bị bệnh tật thương tích bên ngoài công việc phải nghỉ làm quá tháng, và cần tiếp tục điều trị"
Khi nào người lao động sẽ phải quay lại làm việc?,Khi lý do nghỉ việc tạm thời không còn trong thời gian nghỉ việc tạm thời
Người lao động có thể làm việc khác khi quay lại công ty không?,"Có, nếu việc quay trở lại với công việc ban đầu gặp khó khăn hay không phù hợp"
Người lao động có bắt buộc phải quay lại công việc ban đầu không?,"Không, có thể làm sang công việc khác nếu việc quay trở lại công việc ban đầu gặp khó khăn hay không phù hợp"
Người lao động có thể nghỉ việc tạm thời trong trường hợp nào?,Người lao động được miễn nghĩa vụ phải làm việc trong một khoảng thời gian nhất định nhưng vẫn được coi như người lao động bình thường do những lý do đặc biệt.
Thời gian thôi việc tạm thời có ý nghĩa gì?,Thời gian thôi việc tạm thời là khoảng thời gian người lao động được miễn nghĩa vụ phải làm việc nhưng vẫn được coi như người lao động bình thường.
Người lao động sẽ làm gì nếu chưa điều trị khỏi bệnh sau khi hết thời gian thôi việc tạm thời?,"Người lao động sẽ thôi việc sau khi hết thời gian thôi việc tạm thời nếu vẫn chưa điều trị khỏi bệnh, gặp khó khăn trong công việc."
Người lao động không thể làm việc được trong một thời gian dài do đâu?,"Do cá nhân của người lao động mà chủ yếu là bệnh tật, v.v."
Lý do đặc biệt trong Mục 2 Khoản 1 điều này bao gồm những trường hợp nào?,"Các trường hợp như bệnh tật, v.v."
Người lao động có thể bị hủy bỏ nghỉ việc tạm thời trong trường hợp nào?,Khi lý do nghỉ việc tạm thời không còn nữa
Liệu Luật lao động có quy định về định nghĩa nghỉ việc tạm thời hay không?,Không có quy định về định nghĩa nghỉ việc tạm thời
Người lao động cần phải làm gì với công việc của mình?,"Người lao động phải nhận thức được trách nhiệm của mình với công việc, tiến hành công việc một cách trung thực, cũng như phải tuân theo mệnh lệnh và chỉ thị của công ty, đồng thời nỗ lực nâng cao hiệu quả công việc và duy trì trật tự nơi làm việc."
Người lao động cần tuân thủ những gì?,Người lao động phải tuân thủ các điều khoản dưới đây
Mục đích của việc tuân thủ các điều khoản là gì?,Để duy trì trật tự nơi làm việc và nâng cao hiệu quả công việc
Tôi có được phép sử dụng cơ sở vật chất của doanh nghiệp vào mục đích ngoài công việc không?,"Không, trừ khi có sự cho phép."
Luật nào cấm lạm dụng chức quyền ở nơi làm việc?,"Luật Thúc đẩy Chính sách Lao động tổng hợp, ổn định việc làm và cải thiện đời sống nghề nghiệp của người lao động (Luật số 132 năm 1966)"
Mục đích của việc cấm quấy rối tình dục là gì?,"Để không làm tổn hại đến môi trường làm việc và tạo ra cảm giác khó chịu, không thoải mái cho người lao động khác"
Chủ doanh nghiệp cần làm gì để ngăn chặn quấy rối tình dục tại nơi làm việc?,Chủ doanh nghiệp phải xem xét thực hiện những biện pháp cần thiết về mặt quản lý tuyển dụng
Những vấn đề nào bị nghiêm cấm quấy rối?,"Nghiêm cấm quấy rối đối với các vấn đề liên quan đến mang thai, sinh sản, nghỉ chăm con và nghỉ chăm sóc người thân, v.v."
Điều gì bị cấm làm tại nơi làm việc?,Không được làm tổn hại đến môi trường làm việc bằng những hành vi lời nói liên quan
"Tại sao cần nghiêm cấm quấy rối đối với các vấn đề liên quan đến mang thai, sinh sản?","Để ngăn chặn hành vi quấy rối đối với các vấn đề liên quan đến mang thai, sinh sản, nghỉ chăm con và nghỉ chăm sóc người thân tại nơi làm việc"
Chủ doanh nghiệp cần làm gì để ngăn chặn hành vi quấy rối?,Phải xem xét thực hiện các biện pháp cần thiết
Mục đích của việc nghiêm cấm quấy rối là gì?,"Để ngăn chặn hành vi quấy rối đối với các vấn đề liên quan đến mang thai, sinh sản, nghỉ chăm con và nghỉ chăm sóc người thân tại nơi làm việc"
Những biện pháp nào cần được thực hiện về mặt quản lý tuyển dụng?,Những biện pháp cần thiết về mặt quản lý tuyển dụng
Điều gì bị nghiêm cấm tại nơi làm việc?,Các hành vi quấy rối dưới bất kỳ hình thức nào
Những hành vi quấy rối nào bị cấm?,"Những hành vi liên quan đến xu hướng tình dục và bản dạng giới, gây ảnh hưởng xấu đến môi trường làm việc của người lao động khác"
Điều １５ nói về vấn đề gì?,Nghiêm cấm các hành vi quấy rối khác
Xu hướng tình dục đề cập đến gì?,giới tính một người cảm thấy hấp dẫn về mặt tình cảm hoặc tình dục
Sự khác biệt giữa xu hướng tình dục và bản dạng giới là gì?,"Xu hướng tình dục và bản dạng giới là hai khái niệm khác nhau, trong đó bản dạng giới là cách mỗi người nhận thức về giới tính của chính mình."
Tại sao việc nâng cao hiểu biết về xu hướng tình dục và bản dạng giới lại quan trọng?,Việc nâng cao hiểu biết về xu hướng tình dục và bản dạng giới là rất quan trọng để ngăn chặn các hành vi phân biệt đối xử và quấy rối.
Người lao động cần chú trọng vào việc quản lý thông tin nào?,Người lao động phải đặc biệt chú trọng vào việc quản lý thông tin liên quan đến công ty và các đối tác.
Người lao động cần làm gì khi thôi việc hoặc thay đổi công việc?,"Phải nhanh chóng trả lại dữ liệu, hồ sơ thông tin, tài liệu liên quan đến công ty và đối tác bản thân người đó đang quản lý."
Người sử dụng lao động có nghĩa vụ gì liên quan đến bảo vệ thông tin cá nhân?,Đưa ra chính sách quản lý thông tin cá nhân phù hợp
Người lao động cần làm gì để lưu lại thời gian bắt đầu và kết thúc công việc?,Người lao động phải tự mình quẹt thẻ khi bắt đầu và kết thúc công việc để lưu lại thời gian bắt đầu và kết thúc công việc.
Mục đích của việc quẹt thẻ là gì?,Mục đích của việc quẹt thẻ là để lưu lại thời gian bắt đầu và kết thúc công việc.
Ai có trách nhiệm lập biện pháp quản lý thời gian làm việc?,Người sử dụng lao động nên lập ra các biện pháp để nắm quản lý thời gian làm việc.
Khi nào hướng dẫn về việc bắt thời gian làm việc chính xác được ban hành?,ngày 20 tháng 1 năm 2017
Mục đích của việc tuân thủ hướng dẫn về quản lý thời gian là gì?,"để tiến hành quản lý thời gian phù hợp, nắm bắt được thời gian làm việc một cách chính xác"
Người sử dụng lao động cần nắm được thông tin gì về người lao động?,Tình hình thời gian làm việc của người lao động
Người sử dụng lao động có thể sử dụng phương pháp nào để ghi chép thời gian làm việc?,"Ghi chép bằng thẻ chấm công, ghi chép thời gian sử dụng các thiết bị điện tử như máy tính"
Tại sao người sử dụng lao động cần quản lý thời gian làm việc?,"Vì trong khuôn khổ Luật lao động, có các quy định liên quan đến thời gian làm việc, ngày nghỉ, làm việc vào ban đêm, v.v."
Người sử dụng lao động có nghĩa vụ gì?,"Phải quản lý thời gian làm việc một cách hợp lý, bao gồm việc nắm bắt chính xác thời gian làm việc."
Mục đích của việc quản lý thời gian làm việc là gì?,Để nắm bắt một cách chính xác thời gian làm việc trong khuôn khổ Luật lao động.
Thời gian làm việc được định nghĩa như thế nào?,"Thời gian làm việc là khoảng thời gian người lao động làm việc dưới sự chỉ huy, điều khiển của người sử dụng lao động"
Những khoảng thời gian nào sẽ được tính là thời gian làm việc?,Thời gian người lao động tham gia vào công việc theo chỉ thị trực tiếp hoặc gián tiếp của người sử dụng lao động
Ví dụ về các khoảng thời gian được tính là thời gian làm việc được nêu ở đâu?,Các trường hợp từ a đến c
Thời gian thực hiện công việc chuẩn bị cần thiết cho nhiệm vụ được giao có được tính vào thời gian làm việc không?,"Có, thời gian này được tính vào thời gian làm việc."
Thời gian chờ có phải là thời gian làm việc không?,"Có, thời gian chờ cũng được tính vào thời gian làm việc."
Ai quyết định thời gian chờ và công việc chuẩn bị cần thiết cho nhiệm vụ được giao?,Người sử dụng lao động quyết định thời gian chờ và công việc chuẩn bị cần thiết cho nhiệm vụ được giao.
Người sử dụng lao động cần làm gì để quản lý chính xác thời gian làm việc?,"Phải kiểm tra thời gian bắt đầu, kết thúc làm việc của mỗi ngày làm việc và lưu lại thời gian đó"
"Thời gian tham gia các khóa đào tạo, huấn luyện bắt buộc cho công việc được tính như thế nào?",Được tính vào thời gian làm việc
"Mục đích của việc kiểm tra và lưu lại thời gian bắt đầu, kết thúc làm việc là gì?",Để quản lý được chính xác thời gian làm việc
Người sử dụng lao động phải làm gì khi tiến hành theo hình thức tự khai báo?,Phải xem xét thực hiện những biện pháp cần thiết
Đối tượng nào phải tự khai báo?,Những người lao động thuộc diện tự khai báo
Tại sao cần phải tiến hành điều tra tình trạng thực tế về thời gian làm việc?,Để xác minh thời gian làm việc có khớp với thời gian làm việc thực tế hay không
Khi nào cần điều chỉnh thời gian làm việc?,Khi thời gian làm việc xác minh qua hình thức tự khai báo không khớp với thời gian làm việc thực tế
Dữ liệu nào được sử dụng để so sánh với thời gian làm việc tự khai báo?,Hồ sơ ra vào hoặc ghi chép thời gian sử dụng máy tính
Tại sao cần tiến hành điều tra tình trạng thực tế?,Để điều chỉnh thời gian làm việc cho phù hợp
Cần làm gì khi yêu cầu người lao động báo cáo lý do ở lại nơi làm việc quá thời gian?,Xác minh tính chính xác của báo cáo đó
"Báo cáo về thời gian nghỉ giải lao, tham gia các khóa đào tạo tự nguyện, huấn luyện được coi là gì?",Không phải là thời gian làm việc
Thời gian làm việc được xác định như thế nào?,"Thời gian làm việc sẽ được coi là thời gian người lao động chịu sự chỉ huy, điều khiển của người sử dụng lao động, chẳng hạn như làm việc theo chỉ đạo của người sử dụng lao động."
Hình thức tự khai báo được xây dựng trên cơ sở nào?,Hình thức tự khai báo được xây dựng trên cơ sở giả định rằng người lao động sẽ khai báo chính xác.
Người sử dụng lao động nên làm gì để đảm bảo tính chính xác của báo cáo thời gian làm việc?,Người sử dụng lao động không nên xem xét thực hiện biện pháp cản trở người lao động khai báo chính xác về thời gian làm việc.
Mục đích của việc xác nhận thông báo nội bộ và biện pháp xử trí tại nơi làm việc là gì?,Để cắt giảm thời gian lao động làm thêm ngoài giờ
Tại sao việc tuân thủ thời gian làm việc lại quan trọng?,Việc tuân thủ thời gian làm việc theo quy định của Luật lao động là điều tất yếu
Làm thế nào để kiểm tra việc tuân thủ thời gian làm việc?,Cần kiểm tra xem liệu có tình trạng thực tế làm thêm giờ vượt quá số giờ cho phép nhưng lại ghi nhận là đã tuân thủ quy định hay không
Thỏa thuận lao động nào liên quan đến việc làm thêm giờ?,Thỏa thuận lao động hay còn gọi là Thỏa thuận 36
Người sử dụng lao động cần ghi chép những thông tin gì?,"Số ngày làm việc, số giờ làm việc, số giờ làm việc vào ngày nghỉ, số giờ làm thêm ngoài giờ và số giờ làm việc vào ban đêm cho từng người lao động."
Ai có trách nhiệm lập bảng lương chính xác?,Người sử dụng lao động
Căn cứ pháp lý nào quy định việc lập bảng lương?,Điều 108 của Luật lao động và Điều 54 của Quy tắc thi hành Luật lao động
Người sử dụng lao động có thể bị phạt bao nhiêu tiền nếu không ghi các điều khoản vào bảng lương?,"Người sử dụng lao động có thể bị phạt tiền lên đến 300,000 yên."
Người sử dụng lao động cần lưu trữ những loại tài liệu nào?,"Người sử dụng lao động phải lưu trữ danh sách người lao động, bảng lương và các tài liệu liên quan đến ghi chép thời gian làm việc."
Điều luật nào quy định về việc phạt người sử dụng lao động nếu không ghi đúng số giờ làm việc vào bảng lương?,Điều 120 của Luật này quy định về việc phạt người sử dụng lao động nếu không ghi đúng số giờ làm việc vào bảng lương.
"Người lao động cần làm gì khi đi muộn, về sớm, nghỉ làm hay ra khỏi nơi làm việc vì lý do cá nhân?",Phải xin phép trước và phải nhận được sự phê duyệt.
"Trường hợp nào không cần xin phép trước khi đi muộn, về sớm, nghỉ làm hay ra khỏi nơi làm việc?",Trường hợp không thể xin phép trước vì lý do bất khả kháng
"Người lao động cần làm gì sau khi đi muộn, về sớm, nghỉ làm hay ra khỏi nơi làm việc vì lý do bất khả kháng?",Phải nhanh chóng xin phép phê duyệt
Trường hợp nào sẽ khấu trừ lương?,"Trường hợp đã quy định ở khoản trước, về nguyên tắc sẽ khấu trừ lương đối với khoảng thời gian không lao động theo quy định tại Điều ４５."
Người lao động cần làm gì khi nghỉ liên tiếp ngày do đau ốm?,Phải nộp giấy chẩn đoán bệnh của bác sĩ.
Điều １８ quy định về vấn đề gì?,"Đi muộn, về sớm, nghỉ đột xuất, v.v."
"Thời gian làm việc, thời gian nghỉ giải lao và ngày nghỉ có quan trọng trong nội quy lao động không?","Có, đó là những điều khoản tuyệt đối cần thiết"
Loại cơ sở kinh doanh nào được đề cập đến trong đoạn văn?,Cơ sở kinh doanh có dưới 10 người lao động
Những ngành nghề nào được phép làm việc 44 giờ một tuần?,"Ngành điện ảnh và sân khấu, ngành y tế và chăm sóc sức khỏe, ngành dịch vụ tiếp khách và giải trí, ngoại trừ ngành thương mại và ngành chế tác phim"
Có những ngành nghề nào không được phép làm việc 44 giờ một tuần?,Ngành thương mại và ngành chế tác phim
"Để đảm bảo điều kiện lao động thỏa mãn quy định của Luật lao động, có những phương pháp nào?","Có những phương pháp như: áp dụng chế độ nghỉ 2 ngày 1 tuần, áp dụng chế độ nghỉ 1 ngày 1 tuần và rút ngắn thời gian làm việc quy định trong 1 ngày, áp dụng chế độ thời gian làm việc thay đổi."
Mục đích của việc tham khảo những ví dụ nội quy lao động là gì?,Mục đích là để soạn thảo nội quy lao động phù hợp với thực trạng nơi làm việc.
Tại sao cần phải áp dụng các phương pháp để đảm bảo điều kiện lao động?,Để đảm bảo điều kiện lao động thỏa mãn quy định của Luật lao động từ khoản 2 đến 4 nêu trên.
Thời gian làm việc giờ hành chính có thể thay đổi không?,"Có, thời gian này có thể tăng hoặc giảm tùy vào tình hình công việc và những trường hợp bất khả kháng khác."
Trước bao lâu thì phải thông báo cho người lao động về sự thay đổi thời gian làm việc?,Ít nhất trước 1 ngày
Thời gian bắt đầu và kết thúc làm việc được quy định như thế nào?,"Thời gian bắt đầu và kết thúc làm việc được quy định bắt đầu vào sáng và kết thúc vào chiều, với thời gian nghỉ giải lao cụ thể."
Ca 1 (Ca ngày) có thời gian nghỉ giải lao không?,"Có, Ca 1 (Ca ngày) có thời gian nghỉ giải lao từ một giờ nhất định đến một giờ nhất định."
Ca 2 (Ca đêm sớm) có thời gian bắt đầu làm việc vào lúc nào?,"Thời gian bắt đầu làm việc của Ca 2 (Ca đêm sớm) được quy định bắt đầu vào sáng, nhưng thời gian cụ thể không được đề cập rõ ràng trong đoạn văn bản này."
Khi nào thì người lao động sẽ được thông báo về công việc của mình theo ca?,Trước ngày 1 của tháng trước
Thời gian nào thì người lao động sẽ biết được lịch trình làm việc của mình?,Trước ngày 1 của tháng trước
"Khi làm việc theo ca, ca làm việc sẽ được thay đổi như thế nào?",Ca làm việc sẽ được thay đổi mỗi ngày.
Khi nào thì việc thay đổi hình thức làm việc từ làm việc giờ hành chính sang làm việc theo ca hoặc ngược lại được tiến hành?,Sau khi hết ca làm hoặc vào ngày nghỉ.
Trước bao lâu thì người lao động phải được thông báo về việc thay đổi hình thức làm việc?,Trước ngày 1 của tháng
Thời gian bắt đầu và kết thúc làm việc được quy định ở đâu?,Trong nội quy lao động
Có cần quy định thời gian nghỉ giải lao không?,"Có, phải được quy định trong nội quy lao động"
Làm việc theo ca cần quy định những thông tin gì?,"Thời gian bắt đầu, kết thúc làm việc và thời gian nghỉ giải lao theo từng hình thức làm việc, cũng như quy định rõ về việc thay đổi ca làm"
Nội quy lao động quy định như thế nào về thời gian nghỉ giải lao?,"Về nguyên tắc, thời gian nghỉ giải lao phải áp dụng đồng loạt cho tất cả người lao động tại nơi làm việc."
Có thể áp dụng thời gian nghỉ giải lao khác nhau cho từng người lao động không?,"Có, trong trường hợp khó triển khai đồng loạt, có thể đưa ra thời gian nghỉ giải lao luân phiên bằng cách kí kết thỏa thuận bằng văn bản với đại diện người lao động."
Làm thế nào để áp dụng thời gian nghỉ giải lao luân phiên?,Áp dụng thời gian nghỉ giải lao luân phiên bằng cách kí kết thỏa thuận bằng văn bản với đại diện người lao động.
Trong trường hợp nào thì người lao động không được nghỉ đồng loạt?,Trong trường hợp người lao động thuộc phạm vi những người lao động không được nghỉ đồng loạt theo quy định trong Thỏa thuận lao động.
Phải quy định những gì trong Thỏa thuận lao động đối với người lao động không được nghỉ đồng loạt?,Phải quy định phạm vi những người lao động không được nghỉ đồng loạt và cách bố trí thời gian nghỉ giải lao cho những người lao động này.
Những ngành nào được đề cập trong Quy tắc thi hành Luật lao động?,Ngành giao thông vận tải và ngành thương mại.
Những ngành nào không bắt buộc phải đưa ra thời gian nghỉ giải lao đồng loạt?,"Ngành tài chính và quảng cáo, ngành điện ảnh và sân khấu, ngành truyền thông, ngành y tế và chăm sóc sức khỏe, ngành dịch vụ tiếp khách và giải trí và các ngành liên quan đến cơ quan hành chính công"
Thời gian nghỉ giải lao có phải là thời gian làm việc không?,"Không, thời gian nghỉ giải lao không phải là thời gian làm việc."
Người lao động có được tự do sử dụng thời gian nghỉ giải lao không?,"Có, người lao động phải được tự do sử dụng thời gian nghỉ giải lao."
Công ty có những loại ngày nghỉ nào?,"Ngày quốc lễ, ngày nghỉ cuối năm và đầu năm mới, ngày nghỉ hè, ngày nghỉ khác do công ty quy định"
Ngày nghỉ của người lao động được tính như thế nào?,Ngày nghỉ phải được đưa ra theo ngày dương lịch (tức 24 giờ liên tục từ 0 giờ sáng đến 12 giờ đêm).
Có trường hợp nào ngày nghỉ không cần theo ngày dương lịch không?,"Có, trường hợp áp dụng chế độ làm việc theo ca dựa trên luân phiên phân chia nhân sự vào các ca kíp, nếu đáp ứng các yêu cầu dưới đây, chỉ cần chọn ngày nghỉ là 24 giờ liên tục."
Ví dụ về chế độ làm việc theo ca là gì?,"Làm việc theo 3 ca, mỗi ca 8 tiếng."
Chế độ làm việc theo ca được quy định như thế nào?,Chế độ làm việc theo ca dựa trên luân phiên phân chia nhân sự vào các ca kíp được quy định trong nội quy lao động.
Làm thế nào để quy định việc luân phiên làm việc theo ca?,Việc luân phiên làm việc theo ca phải được quy định thành nội quy thay vì thiết lập từng lần ở bảng phân chia công việc.
Ngày nghỉ hoán đổi được định nghĩa như thế nào?,Ngày nghỉ hoán đổi là việc có thể thay đổi ngày nghỉ quy định.
"Nếu phải làm việc vào chủ nhật, ngày nghỉ quy định sẽ được định lại như thế nào?","Ngày nghỉ quy định sẽ được đổi thành ngày làm việc khác, chẳng hạn như thứ 2."
Nghỉ bù là chế độ gì?,Nghỉ bù là chế độ trong đó người lao động được miễn nghĩa vụ làm việc vào ngày làm việc xác định tiếp theo hoặc bất kỳ ngày làm việc nào theo nguyện vọng của người lao động
Ai quyết định ngày nghỉ bù?,Người lao động quyết định ngày nghỉ bù theo nguyện vọng của mình
Ngày nghỉ hoán đổi là gì?,Ngày nghỉ hoán đổi là việc ngày nghỉ theo quy định của pháp luật đã được xác định từ trước được thay sang ngày khác
Có cần phải làm việc vào ngày nghỉ trước khi thay thế để được nghỉ hoán đổi không?,Dù làm việc vào ngày nghỉ trước khi thay thế thì công ty vẫn phải cho nghỉ hoán đổi
Căn cứ nào để phân biệt ngày nghỉ hoán đổi và nghỉ bù?,Sự khác biệt giữa ngày nghỉ hoán đổi và nghỉ bù dựa trên Luật tiêu chuẩn lao động
Trường hợp nào cần phải chi trả tiền lương làm thêm?,Trường hợp ngày nghỉ đã thay thế kéo dài một tuần và thời gian làm việc thực tế trong tuần đó vượt quá thời gian làm việc trong tuần theo quy định của pháp luật
Nghỉ bù là trường hợp nào?,Người lao động phải làm việc vào ngày nghỉ đã được xác định
Tại sao cần phải chi trả tiền lương làm thêm cho người lao động?,Vì người đó đã bị bắt làm việc vào ngày nghỉ.
Điều kiện cần thiết để đổi ngày nghỉ là gì?,Phải đặt ra quy định về ngày nghỉ hoán đổi trong nội quy lao động.
Mục đích của việc chọn ngày nghỉ hoán đổi gần nhau là gì?,Để đảm bảo có 4 ngày nghỉ
Chế độ thời gian làm việc thay đổi theo tháng là gì?,2 ngày nghỉ cách tuần
Thời gian nghỉ giải lao được quy định như thế nào?,Thời gian nghỉ giải lao từ giờ phút đến giờ phút
Những ngày nào được coi là ngày nghỉ?,Chủ nhật và ngày thứ 7 thứ 2 cách 2 tuần bắt đầu từ ngày tháng năm
"Khi thời gian làm việc thay đổi do tình hình công việc, cần thông báo trước bao lâu?",Phải thông báo trước ngày
Công ty quy định những ngày nghỉ nào?,"Ngày quốc lễ, ngày nghỉ cuối năm và đầu năm mới, ngày nghỉ hè, ngày nghỉ khác do công ty quy định"
Công ty có thể thay đổi ngày nghỉ đã quy định không?,"Có, nếu công ty thấy cần thiết do tình hình công việc"
Thỏa thuận lao động cần phải nộp cho ai?,giám đốc văn phòng giám sát tiêu chuẩn lao động có thẩm quyền
Thông tin về phương thức lựa chọn đại diện người lao động trong Thỏa thuận lao động được quy định ở đâu?,phần giải thích trong Điều ２１ của ví dụ nội quy lao động này
Thời gian làm việc có thể thay đổi như thế nào?,Thời gian làm việc có thể thay đổi theo ngày tùy theo tình hình công việc
Những thông tin nào cần được quy định rõ trong nội quy lao động khi áp dụng chế độ thời gian làm việc thay đổi theo tháng?,"Ngày bắt đầu của thời gian thay đổi, thời gian bắt đầu, kết thúc làm việc mỗi ngày, thời gian làm việc mỗi ngày và mỗi tuần trong thời gian thay đổi"
Nếu tuần có ngày quốc lễ thì ngày chủ nhật có phải là ngày nghỉ không?,"Không, vẫn được coi là ngày đi làm"
Chế độ nghỉ của nhân viên sẽ như thế nào nếu tuần có ngày quốc lễ?,Vẫn đảm bảo chế độ nghỉ 2 ngày 1 tuần
Thời gian làm việc trung bình mỗi tuần được quy định như thế nào?,Thời gian làm việc trung bình mỗi tuần không được vượt quá thời gian làm việc theo quy định của pháp luật trong một tuần (40 giờ).
Phải quy định những gì trong nội quy lao động?,"Phải quy định cụ thể thời gian làm việc mỗi ngày, mỗi tuần theo quy định của pháp luật trong nội quy lao động."
Khoảng thời gian thay đổi thời gian làm việc là bao lâu?,Khoảng thời gian thay đổi thời gian làm việc không quá 1 tháng (thời gian thay đổi).
Thời gian làm việc quy định trong thời gian thay đổi được tính theo công thức nào?,Công thức tính tổng khung thời gian làm việc quy định trong trường hợp thời gian thay đổi không được nêu rõ trong đoạn văn bản.
Yếu tố nào được sử dụng để tính tổng khung thời gian làm việc quy định trong trường hợp thời gian thay đổi?,Số ngày dương lịch của thời gian thay đổi
Thời gian làm việc quy định trong một tuần theo chế độ nghỉ 2 ngày 1 tuần được quy định như thế nào?,Thời gian làm việc quy định trong một tuần theo chế độ nghỉ 2 ngày 1 tuần sẽ được quy định theo từng hình thức của chế độ nghỉ này.
Các hình thức của chế độ nghỉ 2 ngày 1 tuần là gì?,"Các hình thức của chế độ nghỉ 2 ngày 1 tuần bao gồm nghỉ vào Chủ nhật và Thứ 7 thứ hai, thứ ba, thứ tư trong tháng."
Số ngày trong một tháng có thể là bao nhiêu?,"Số ngày trong một tháng có thể là 28, 30 hoặc 31 ngày."
Số ngày làm việc trong tháng có thể là bao nhiêu?,"20, 21, 22, 23, 24 hoặc 25 ngày"
Số giờ làm việc trong 1 ngày có thể là bao nhiêu?,"7:45, 7:50 hoặc 8:00"
Thời gian bắt đầu làm việc vào ngày 7:30 là bao nhiêu?,Không có thông tin cụ thể
Điều gì xảy ra khi thời gian làm việc trung bình trong 1 tuần vượt quá 40 giờ?,Không có thông tin cụ thể
Điều kiện để áp dụng chế độ thời gian làm việc thay đổi theo năm?,Đã ký kết Thỏa thuận lao động liên quan đến chế độ thời gian làm việc thay đổi theo năm với đại diện người lao động
Thời gian bắt đầu và kết thúc làm việc được quy định như thế nào?,"Thời gian bắt đầu, kết thúc làm việc và thời gian nghỉ giải lao trong 1 ngày được trình bày như sau: Bắt đầu: Sáng, Kết thúc: Chiều"
Thời gian xác định được quy định trong Thỏa thuận lao động liên quan đến chế độ thời gian làm việc thay đổi theo năm?,Chỉ khoảng thời gian xác định
Thời gian nghỉ giải lao được quy định như thế nào?,Từ giờ phút đến giờ phút
Thời gian bắt đầu làm việc vào buổi sáng là khi nào?,Thời gian bắt đầu làm việc vào buổi sáng là giờ phút
Thời gian kết thúc làm việc vào buổi chiều là khi nào?,Thời gian kết thúc làm việc vào buổi chiều là giờ phút
Thời gian thông báo ngày nghỉ hằng năm cho người lao động là bao lâu?,trước 30 ngày kể từ ngày đầu tiên của thời gian áp dụng
Chế độ thời gian làm việc thay đổi theo năm được quy định trong văn bản nào?,Thỏa thuận lao động liên quan đến chế độ thời gian làm việc thay đổi theo năm
Khi nào thì thông báo về lịch nghỉ hằng tháng được gửi đến người lao động?,Trước 30 ngày kể từ ngày đầu tiên của thời gian áp dụng
Những ngày nào được coi là ngày nghỉ của người lao động?,"Chủ nhật, ngày quốc lễ, ngày nghỉ cuối năm và đầu năm mới"
Xử lý thế nào nếu ngày quốc lễ trùng với ngày chủ nhật?,Chuyển sang ngày hôm sau
Công ty quy định những loại ngày nghỉ nào?,Ngày nghỉ hè và ngày nghỉ khác do công ty quy định
Tổng thời gian làm việc trung bình một tuần là bao nhiêu giờ?,Không vượt quá 40 giờ
Chế độ thời gian làm việc thay đổi theo năm áp dụng trong khoảng thời gian bao lâu?,"Dựa trên thỏa thuận lao động, nhưng không quá 1 năm"
Khi nào thì chế độ thời gian làm việc thay đổi theo năm sẽ phù hợp?,Khi có thể dự đoán một khoảng thời gian xác định trong năm sẽ rất bận rộn
Yêu cầu cần thỏa mãn khi áp dụng chế độ thời gian làm việc thay đổi theo năm là gì?,Phải quy định việc áp dụng chế độ thời gian làm việc thay đổi theo năm trong nội quy lao động
Những thông tin nào cần được quy định về thời gian làm việc?,"Phải quy định thời gian bắt đầu, kết thúc làm việc của từng ngày làm việc, thời gian nghỉ giải lao và ngày nghỉ"
Thỏa thuận lao động cần được ký kết với ai?,Đại diện người lao động
Thỏa thuận lao động cần quy định những điều khoản nào?,Phạm vi người lao động áp dụng
Thời gian áp dụng được quy định trong khoảng thời gian bao lâu?,Hơn 1 tháng nhưng không quá 1 năm
Thời gian xác định được thiết lập cho những khoảng thời gian nào?,Những khoảng thời gian công việc bận rộn trong thời gian áp dụng
Thời gian làm việc quy định được xác định như thế nào?,Theo từng ngày làm việc trong thời gian áp dụng
Vì sao cần đảm bảo ngày nghỉ trong năm?,Để phù hợp với thời gian làm việc quy định trong 1 ngày
Số ngày nghỉ trong năm là bao nhiêu để không đạt được khuôn khổ của chế độ làm việc 40 giờ 1 tuần?,Không vượt quá 105 ngày
Số ngày nghỉ trong năm được tính như thế nào?,Số ngày nghỉ trong năm cần đảm bảo để thỏa mãn chế độ làm việc 40 giờ 1 tuần.
Yếu tố nào ảnh hưởng đến số ngày nghỉ trong năm?,"Số ngày dương lịch trong năm, bao gồm cả năm nhuận, ảnh hưởng đến số ngày nghỉ trong năm."
Thời gian làm việc quy định trong một ngày là bao nhiêu?,Không có thông tin cụ thể về thời gian làm việc quy định trong một ngày
Công thức tính thời gian làm việc trong một tuần là gì?,Thời gian làm việc quy định trong 1 ngày × 7 ngày
Có những khoảng thời gian làm việc nào được đề cập trong đoạn văn?,"Có nhiều khoảng thời gian làm việc khác nhau được đề cập, bao gồm 134 ngày, 105 ngày, 99 ngày, 96 ngày, 87 ngày, 85 ngày, 100 ngày, 97 ngày, 88 ngày, 86 ngày"
Mục đích của chế độ thời gian làm việc thay đổi theo năm là gì?,Đưa ra tiền đề cho việc không làm thêm ngoài giờ cố định và không làm việc vào ngày nghỉ
Phải làm gì khi phát sinh làm thêm ngoài giờ một cách đột phát?,Cần ký kết và báo cáo thỏa thuận theo Điều 36 Luật lao động
Các tháng nào trong năm được coi là thời gian công việc bận rộn?,"Tháng 6, 9, 10 của năm 〇〇 và tháng 2 của năm 〇×"
Thời gian làm việc trong các khoảng thời gian bận rộn là bao lâu?,8 giờ 30 phút 1 ngày
Có thể yêu cầu nhân viên làm việc vào ngày nghỉ không?,"Có, tùy vào tình hình công việc"
Công ty cần làm gì khi yêu cầu người lao động làm việc vào ngày nghỉ?,Công ty phải ký kết trước Thỏa thuận lao động bằng văn bản với người đại diện quá bán người lao động
Ai là người đại diện mà công ty cần ký kết thỏa thuận với?,Người đại diện quá bán người lao động
Công ty cần nộp gì khi ký kết thỏa thuận lao động?,Không có thông tin cụ thể về việc nộp gì trong đoạn văn bản
Đoạn văn bản có chứa ký tự nào?,"Đoạn văn bản có chứa nhiều ký tự khác nhau, bao gồm cả chữ cái và số."
Có ký tự đặc biệt nào trong đoạn văn bản không?,"Có, đoạn văn bản có chứa nhiều ký tự đặc biệt như +, -, ., /, %, &, ', (, ), :, $, #, ..."
Đoạn văn bản có chứa số không không?,"Có, đoạn văn bản có chứa số 0."
Giờ làm việc đêm được quy định từ mấy giờ đến mấy giờ?,10 giờ tối đến 5 giờ sáng
Phụ nữ mang thai và sau sinh có phải làm thêm giờ không?,"Không, phụ nữ mang thai và sau sinh có yêu cầu cũng không phải làm thêm ngoài giờ thời gian làm việc quy định hoặc vào ngày nghỉ."
Có thể bố trí người lao động làm việc ngoài thời gian quy định không?,"Có, có thể bố trí người lao động làm việc ngoài thời gian làm việc quy định hoặc vào ngày nghỉ."
Điều kiện nào cho phép người lao động không làm thêm giờ?,Phụ nữ mang thai và sau sinh có yêu cầu cũng không phải làm thêm ngoài giờ thời gian làm việc quy định hoặc vào ngày nghỉ.
Người sử dụng lao động phải làm gì khi người lao động làm việc vào ngày nghỉ?,Ký kết và nộp Thỏa thuận lao động
Căn cứ pháp lý để ký kết Thỏa thuận lao động là gì?,Điều 36 Luật lao động
Người sử dụng lao động cần làm gì để bố trí người lao động làm thêm giờ?,Nộp thỏa thuận cho giám đốc văn phòng giám sát tiêu chuẩn lao động có thẩm quyền
Ai được coi là đại diện người lao động khi có công đoàn lao động?,Công đoàn lao động được tổ chức bởi quá bán số người lao động tại nơi làm việc
Người sử dụng lao động có thể bố trí người lao động làm việc vào ngày nghỉ không?,"Có, trong phạm vi thỏa thuận"
Ai là người đại diện cho quá bán số người lao động tại nơi làm việc?,Người đại diện quá bán
Người đại diện quá bán phải đáp ứng những điều kiện gì?,Phải là người tương ứng với các mục ① hoặc ②
Người đại diện quá bán có thể được lựa chọn bằng phương pháp nào?,"Bằng phương pháp bỏ phiếu, giơ tay, v.v. một cách minh bạch"
Người đại diện quá bán có thể bị đối xử bất lợi không?,Nghiêm cấm đối xử bất lợi đối với người đại diện quá bán.
Người sử dụng lao động có được phép sa thải người đại diện quá bán không?,Không được đối xử bất lợi về điều kiện lao động như sa thải với lý do là người đại diện quá bán.
Người sử dụng lao động cần làm gì để bảo vệ người đại diện quá bán?,Phải thực hiện các biện pháp cần thiết để đảm bảo rằng không có đối xử bất lợi với người đại diện quá bán.
Nội quy lao động cần thông báo cho người lao động về những gì?,Nội quy lao động cần thông báo cho người lao động về Thỏa thuận 36 (Khoản 1 Điều 106 Luật lao động).
Giới hạn của việc kéo dài thời gian làm việc được quy định ở đâu?,Giới hạn của việc kéo dài thời gian làm việc được quy định trong Thỏa thuận 36 và Luật lao động.
Có thể thỏa thuận về thời gian vượt quá giới hạn quy định không?,"Không, không thể thỏa thuận về thời gian vượt quá giới hạn trên."
Tổng thời gian làm thêm ngoài giờ và làm việc vào ngày nghỉ trong 1 tháng có giới hạn không?,Tổng thời gian làm thêm ngoài giờ và làm việc vào ngày nghỉ trong 1 tháng phải dưới 100 giờ
Tổng thời gian làm thêm ngoài giờ trong 1 năm có giới hạn không?,Tổng thời gian làm thêm ngoài giờ trong 1 năm không quá 720 giờ
Tổng số giờ làm thêm ngoài giờ và làm việc vào ngày nghỉ có giới hạn như thế nào?,Dưới 100 giờ 1 tháng và trung bình không quá 80 giờ trong 2 - 6 tháng
Những ngành nghề và công việc nào được tạm hoãn áp dụng giới hạn làm thêm ngoài giờ?,"Ngành xây dựng công trình, công việc lái xe ô tô, bác sĩ làm việc trong lĩnh vực y tế"
Đến khi nào thì các ngành nghề và công việc trên sẽ phải áp dụng giới hạn làm thêm ngoài giờ?,Ngày 31 tháng 3 năm 2024
Những công việc nào được miễn áp dụng quy định giới hạn trên?,"công việc nghiên cứu phát triển (R&D) đối với công nghệ, sản phẩm hoặc dịch vụ mới"
Những biện pháp nào được áp dụng để đảm bảo sức khỏe và phúc lợi cho người lao động làm việc vượt quá thời gian giới hạn?,Biện pháp đảm bảo sức khỏe và phúc lợi cho người lao động được bố trí làm việc vượt quá thời gian giới hạn
Tỷ lệ tiền lương làm thêm khi làm việc vượt quá thời gian giới hạn là gì?,Tỷ lệ tiền lương làm thêm khi làm việc vượt quá thời gian giới hạn
Thủ tục trong trường hợp bố trí người lao động làm việc vượt quá thời gian giới hạn được quy định ở đâu?,Khoản 2 Điều 36 và Điều 17 Quy tắc thi hành Luật lao động
Khi nào chế độ nghỉ giữa ca làm việc trở thành nghĩa vụ của chủ doanh nghiệp?,Chế độ nghỉ giữa ca làm việc trở thành nghĩa vụ của chủ doanh nghiệp từ ngày 1 tháng 4 năm 2019
Luật nào quy định về việc sa thải hoặc đối xử bất lợi với người lao động?,Luật bình đẳng (Khoản 3 Điều 9)
Mục đích của Luật cải thiện thiết lập thời gian làm việc?,Cải thiện thiết lập thời gian làm việc
Chế độ nghỉ giữa ca làm việc là gì?,Chế độ nghỉ giữa ca làm việc là chế độ nhằm đảm bảo thời gian sinh hoạt và thời gian ngủ nghỉ của người lao động bằng cách thiết lập thời gian nghỉ giải lao nhất định
Mục đích của chế độ nghỉ giữa ca làm việc là gì?,Mục đích của chế độ nghỉ giữa ca làm việc là đảm bảo thời gian sinh hoạt và thời gian ngủ nghỉ của người lao động
Lợi ích của việc đảm bảo thời gian nghỉ giữa ca là gì?,"Lợi ích của việc đảm bảo thời gian nghỉ giữa ca là người lao động có thể đảm bảo thời gian sinh hoạt và thời gian ngủ nghỉ đầy đủ, tiếp tục làm việc trong khi duy trì sự cân bằng giữa công việc"
Nội quy lao động quy định về những vấn đề gì?,Nội quy lao động quy định về thủ tục đăng ký và các vấn đề khác
Tại sao cần xây dựng các quy định như nội quy lao động?,Cần xây dựng các quy định như nội quy lao động khi cần thiết
Thời gian nghỉ giữa ca làm việc được quy định như thế nào?,Phải được nghỉ ngơi liên tục ít nhất ○ giờ sau khi kết thúc ca làm việc và trước khi bắt đầu ca tiếp theo trong 1 ngày
Trường hợp thời gian nghỉ giữa ca làm việc trùng với thời gian làm việc quy định của ngày hôm sau sẽ được tính như thế nào?,Sẽ được tính là thời gian làm việc
Mục đích của việc quy định thời gian nghỉ giữa ca làm việc?,Để mỗi người lao động phải được nghỉ ngơi liên tục ít nhất ○ giờ sau khi kết thúc ca làm việc và trước khi bắt đầu ca tiếp theo trong 1 ngày
Khi nào quy định về thời gian nghỉ giải lao không áp dụng?,Quy định về thời gian nghỉ giải lao không áp dụng trong trường hợp thiên tai hoặc các tình huống không thể tránh khỏi khác.
Thời gian từ khi bắt đầu đến khi kết thúc thời gian nghỉ giải lao trùng với thời gian bắt đầu công việc ca tiếp theo sẽ được tính như thế nào?,Thời gian từ thời gian bắt đầu đến thời gian kết thúc sẽ được coi là đã làm việc.
Nếu thời gian nghỉ giữa ca làm việc trùng với thời gian làm việc quy định của ngày hôm sau thì sao?,Thời gian bắt đầu làm việc có thể được lùi lại.
Thời gian nghỉ giữa ca là từ mấy giờ đến mấy giờ?,Không có thông tin cụ thể
Thời gian bắt đầu và kết thúc làm việc có thay đổi vào ngày hôm sau không?,"Thời gian bắt đầu có thay đổi, thời gian kết thúc không thay đổi"
Thời gian kết thúc làm việc vào ngày hôm sau là gì?,"17 giờ, không thay đổi"
Trường hợp nào thì điều kiện nghỉ ngơi liên tục ít nhất ○ giờ không áp dụng?,trường hợp thiên tai hoặc các tình huống không thể tránh khỏi khác
Thời gian bắt đầu làm việc của ngày hôm sau có thể được lùi lại đến thời gian nào?,Thời gian kết thúc thời gian nghỉ giải lao
Mục đích của việc cấm làm thêm giờ sau một thời gian nhất định là gì?,Để đảm bảo thời gian nghỉ giữa ca
Người lao động cần đáp ứng điều kiện gì để được nhận 10 ngày nghỉ phép hưởng lương hằng năm?,Công tác liên tục trong vòng 6 tháng từ ngày được tuyển dụng và đi làm trên 80% số ngày làm việc quy định
Thời gian công tác liên tục để được nhận nghỉ phép hưởng lương hằng năm là bao lâu?,6 tháng từ ngày được tuyển dụng
Người lao động có thể lấy ngày nghỉ phép hưởng lương hằng năm không?,Có thể cho phép người lao động lấy ngày nghỉ phép hưởng lương hằng năm
Ai quyết định việc cho phép người lao động lấy ngày nghỉ phép?,"Không rõ, đoạn văn bản không cung cấp thông tin cụ thể"
Điều kiện để người lao động được lấy ngày nghỉ phép hưởng lương hằng năm?,Người lao động có thể lấy ngày nghỉ phép hưởng lương hằng năm trong Khoản 1 hoặc 2 vào thời gian họ yêu cầu
Người sử dụng lao động có thể yêu cầu người lao động lấy ngày nghỉ phép vào thời gian khác khi nào?,Khi việc lấy ngày nghỉ phép hưởng lương hằng năm vào thời gian họ yêu cầu gây cản trở đến việc vận hành kinh doanh bình thường
Người sử dụng lao động có thể chỉ định trước thời gian lấy ngày nghỉ đối với phần ngày nghỉ vượt quá bao nhiêu ngày?,5 ngày trong số ngày nghỉ phép hưởng lương hằng năm của mỗi người lao động
Người sử dụng lao động cần thỏa thuận bằng văn bản với ai để chỉ định trước thời gian lấy ngày nghỉ?,Đại diện người lao động
Công ty có thể chỉ định trước thời gian lấy ngày nghỉ phép hưởng lương hằng năm không?,"Có, công ty có thể chỉ định trước thời gian lấy ngày nghỉ đối với 5 ngày trong số ngày nghỉ phép hưởng lương hằng năm của người lao động."
Công ty cần làm gì khi chỉ định trước thời gian lấy ngày nghỉ phép hưởng lương hằng năm?,Công ty cần lắng nghe và tôn trọng ý kiến của người lao động đó.
Những trường hợp nào được xem xét thời gian nghỉ?,"Thời gian nghỉ để điều trị do chấn thương hoặc bị bệnh liên quan đến công việc, thời gian nghỉ trước và sau khi sinh, thời gian nghỉ chăm con và nghỉ chăm sóc người thân"
Căn cứ pháp lý cho thời gian nghỉ trước và sau khi sinh?,Điều 65 Luật lao động đối với phụ nữ
Medicare có thể đài thọ cho việc lập kế hoạch chăm sóc trước không?,"Có, nếu nó nằm trong quá trình điều trị y tế của quý vị."
Khi nào Phần B khoản khấu trừ và đồng bảo hiểm sẽ được áp dụng?,"Khi việc lập kế hoạch chăm sóc trước không nằm trong buổi khám ""Sức khỏe"" hàng năm của quý vị."
"Tôi cần tìm sự trợ giúp trong cộng đồng của mình về chỉ thị trước, tôi có thể tìm ở đâu?",Quý vị có thể truy cập công cụ Tìm kiếm Thông tin Chăm sóc Người cao tuổi tại eldercare.acl.gov để tìm sự trợ giúp trong cộng đồng của quý vị.
Dịch vụ Quản lý Chăm sóc Chính Nâng cao là gì?,Dịch vụ Quản lý Chăm sóc Chính Nâng cao là dịch vụ mà bác sĩ hoặc nhà cung cấp dịch vụ chăm sóc sức khỏe khác điều phối và điều chỉnh dịch vụ chăm sóc theo nhu cầu của quý vị.
Medicare có thanh toán cho dịch vụ này không?,"Có, Medicare hiện thanh toán cho các dịch vụ quản lý chăm sóc chính nâng cao mỗi tháng."
Những hỗ trợ nào mà dịch vụ này cung cấp?,"Dịch vụ này cung cấp quản lý chăm sóc toàn diện, quản lý chuyển tiếp chăm sóc, cùng nhiều hỗ trợ khác và đảm bảo cho quý vị tiếp cận nhóm chăm sóc hoặc nhà cung cấp 24/7."
Medicare sẽ đài thọ bao nhiêu phần trăm cho các dịch vụ?,"Medicare sẽ đài thọ 80%, quý vị sẽ trả 20% của số tiền được Medicare phê duyệt"
Tôi cần làm gì để biết thông tin chi phí cụ thể nếu tôi có Chương trình Medicare Advantage?,Hãy liên hệ với chương trình của quý vị
Medicare đài thọ cho việc tầm soát lạm dụng rượu bia cho ai?,Người trưởng thành sử dụng rượu
Tôi sẽ nhận dịch vụ tư vấn tại đâu?,"Cơ sở chăm sóc chính, như phòng khám bác sĩ"
Tôi có phải trả tiền cho dịch vụ tư vấn này không?,"Không, nếu bác sĩ chăm sóc chính cung cấp"
Medicare chi trả cho dịch vụ vận chuyển nào?,Dịch vụ vận chuyển bằng xe cứu thương đường bộ
Mục đích của việc chi trả cho dịch vụ vận chuyển bằng xe cứu thương?,Để nhận các dịch vụ cần thiết về mặt y tế khi việc di chuyển bằng bất kỳ phương tiện nào khác có thể gây nguy hiểm đến sức khỏe
Những nơi nào mà dịch vụ xe cứu thương có thể đưa tôi đến?,"Bệnh viện, bệnh viện tiếp cận nhanh, bệnh viện cấp cứu vùng nông thôn, hoặc cơ sở điều dưỡng chuyên môn"
Medicare sẽ đài thọ dịch vụ vận chuyển đến đâu?,Medicare sẽ chỉ đài thọ các dịch vụ vận chuyển cứu thương đến cơ sở y tế thích hợp gần nhất có thể cung cấp dịch vụ chăm sóc mà quý vị cần.
Tôi phải trả bao nhiêu tiền cho dịch vụ vận chuyển?,Quý vị trả 20% số tiền được Medicare phê duyệt.
Medicare có đài thọ các phí dịch vụ của trung tâm phẫu thuật ngoại trú không?,"Có, Medicare đài thọ các phí dịch vụ của cơ sở liên quan đến các thủ thuật phẫu thuật được phê duyệt."
Tôi sẽ được điều trị tại đâu?,Trung tâm phẫu thuật ngoại trú
Tôi phải trả bao nhiêu phần trăm cho chi phí điều trị?,20% số tiền được Medicare phê duyệt
Tôi cần phải trả những loại phí nào khi thực hiện thủ thuật không được Medicare đài thọ?,Quý vị sẽ phải trả tất cả các loại phí dịch vụ tại cơ sở cho các thủ thuật mà Medicare không đài thọ tại các trung tâm phẫu thuật ngoại trú.
Tôi có thể tìm hiểu thông tin về chi phí và bảo hiểm cho các thủ thuật ở đâu?,Quý vị có thể tìm hiểu những gì quý vị có thể trả cho các thủ thuật này tại Medicare.gov/procedure-price-lookup
Medicare có chi trả cho phẫu thuật dạ dày chống béo phì không?,"Medicare chi trả cho một số thủ thuật phẫu thuật dạ dày chống béo phì, chẳng hạn như phẫu thuật"
Tôi cần làm gì khi gặp các tình trạng bệnh lý liên quan đến bệnh béo phì?,Quý vị có thể thực hiện thuật bắc cầu dạ dày và phẫu thuật thắt dạ dày bằng nội soi.
Tôi có thể tìm thông tin về chi phí phẫu thuật ở đâu?,Quý vị có thể truy cập Medicare.gov/coverage/bariatric-surgery để biết thông tin về chi phí.
Medicare có chi trả cho các dịch vụ tích hợp sức khỏe hành vi không?,"Có, Medicare có thể chi trả cho các dịch vụ tích hợp sức khỏe hành vi"
Các tình trạng sức khỏe hành vi nào được Medicare đài thọ?,"Các tình trạng sức khỏe hành vi như trầm cảm, lo âu, hay một tình trạng sức khỏe tâm thần khác"
Mô hình nào được đề cập đến trong đoạn văn bản về chăm sóc tích hợp?,Mô hình Chăm sóc Phối hợp Tâm thần
Dịch vụ sức khỏe hành vi tích hợp bao gồm những gì?,"Dịch vụ hỗ trợ quản lý chăm sóc, lập kế hoạch chăm sóc, đánh giá liên tục, hỗ trợ thuốc, tư vấn, điều trị khác"
Ai sẽ đề nghị ký thỏa thuận để nhận dịch vụ hàng tháng?,Nhà cung cấp dịch vụ chăm sóc sức khỏe của quý vị
Tôi có phải trả tiền để mua máu nếu nhà cung cấp dịch vụ lấy máu miễn phí từ ngân hàng máu không?,"Không, nhưng quý vị sẽ phải trả đồng thanh toán cho các dịch vụ xử lý và bảo quản máu"
Khoản khấu trừ nào sẽ được áp dụng cho dịch vụ xử lý và bảo quản máu?,Khoản khấu trừ Phần B
Tôi phải trả phí gì nếu nhà cung cấp dịch vụ phải mua máu cho tôi?,Quý vị phải trả phí mua máu
Tôi có thể nhận được bao nhiêu đơn vị máu miễn phí trong một năm?,3 đơn vị máu đầu tiên
Tôi cần phải trả tiền cho xét nghiệm nếu bác sĩ chỉ định?,"Không, quý vị không phải trả gì cho xét nghiệm này nếu bác sĩ hoặc nhà cung cấp dịch vụ chăm sóc sức khỏe của quý vị chấp nhận chỉ định."
Điều kiện để được Medicare đài thọ cho chương trình phục hồi chức năng tim?,"Quý vị phải có ít nhất một trong các bệnh lý sau: bị một cơn đau tim trong vòng 12 tháng qua, phẫu thuật bắc cầu động mạch vành, đau thắt ngực ổn định hiện tại, hoặc sửa chữa hoặc thay thế van tim."
Nội dung của chương trình phục hồi chức năng tim được Medicare đài thọ?,"Chương trình toàn diện bao gồm việc tập thể dục, giáo dục, và tư vấn."
Medicare chi trả cho những dịch vụ nào?,Medicare chi trả cho các chương trình phục hồi chức năng tim thường xuyên và chuyên sâu.
Các dịch vụ được Medicare đài thọ có thể diễn ra ở đâu?,Các dịch vụ được Medicare đài thọ có thể diễn ra tại phòng khám bác sĩ hoặc cơ sở ngoại trú của bệnh viện.
Medicare có chi trả cho các chương trình phục hồi chức năng tim không?,"Có, Medicare chi trả cho các chương trình phục hồi chức năng tim thường xuyên và chuyên sâu."
Tôi phải trả bao nhiêu khi nhận dịch vụ tại văn phòng bác sĩ?,20% số tiền được Medicare phê duyệt
Tôi có phải trả khoản khấu trừ nào khi sử dụng dịch vụ y tế không?,"Có, khoản khấu trừ Phần B sẽ được áp dụng"
Mục đích của buổi khám liệu pháp hành vi tim mạch là gì?,Giúp giảm nguy cơ mắc bệnh tim mạch
Bác sĩ có thể làm gì trong lần thăm khám?,"Trao đổi về việc sử dụng aspirin, kiểm tra huyết áp"
Tôi cần phải trả tiền cho dịch vụ chăm sóc sức khỏe không?,Quý vị không phải trả gì nếu bác sĩ chăm sóc chính hoặc nhà cung cấp dịch vụ chăm sóc sức khỏe khác của quý vị chấp nhận chỉ định.
Dịch vụ phòng ngừa của Medicare bao gồm những gì?,"Dịch vụ phòng ngừa bao gồm tầm soát bệnh tim mạch, các buổi khám tầm soát bao gồm xét nghiệm máu đo mức cholesterol, lipid và triglyceride."
Mục đích của xét nghiệm máu trong dịch vụ phòng ngừa là gì?,Giúp phát hiện các tình trạng có thể dẫn đến cơn đau tim hoặc đột quỵ.
Tôi có phải trả tiền cho các xét nghiệm sàng lọc không?,"Không, nếu bác sĩ hoặc nhà cung cấp dịch vụ chăm sóc sức khỏe khác chấp nhận chỉ định"
Medicare có đài thọ cho dịch vụ đào tạo người chăm sóc không?,"Có, Medicare đài thọ buổi đào tạo cho gia đình hoặc người chăm sóc không lương của quý vị"
Người chăm sóc của tôi có thể tham gia đào tạo mà không cần tôi có mặt không?,"Có, người chăm sóc của quý vị có thể tham gia các buổi đào tạo riêng hoặc theo nhóm mà không yêu cầu quý vị phải có mặt."
Chương trình đào tạo người chăm sóc có thể được thực hiện thông qua chăm sóc sức khỏe từ xa không?,"Có, các dịch vụ đào tạo có sẵn trực tiếp và thông qua chăm sóc sức khỏe từ xa."
Mục tiêu của chương trình đào tạo người chăm sóc là gì?,Chương trình đào tạo phải tập trung vào các mục tiêu về sức khỏe của quý vị và việc điều trị của quý vị phải cần có sự giúp đỡ của người chăm sóc để thành công.
Những dịch vụ nào được Medicare đài thọ như một phần của khám phụ khoa?,Khám vú lâm sàng để kiểm tra ung thư vú
Medicare đài thọ cho các xét nghiệm tầm soát ung thư cổ tử cung bao nhiêu lần?,"12 tháng một lần nếu quý vị có nguy cơ cao mắc ung thư cổ tử cung hoặc ung thư âm đạo, hoặc nếu quý vị đang trong độ tuổi sinh đẻ và có kết quả xét nghiệm Pap bất thường trong 36 tháng qua"
Điều kiện để Medicare đài thọ cho xét nghiệm Virus Gây U nhú ở người (HPV) là gì?,Quý vị từ 30 - 65 tuổi mà không có các triệu chứng HPV
Tôi phải trả phí gì cho xét nghiệm Pap?,Quý vị không phải trả gì cho xét nghiệm Pap nếu bác sĩ hoặc nhà cung cấp dịch vụ chăm sóc sức khỏe khác của quý vị chấp nhận thỏa thuận chỉ định.
Medicare có đài thọ cho hóa trị liệu không?,"Có, Medicare đài thọ cho việc hóa trị liệu tại phòng khám bác sĩ, các phòng khám độc lập, hoặc cơ sở ngoại trú của bệnh viện nếu quý vị bị ung thư."
Tôi phải trả bao nhiêu tiền cho hóa trị liệu?,Quý vị sẽ trả một khoản đồng thanh toán cho hóa trị liệu.
Tôi sẽ phải trả bao nhiêu cho việc hóa trị liệu tại văn phòng của bác sĩ?,Quý vị sẽ trả 20% số tiền được Medicare phê duyệt
Khoản khấu trừ nào sẽ được áp dụng cho việc hóa trị liệu tại văn phòng của bác sĩ?,Khoản khấu trừ Phần B
Medicare chi trả những dịch vụ nào?,Medicare chi trả dịch vụ chỉnh nắn xương và dịch vụ quản lý chăm sóc bệnh mạn tính
Tôi phải trả bao nhiêu tiền cho dịch vụ chỉnh nắn xương?,Quý vị sẽ trả 20% số tiền được Medicare phê duyệt
Điều kiện để được quản lý chăm sóc bệnh mạn tính là gì?,Quý vị phải mắc 2 bệnh mãn tính nghiêm trọng trở lên
Medicare có thể chi trả cho dịch vụ gì?,Dịch vụ trợ giúp của nhà cung cấp dịch vụ chăm sóc sức khỏe để kiểm soát các bệnh
Kế hoạch chăm sóc toàn diện bao gồm những thông tin gì?,"Các vấn đề và mục tiêu sức khỏe của quý vị, các nhà cung cấp dịch vụ khác, các loại thuốc, các dịch vụ cộng đồng mà quý vị có và cần, và các thông tin sức khỏe khác"
Mục đích của kế hoạch chăm sóc toàn diện là gì?,Giải thích về dịch vụ chăm sóc mà quý vị cần và cách thức chương trình sẽ được điều phối
Dịch vụ này hỗ trợ gì cho người sử dụng?,"Dịch vụ này hỗ trợ quản lý thuốc men, cung cấp quyền tiếp cận 24/7 cho các nhu cầu quản lý chăm sóc khẩn cấp, hỗ trợ khi chuyển từ cơ sở chăm sóc sức khỏe này sang cơ sở chăm sóc sức khỏe khác, và trợ giúp trong các nhu cầu chăm sóc bệnh mạn tính khác."
Ai sẽ chuẩn bị kế hoạch chăm sóc cho người sử dụng?,Nhà cung cấp dịch vụ của quý vị sẽ chuẩn bị kế hoạch chăm sóc cho quý vị hoặc gia đình hoặc người chăm sóc không trả lương của quý vị.
Dịch vụ này cung cấp gì cho người sử dụng 24/7?,Dịch vụ này cung cấp quyền tiếp cận 24/7 cho các nhu cầu quản lý chăm sóc khẩn cấp.
Tôi cần phải trả những khoản phí gì khi tham gia bảo hiểm?,"Quý vị sẽ phải trả một khoản phí hàng tháng, và khoản khấu trừ Phần B và đồng bảo hiểm sẽ được áp dụng."
Bảo hiểm bổ sung có thể giúp giảm phí hàng tháng không?,"Nếu quý vị có bảo hiểm bổ sung, bao gồm cả Medicaid, nó có thể giúp đài thọ phí hàng tháng."
Medicare có đài thọ các dịch vụ cho người bị đau mạn tính không?,Medicare đài thọ các dịch vụ hàng tháng cho những người bị đau mạn tính (đau dai dẳng hoặc tái phát kéo dài hơn 3 tháng).
Medicare sẽ đài thọ những chi phí nào cho các nghiên cứu lâm sàng?,Medicare đài thọ một số chi phí như khám bệnh và xét nghiệm.
Tôi sẽ phải trả bao nhiêu tiền cho các dịch vụ được Medicare chấp thuận?,Quý vị có thể trả 20% số tiền được Medicare chấp thuận
Mục đích của các nghiên cứu lâm sàng là gì?,Các nghiên cứu lâm sàng kiểm tra mức độ hiệu quả của các loại hình chăm sóc y tế khác nhau và xem liệu chúng có an toàn hay không
Khoản khấu trừ nào có thể được áp dụng cho pháp điều trị?,Khoản khấu trừ Phần B
Tôi cần liên hệ với ai để biết thông tin chi tiết về bảo hiểm cho các nghiên cứu lâm sàng?,Công ty bảo hiểm của quý vị
Khi nào thì nhà cung cấp dịch vụ có thể thực hiện đánh giá nhận thức?,"Khi quý vị thăm khám với nhà cung cấp dịch vụ của mình, bao gồm cả lần khám ""Sức khỏe"" hàng năm của quý vị"
Các dấu hiệu của suy giảm nhận thức bao gồm những gì?,"Khó ghi nhớ, học những điều mới, tập trung, quản lý tài chính và đưa ra quyết định"
Những tình trạng bệnh lý nào cũng có thể gây ra nhầm lẫn?,"Trầm cảm, lo âu và mê sảng"
Medicare chi trả cho những dịch vụ gì?,"Medicare chi trả cho một lần thăm khám riêng với bác sĩ hoặc nhà cung cấp dịch vụ chăm sóc sức khỏe để xem xét toàn diện chức năng nhận thức của quý vị, đưa ra hoặc xác nhận chẩn đoán như chứng mất trí nhớ hoặc bệnh Alzheimer và phát triển một kế hoạch chăm sóc."
Tôi có thể đi cùng ai đó trong lần thăm khám không?,"Có, quý vị có thể đi cùng ai đó, chẳng hạn như vợ/chồng, bạn bè hoặc người chăm sóc, để hỗ trợ cung cấp thông tin và trả lời các câu hỏi."
Mục đích của lần thăm khám là gì?,"Mục đích của lần thăm khám là để xem xét toàn diện chức năng nhận thức của quý vị, đưa ra hoặc xác nhận chẩn đoán như chứng mất trí nhớ hoặc bệnh Alzheimer và phát triển một kế hoạch chăm sóc."
Bác sĩ hoặc nhà cung cấp dịch vụ chăm sóc sức khỏe sẽ làm gì trong lần thăm khám?,"Tiến hành kiểm tra, nói chuyện với quý vị về tiền sử bệnh của quý vị và xem xét các loại thuốc của quý vị."
Mục đích của việc xác định hỗ trợ xã hội là gì?,Xác định các hỗ trợ xã hội của quý vị bao gồm cả dịch vụ chăm sóc mà người chăm sóc thông thường của quý vị có thể cung cấp.
Kế hoạch chăm sóc được lập ra để làm gì?,Giúp giải quyết và kiểm soát các triệu chứng của quý vị.
Dịch vụ này có giúp tôi cập nhật kế hoạch chăm sóc trước đó không?,"Có, dịch vụ này giúp quý vị phát triển hoặc cập nhật kế hoạch chăm sóc trước đó của quý vị."
Dịch vụ này có giới thiệu tôi đến bác sĩ chuyên khoa không?,"Có, dịch vụ này giới thiệu quý vị đến bác sĩ chuyên khoa, nếu cần."
Dịch vụ này có giúp tôi tìm hiểu về các nguồn trợ giúp của cộng đồng không?,"Có, dịch vụ này giúp quý vị hiểu thêm về các nguồn trợ giúp của cộng đồng, như các dịch vụ phục hồi chức năng, các chương trình chăm sóc sức khỏe ban ngày dành cho người lớn và các nhóm hỗ trợ."
Làm thế nào để biết thêm thông tin về các phương pháp điều trị được đài thọ cho bệnh Alzheimer?,Hãy truy cập Medicare.gov
Tôi cần làm gì để biết nhà cung cấp dịch vụ của tôi có tham gia chương trình hỗ trợ bổ sung không?,Trao đổi với nhà cung cấp dịch vụ của quý vị
Mục đích của việc tầm soát ung thư đại trực tràng là gì?,"Để giúp tìm ra các tăng sinh tiền ung thư hoặc phát hiện ung thư sớm, khi việc điều trị có hiệu quả cao nhất."
Medicare đài thọ cho nội soi đại tràng bằng chụp cắt lớp vi tính (CT) bao nhiêu lần?,"Một lần mỗi 24 tháng nếu quý vị từ 45 tuổi trở lên và có nguy cơ cao mắc ung thư đại trực tràng, hoặc 60 tháng một lần nếu không có nguy cơ cao."
Điều kiện để được Medicare đài thọ cho xét nghiệm tầm soát nội soi đại tràng?,"Quý vị phải từ 45 tuổi trở lên và có nguy cơ cao mắc ung thư đại trực tràng, hoặc không có nguy cơ cao."
Quý vị phải chi trả gì khi thực hiện nội soi đại tràng bằng chụp cắt lớp vi tính (CT) nếu được bác sĩ chỉ định?,Quý vị không phải chi trả gì nếu bác sĩ hoặc nhà cung cấp dịch vụ chăm sóc sức khỏe khác của quý vị chấp nhận chỉ định.
Medicare đài thọ cho xét nghiệm nội soi đại tràng sigma mềm với tần suất bao nhiêu?,"48 tháng một lần nếu quý vị từ 45 tuổi trở lên, hoặc 120 tháng sau lần nội soi đại tràng tầm soát trước đó nếu quý vị không có nguy cơ cao"
Tôi phải trả phí gì cho xét nghiệm nội soi đại tràng sigma mềm nếu bác sĩ chấp nhận chỉ định?,Quý vị không phải trả gì
"Trong quá trình nội soi đại tràng, bác sĩ có thể thực hiện thêm hành động gì khác?",Phát hiện và loại bỏ một polyp hoặc mô khác
Tôi phải trả bao nhiêu phần trăm cho các dịch vụ của bác sĩ khi nội soi đại tràng sigma mềm?,15% số tiền được Medicare phê duyệt
Khoản khấu trừ nào sẽ không được áp dụng khi tôi sử dụng dịch vụ tại cơ sở ngoại trú của bệnh viện?,Khoản khấu trừ Phần B
Độ tuổi nào được áp dụng cho các điều kiện trong đoạn văn?,Quý vị từ 45-85 tuổi
Những triệu chứng nào được coi là không có triệu chứng mắc bệnh đại trực tràng?,"Đau đường tiêu hóa dưới, có máu trong phân, xét nghiệm máu ẩn trong phân guaiac hoặc xét nghiệm hóa miễn dịch phân dương tính"
Điều kiện nào được coi là có nguy cơ mắc ung thư đại trực tràng ở mức trung bình?,"Quý vị không có tiền sử cá nhân mắc polyp tuyến, ung thư đại trực tràng, bệnh viêm ruột, bao gồm Bệnh Crohn và viêm loét đại tràng"
Những bệnh gì liên quan đến ruột?,Bệnh Crohn và viêm loét đại tràng
Điều kiện nào giúp quý vị không phải trả tiền cho xét nghiệm?,Nếu bác sĩ hoặc nhà cung cấp dịch vụ chăm sóc sức khỏe khác của quý vị chấp nhận chỉ định
Loại xét nghiệm nào được tiến hành trong phòng thí nghiệm?,Xét nghiệm dấu ấn sinh học dựa trên máu
Điều kiện để Medicare tiếp tục chi trả cho liệu pháp CPAP?,"Quý vị gặp trực tiếp bác sĩ của mình, và bác sĩ ghi vào hồ sơ y tế của quý vị là quý vị đang gặp phải một số tình trạng bệnh lý nhất định và CPAP đang giúp ích cho quý vị"
Mục đích của việc dùng thử thiết bị và phụ kiện CPAP?,"Để xác định xem CPAP có giúp ích cho quý vị hay không, khi quý vị được chẩn đoán mắc chứng ngưng thở tắc nghẽn khi ngủ"
Tôi phải trả bao nhiêu tiền cho việc thuê máy móc và mua vật tư liên quan?,Quý vị sẽ trả 20% số tiền được Medicare phê duyệt
Medicare sẽ chi trả tiền thuê máy trong bao lâu?,13 tháng nếu quý vị sử dụng máy liên tục không ngắt quãng
"Sau khi thuê máy trong vòng 13 tháng, tôi sẽ sở hữu nó hay không?","Có, quý vị sẽ sở hữu máy sau khi thuê trong vòng 13 tháng"
Medicare chi trả bao nhiêu lần thăm khám tư vấn phòng ngừa sử dụng thuốc lá?,Tối đa 8 lần thăm khám trong khoảng thời gian 12 tháng
Điều kiện để được tư vấn phòng ngừa sử dụng thuốc lá miễn phí?,Quý vị phải hút thuốc và bác sĩ hoặc nhà cung cấp dịch vụ chăm sóc sức khỏe khác chấp nhận chỉ định
Medicare có chi trả cho máy CPAP không?,"Có, nếu quý vị đã có máy CPAP trước khi nhận được bảo hiểm Medicare và đáp ứng các yêu cầu nhất định"
Medicare có thể đài thọ máy khử rung tim được cấy dưới da trong trường hợp nào?,Nếu quý vị được chẩn đoán mắc bệnh suy tim
Việc tầm soát trầm cảm phải được thực hiện ở đâu?,Cơ sở chăm sóc chính như văn phòng của bác sĩ
"Tôi cần hỗ trợ khủng hoảng, số điện thoại nào tôi nên gọi?",Hãy gọi hoặc nhắn tin tới 988
Tôi có thể tìm hỗ trợ khủng hoảng trực tuyến không?,"Có, quý vị có thể kết nối với tư vấn viên thông qua trò chuyện trên web tại 988lifeline.org"
Medicare có đài thọ cho máy bơm insulin không?,"Có, Medicare đài thọ cho các máy bơm insulin"
Medicare đài thọ cho những gì nếu tôi sử dụng máy đo đường huyết liên tục?,"Medicare sẽ đài thọ cho cảm biến, máy phát, que thử và kim lấy máu."
Tôi sẽ phải trả bao nhiêu tiền cho vật tư y tế nếu nhà cung cấp chấp nhận?,Quý vị sẽ trả 20% số tiền được Medicare phê duyệt
Medicare có đài thọ cho giày cho những người mắc bệnh tiểu đường không?,"Có, Medicare đài thọ cho một đôi giày đế sâu hoặc giày được đúc theo khuôn mỗi năm và lót giày cùng các sửa đổi giày cho những người mắc các vấn đề về chân liên quan đến bệnh tiểu đường."
Bảo hiểm thuốc Medicare (Phần D) có thể đài thọ cho những gì?,"Bảo hiểm thuốc Medicare (Phần D) có thể đài thọ cho insulin tự tiêm, một số vật tư y tế nhất định được sử dụng để tiêm insulin, máy bơm dùng một lần, và một số loại thuốc uống điều trị tiểu đường."
Làm thế nào để biết thêm thông tin về bảo hiểm?,Hãy liên hệ với chương trình bảo hiểm của quý vị để biết thêm thông tin.
Khoản khấu trừ nào sẽ được áp dụng?,Khoản khấu trừ Phần B sẽ được áp dụng.
Loại xét nghiệm nào được sử dụng để tầm soát tiểu đường?,"xét nghiệm đường huyết lúc đói hoặc không đói, xét nghiệm A1C hoặc các xét nghiệm đường huyết khác"
Tôi phải trả tiền cho xét nghiệm nếu bác sĩ chỉ định?,"Không, quý vị không phải trả gì cho xét nghiệm này nếu bác sĩ hoặc nhà cung cấp dịch vụ chăm sóc sức khỏe khác chấp nhận chỉ định."
Medicare có đài thọ cho chương trình đào tạo tự kiểm soát bệnh tiểu đường không?,"Có, Medicare đài thọ cho chương trình đào tạo tự kiểm soát bệnh tiểu đường ngoại trú."
Chương trình đào tạo tự kiểm soát bệnh tiểu đường bao gồm những nội dung gì?,"Chương trình có thể bao gồm các lời khuyên giúp ăn uống lành mạnh, chăm hoạt động, theo dõi đường huyết, dùng thuốc theo chỉ định."
Điều kiện để được đào tạo về dịch vụ liệu pháp dinh dưỡng y tế là gì?,Phải được chẩn đoán mắc bệnh tiểu đường và có chỉ định bằng văn bản của bác sĩ hoặc nhà cung cấp dịch vụ chăm sóc sức khỏe khác.
Tôi sẽ phải trả bao nhiêu phần trăm số tiền được Medicare phê duyệt?,20% số tiền được Medicare phê duyệt.
Medicare đài thọ những dịch vụ nào của bác sĩ?,Medicare đài thọ các dịch vụ bác sĩ cần thiết về mặt y tế (bao gồm các dịch vụ ngoại trú và một số dịch vụ khác)
Tôi có thể tìm hiểu về các chương trình đào tạo bệnh tiểu đường ở đâu?,Quý vị có thể truy cập adces.org/program-finder để tìm các chương trình được chứng nhận gần quý vị
Tôi có thể được đào tạo về cách tự kiểm soát bệnh tiểu đường thông qua dịch vụ nào?,Quý vị có thể được đào tạo về cách tự kiểm soát bệnh tiểu đường từ bác sĩ hoặc nhà cung cấp dịch vụ chăm sóc sức khỏe khác thông qua dịch vụ chăm sóc sức khỏe từ xa
Medicare đài thọ cho những dịch vụ nào?,"Medicare đài thọ cho các dịch vụ mà quý vị nhận được từ các nhà cung cấp dịch vụ chăm sóc sức khỏe khác, như trợ lý bác sĩ, y tá hành nghề, y tá lâm sàng chuyên khoa, nhân viên xã hội lâm sàng, chuyên gia vật lý trị liệu, chuyên gia trị liệu vận động, chuyên gia bệnh học về khả năng nói và ngôn ngữ và chuyên gia tâm lý học lâm sàng."
Medicare có đài thọ cho dịch vụ bác sĩ nội trú tại bệnh viện không?,"Có, Medicare đài thọ cho dịch vụ bác sĩ nội trú tại bệnh viện."
Medicare có đài thọ cho các dịch vụ phòng ngừa không?,"Có, Medicare đài thọ cho nhiều dịch vụ phòng ngừa, ngoại trừ một số dịch vụ phòng ngừa nhất định."
Tôi phải trả bao nhiêu tiền cho dịch vụ chăm sóc sức khỏe nếu bác sĩ hoặc nhà cung cấp dịch vụ chăm sóc sức khỏe khác chấp nhận chỉ định?,Quý vị sẽ trả 20% số tiền được Medicare phê duyệt cho hầu hết các dịch vụ.
Khoản khấu trừ nào sẽ được áp dụng khi tôi sử dụng dịch vụ chăm sóc sức khỏe?,Khoản khấu trừ Phần B sẽ được áp dụng.
"Nếu tôi không nhận được dịch vụ từ bác sĩ hoặc nhóm chuyên môn trong 3 năm qua, họ sẽ coi tôi là gì?",Họ có thể coi quý vị là bệnh nhân mới.
Thuốc Phần B đài thọ những loại thuốc nào?,"Hầu hết các loại thuốc tiêm và truyền dịch, một số loại thuốc chống ung thư đường uống, thuốc chống buồn nôn, thuốc được sử dụng với thiết bị y tế lâu bền và Globulin miễn dịch tiêm tĩnh mạch"
Thuốc chống ung thư đường uống được đài thọ trong trường hợp nào?,Một số loại thuốc chống ung thư đường uống để điều trị ung thư
Medicare đài thọ cho những loại thuốc nào?,"Medicare đài thọ cho một số loại thuốc được sử dụng với thiết bị bơm truyền dịch bên ngoài và Globulin Miễn dịch Tiêm tĩnh mạch để sử dụng tại nhà, cũng như một số loại thuốc nhất định để điều trị"
Medicare có đài thọ cho dịch vụ thăm khám điều dưỡng không?,"Có, Medicare cũng có thể đài thọ cho các dịch vụ như thăm khám điều dưỡng theo quyền lợi liệu pháp tiêm truyền tại nhà và quyền lợi Globulin Miễn dịch Tiêm tĩnh mạch"
Tôi sẽ phải trả bao nhiêu cho các loại thuốc khi nhà cung cấp dịch vụ cung cấp tại phòng khám bác sĩ?,Quý vị sẽ trả 20% của số tiền được Medicare phê duyệt cho các loại thuốc này.
Khoản khấu trừ nào sẽ được áp dụng cho các dịch vụ này?,Khoản khấu trừ Phần B sẽ được áp dụng.
Tôi sẽ phải chi trả đồng thanh toán cho các dịch vụ nếu nhận từ Chương trình Điều trị Opioid được Medicare ghi danh?,Quý vị sẽ không phải chi trả bất kỳ đồng thanh toán nào cho các dịch vụ này nếu quý vị nhận dịch vụ từ Chương trình Điều trị Opioid được Medicare ghi danh.
Tôi có phải trả nhiều hơn đồng bảo hiểm cho thuốc được đài thọ theo Phần B không?,"Không, quý vị không bao giờ được yêu cầu chi trả nhiều hơn đồng bảo hiểm hoặc đồng thanh toán cho chính loại thuốc theo Phần B đó."
Các bác sĩ và nhà thuốc có phải chấp nhận chỉ định cho thuốc được đài thọ theo Phần B không?,"Có, các bác sĩ và nhà thuốc phải chấp nhận chỉ định cho các loại thuốc được đài thọ theo Phần B."
Khoản đồng bảo hiểm của tôi có thể thay đổi không?,"Có, khoản đồng bảo hiểm của quý vị có thể thay đổi tùy thuộc vào giá thuốc theo toa của quý vị."
Tôi có thể tiết kiệm tiền khi nhận thuốc tại văn phòng của bác sĩ không?,"Có, quý vị có thể phải trả khoản đồng bảo hiểm thấp hơn đối với một số loại thuốc và chất sinh học được đài thọ theo Phần B khi quý vị nhận thuốc tại văn phòng của bác sĩ hoặc nhà thuốc, hoặc tại bệnh viện ngoại trú."
Điều gì ảnh hưởng đến khoản tiền tiết kiệm tiềm năng?,Các loại thuốc cụ thể và giá của các loại thuốc này tăng cao hơn tỷ lệ lạm phát ảnh hưởng đến khoản tiền tiết kiệm tiềm năng.
Phần B đài thọ những loại thuốc nào?,Phần B đài thọ các loại thuốc được nhận tại một cơ sở bệnh viện ngoại trú nằm trong các dịch vụ ngoại trú của quý vị.
Tôi phải trả bao nhiêu tiền cho các dịch vụ ngoại trú?,Quý vị sẽ trả một đồng thanh toán cho các dịch vụ này.
"Phần B có đài thọ ""thuốc tự cho dùng"" trong môi trường ngoại trú của bệnh viện không?","Không, Phần B không đài thọ ""thuốc tự cho dùng"" trong môi trường ngoại trú của bệnh viện."
Medicare đài thọ cho những vật dụng y tế nào?,"Medicare đài thọ cho cần thiết về mặt y tế vật dụng như oxy và thiết bị oxy, khung tập đi và giường bệnh khi bác sĩ hoặc nhà cung cấp dịch vụ chăm sóc sức khỏe khác đã ghi danh Medicare yêu cầu sử dụng tại nhà."
Tôi có thể mua thiết bị y tế lâu bền không?,"Quý vị phải thuê hầu hết các vật dụng, nhưng quý vị cũng có thể mua một số vật dụng."
Ai là chủ sở hữu của thiết bị y tế sau khi tôi đã chi trả?,Một số vật dụng trở thành tài sản của quý vị sau khi quý vị đã chi trả.
Sau bao lâu thì thiết bị đắt tiền thuộc quyền sở hữu của tôi?,Sau 13 tháng thanh toán tiền thuê
Điều gì quan trọng khi chọn nhà cung cấp DME?,Phải hỏi các nhà cung cấp vật tư xem họ đã chấp nhận chỉ định các yêu cầu bồi hoàn Medicare hay chưa
"Nếu nhà cung cấp đã tham gia chương trình Medicare, họ có phải chấp nhận chỉ định yêu cầu bồi hoàn của tôi không?","Có, họ phải chấp nhận chỉ định yêu cầu bồi hoàn của quý vị"
Nhà cung cấp không tham gia chương trình Medicare có phải chấp nhận chỉ định yêu cầu bồi hoàn của tôi không?,"Không, họ không phải chấp nhận chỉ định yêu cầu bồi hoàn của quý vị"
"Nếu nhà cung cấp đã tham gia chương trình Medicare, họ có thể tính phí gì cho tôi?",Họ chỉ có thể tính phí khoản khấu trừ Phần B và khoản đồng bảo hiểm cho số tiền được Medicare phê duyệt
"Nếu nhà cung cấp DME không tham gia chương trình, tôi sẽ bị tính thêm tiền?","Có, nếu nhà cung cấp DME không phải là nhà cung cấp tham gia chương trình hoặc không chấp nhận chỉ định yêu cầu bồi hoàn của quý vị, quý vị có thể bị tính thêm tiền."
Làm thế nào để tránh phải thanh toán trước toàn bộ chi phí DME?,"Để tránh phải thanh toán trước toàn bộ chi phí DME, quý vị cần đảm bảo rằng nhà cung cấp sẵn sàng chấp nhận chỉ định với yêu cầu bồi hoàn của quý vị cho tất cả các tháng thuê."
Ai sẽ thanh toán nếu yêu cầu bồi hoàn không được chỉ định?,"Nếu yêu cầu bồi hoàn không được chỉ định, quý vị phải thanh toán trước toàn bộ chi phí DME, sau đó Medicare sẽ thanh toán."
Medicare có đài thọ cho việc tầm soát điện tâm đồ (EKG/ECG) không?,"Có, nếu quý vị nhận được giấy giới thiệu từ bác sĩ hoặc nhà cung cấp dịch vụ chăm sóc sức khỏe khác trong buổi khám ""Chào mừng đến với Medicare"" một lần."
Điều kiện để được Medicare đài thọ cho việc tầm soát điện tâm đồ là gì?,"Quý vị phải nhận được giấy giới thiệu từ bác sĩ hoặc nhà cung cấp dịch vụ chăm sóc sức khỏe khác trong buổi khám ""Chào mừng đến với Medicare"" một lần."
Quý vị cần phải làm gì trước khi được Medicare đài thọ cho các dịch vụ?,Quý vị phải đáp ứng khoản khấu trừ Phần B
Medicare đài thọ cho những dịch vụ nào?,"Các dịch vụ khoa cấp cứu khi quý vị bị thương tích, bị mắc bệnh đột ngột, hoặc mắc bệnh mà sẽ diễn biến xấu đi nhanh chóng."
Tôi phải trả bao nhiêu khi khám tại khoa cấp cứu?,Quý vị phải trả một đồng thanh toán cho mỗi lần khám tại khoa cấp cứu và 20% số tiền được Medicare phê duyệt cho các dịch vụ của bác sĩ.
Khoản khấu trừ nào sẽ được áp dụng khi sử dụng dịch vụ khoa cấp cứu?,Khoản khấu trừ Phần B sẽ được áp dụng.
Medicare đài thọ cho những dịch vụ nào?,Medicare đài thọ cho các lần Thăm khám điện tử E-visit
Thăm khám điện tử E-visit là gì?,Thăm khám điện tử E-visit là dịch vụ cho phép quý vị nói chuyện với nhà cung cấp dịch vụ của mình bằng cách sử dụng cổng thông tin bệnh nhân trực tuyến mà không cần đến phòng khám của nhà cung cấp dịch vụ
Những chuyên gia nào có thể cung cấp dịch vụ Thăm khám điện tử E-visit?,"Các chuyên gia bao gồm bác sĩ, y tá hành nghề, chuyên gia y tá lâm sàng, trợ lý bác sĩ, chuyên gia"
Những chuyên gia nào tham gia vào chăm sóc sức khỏe tâm thần?,"chuyên gia trị liệu vận động, chuyên gia bệnh học về khả năng nói, nhân viên xã hội, chuyên gia tâm lý học lâm sàng, chuyên gia trị liệu hôn nhân và gia đình và tư vấn viên sức khỏe tâm thần"
"Để nhận dịch vụ thăm khám điện tử E-visit, quý vị phải làm gì?",yêu cầu bác sĩ hoặc nhà cung cấp
Các buổi thăm khám điện tử khác với gì?,làm thủ tục trực tuyến và chăm sóc sức khỏe từ xa
Medicare có đài thọ cho kính mắt hoặc kính áp tròng không?,"Không, trừ khi sau mỗi ca phẫu thuật đục thủy tinh thể cấy ghép thấu kính nội nhãn"
"Sau phẫu thuật đục thủy tinh thể cấy ghép thấu kính nội nhãn, Medicare sẽ đài thọ cho loại kính mắt nào?",Một cặp kính mắt có gọng tiêu chuẩn hoặc một bộ kính áp tròng
Tôi cần phải trả bao nhiêu tiền cho việc điều chỉnh thấu kính sau phẫu thuật đục thủy tinh thể bằng thấu kính nội nhãn?,20% số tiền Medicare phê duyệt
Trung tâm Y tế Đủ tiêu chuẩn của Liên bang cung cấp những dịch vụ gì?,Nhiều dịch vụ chăm sóc sức khỏe
Điều gì xảy ra với chi phí của kính đeo mắt từ một nhà cung cấp vật tư đã đăng ký tham gia Medicare?,Quý vị hoặc nhà cung cấp dịch vụ của quý vị có thể không cần nộp yêu cầu thanh toán
Tôi cần phải trả bao nhiêu cho dịch vụ phòng ngừa?,Quý vị không phải trả gì cho hầu hết các dịch vụ phòng ngừa.
Tôi có thể tìm Trung tâm Sức khỏe Đủ tiêu chuẩn Liên bang gần nơi tôi sống không?,"Có, quý vị có thể truy cập findahealthcenter.hrsa.gov để tìm một trung tâm y tế gần quý vị."
Trung tâm Sức khỏe Đủ tiêu chuẩn Liên bang có cung cấp các khoản giảm giá cho người có thu nhập hạn chế không?,"Có, tất cả các Trung tâm Sức khỏe Đủ tiêu chuẩn Liên bang đều có thể cung cấp các khoản giảm giá nếu quý vị có thu nhập hạn chế."
Medicare đài thọ cho loại vắc-xin nào?,Vắc-xin phòng cúm theo mùa
Tôi phải trả phí gì cho mũi chích ngừa cúm?,Không phải trả gì nếu bác sĩ hoặc nhà cung cấp dịch vụ chăm sóc sức khỏe khác chấp nhận chỉ định
Điều kiện để Medicare đài thọ cho việc khám hoặc điều trị bàn chân?,Bị tổn thương dây thần kinh cẳng chân liên quan đến bệnh tiểu đường mà có thể làm tăng nguy cơ mất chi
Tôi cần phải trả bao nhiêu cho phương pháp điều trị cần thiết về mặt y tế?,Quý vị sẽ trả 20% số tiền được Medicare phê duyệt
Khoản khấu trừ nào sẽ được áp dụng cho phương pháp điều trị cần thiết về mặt y tế?,Khoản khấu trừ Phần B
Tôi có phải trả thêm khoản nào khác cho việc điều trị cần thiết về mặt y tế không?,Quý vị cũng phải trả một khoản đồng thanh toán cho việc điều trị cần thiết về mặt y tế trong cơ sở ngoại trú của bệnh viện
Medicare đài thọ sàng lọc bệnh tăng nhãn áp bao nhiêu lần trong một năm?,12 tháng một lần nếu quý vị có nguy cơ cao mắc bệnh tăng nhãn áp
Ai được coi là có nguy cơ cao mắc bệnh tăng nhãn áp?,"Người mắc bệnh tiểu đường, tiền sử gia đình mắc bệnh tăng nhãn áp, là người Mỹ gốc Phi và từ 50 tuổi trở lên, hoặc là người gốc văn hóa Tây Ban Nha và từ 65 tuổi trở lên"
Medicare có đài thọ cho các buổi khám chẩn đoán thính giác và thăng bằng không?,"Có, nếu bác sĩ hoặc nhà cung cấp dịch vụ chăm sóc sức khỏe chỉ định"
Mục đích của việc khám chẩn đoán thính giác và thăng bằng là gì?,Để xác định xem quý vị có cần điều trị y tế hay không
Tôi cần chỉ định của bác sĩ để thăm khám chuyên gia thính học không?,"Không cần, nhưng chỉ áp dụng cho các tình trạng thính lực phi cấp tính"
Mục đích của việc thăm khám chuyên gia thính học là gì?,Để được chẩn đoán và điều trị các dịch vụ liên quan đến mất thính lực bằng thiết bị trợ thính được cấy ghép bằng phẫu thuật
Tôi phải trả bao nhiêu khi ghép bằng phẫu thuật?,Quý vị sẽ trả 20% số tiền được Medicare phê duyệt.
Medicare có đài thọ cho máy trợ thính không?,Original Medicare không đài thọ cho máy trợ thính hoặc các buổi khám để lắp máy trợ thính.
Điều kiện để Medicare đài thọ cho chích ngừa viêm gan B là gì?,Quý vị chưa tiêm đủ liệu trình chích ngừa viêm gan B.
Khi nào tôi nên hỏi ý kiến bác sĩ về việc tiêm vắc-xin?,Khi bạn có thắc mắc về việc tiêm vắc-xin
Tôi có phải trả tiền cho mũi tiêm vắc-xin không?,"Không, nếu bác sĩ hoặc nhà cung cấp dịch vụ chăm sóc sức khỏe khác chỉ định"
Những tình trạng bệnh lý nào khiến tôi có nguy cơ mắc viêm gan B cao?,"Bệnh tiểu đường, Bệnh Thận Giai đoạn cuối hay còn gọi là ESRD, hoặc sống chung với người mắc Viêm gan B"
Medicare đài thọ cho các xét nghiệm tầm soát hàng năm trong trường hợp nào?,Chỉ khi quý vị tiếp tục có nguy cơ cao và không tiêm phòng Viêm gan B.
Khi nào thì Medicare đài thọ cho xét nghiệm tầm soát nhiễm virus viêm gan B đối với phụ nữ mang thai?,Tại lần khám tiền sản đầu tiên mỗi lần mang thai.
Khi nào thì cần thực hiện lần khám tiền sản đầu tiên?,Lần khám tiền sản đầu tiên mỗi lần mang thai
Thời điểm sinh dành cho những ai?,Những người có nguy cơ hoặc có các yếu tố nguy cơ mới
Tôi có phải trả tiền cho xét nghiệm tầm soát không?,"Không, nếu bác sĩ hoặc nhà cung cấp dịch vụ chăm sóc sức khỏe chấp nhận thỏa thuận chỉ định"
Điều kiện để Medicare đài thọ cho xét nghiệm sàng lọc Viêm gan C là gì?,Medicare sẽ chỉ đài thọ cho xét nghiệm sàng lọc Viêm gan C khi có chỉ định từ nhà cung cấp dịch vụ chăm sóc sức khỏe của quý vị.
Tôi cần phải trả tiền cho xét nghiệm tầm soát Viêm gan C không?,Quý vị không phải trả gì cho xét nghiệm tầm soát này nếu bác sĩ chăm sóc chính hoặc nhà cung cấp dịch vụ chăm sóc sức khỏe khác của quý vị chấp nhận chỉ định.
Tôi cần đáp ứng điều kiện gì để Medicare đài thọ cho xét nghiệm sàng lọc HIV?,Medicare đài thọ cho các xét nghiệm sàng lọc HIV một lần mỗi năm nếu quý vị trong độ tuổi từ 15-65.
Độ tuổi nào được Medicare đài thọ cho xét nghiệm sàng lọc?,Trong độ tuổi từ 15-65
Dịch vụ trợ giúp sức khỏe tại nhà được cung cấp như thế nào?,Dịch vụ trợ giúp sức khỏe tại nhà được cung cấp bán thời gian hoặc không liên tục
Dịch vụ chăm sóc điều dưỡng chuyên môn tại nhà được cung cấp trong bao lâu?,Ít hơn 8 tiếng mỗi ngày hoặc ít hơn 28 tiếng mỗi tuần
Ai quyết định việc cung cấp dịch vụ chăm sóc sức khỏe tại nhà?,Bác sĩ hoặc nhà cung cấp dịch vụ
Điều kiện để được Medicare đài thọ các dịch vụ y tế tại nhà là gì?,Quý vị cần các dịch vụ chăm sóc điều dưỡng
Ai phải đánh giá trực tiếp quý vị trước khi xác nhận rằng quý vị cần dịch vụ chăm sóc sức khỏe tại nhà?,Bác sĩ hoặc nhà cung cấp dịch vụ chăm sóc sức khỏe khác
Dịch vụ chăm sóc sức khỏe tại nhà phải được cung cấp bởi cơ quan nào?,Một cơ quan chăm sóc sức khỏe tại nhà được Medicare chứng nhận
"Điều kiện để được coi là ""ở nhà"" là gì?",Quý vị gặp khó khăn trong việc ra khỏi nhà mà không có sự trợ giúp hoặc được khuyến nghị không nên ra khỏi nhà do tình trạng của bản thân.
"Tại sao tôi lại được coi là ""ở nhà"" nếu tôi gặp khó khăn khi ra khỏi nhà?","Do mắc bệnh hoặc chấn thương khiến quý vị cần sự trợ giúp của gậy chống, xe lăn, khung tập đi hoặc nạng; phương tiện chuyên chở đặc biệt; hoặc sự trợ giúp của người khác."
Tôi có thể ra khỏi nhà nếu tôi cảm thấy không thoải mái khi đi một mình không?,"Không, nếu quý vị nói chung không có khả năng ra khỏi nhà vì điều đó vô cùng khó khăn, thì quý vị được coi là ""ở nhà""."
Tôi phải trả bao nhiêu tiền cho thiết bị y tế lâu bền được Medicare đài thọ?,Quý vị phải trả 20% số tiền được Medicare phê duyệt.
Tôi có phải trả tiền cho các dịch vụ sức khỏe chăm sóc tại nhà được đài thọ không?,"Không, quý vị không phải trả tiền cho các dịch vụ sức khỏe chăm sóc tại nhà được đài thọ."
Medicare đài thọ những dịch vụ gì cho liệu pháp truyền dịch tại nhà?,"Medicare đài thọ cho các thiết bị và vật tư như máy bơm, cọc truyền dịch, ống dẫn và ống thông cho liệu pháp truyền dịch tại nhà."
Medicare đài thọ những loại thiết bị y tế nào?,Medicare đài thọ một số thiết bị và vật tư nhất định như máy bơm truyền dịch.
Medicare đài thọ thuốc truyền dịch tại nhà như thế nào?,Medicare đài thọ thuốc truyền theo quyền lợi về thiết bị y tế lâu bền.
Tôi phải trả bao nhiêu tiền cho các dịch vụ điều dưỡng tại nhà?,Quý vị sẽ trả 20% số tiền được Medicare phê duyệt cho các dịch vụ này
Medicare đài thọ bao nhiêu lần điều trị lọc máu mỗi tuần cho bệnh nhân ESRD?,3 lần điều trị lọc máu (hoặc lọc màng bụng ngoại trú liên tục tương đương) mỗi tuần
Tôi phải trả tiền cho thiết bị và vật tư sử dụng tại nhà như thế nào?,Quý vị sẽ trả 20% số tiền được Medicare phê duyệt cho các thiết bị và vật tư này
Cơ sở lọc máu có trách nhiệm gì?,Điều phối các dịch vụ lọc máu của quý vị (tại nhà hoặc tại cơ sở).
Tôi phải trả bao nhiêu tiền cho mỗi buổi chạy thận hoặc ghép thận?,20% số tiền được Medicare chấp thuận
Khoản khấu trừ nào sẽ được áp dụng khi tôi nhận dịch vụ chạy thận hoặc ghép thận?,Khoản khấu trừ Phần B
Medicare có đài thọ cho các xét nghiệm trong phòng thí nghiệm không?,"Có, cho các xét nghiệm chẩn đoán lâm sàng cần thiết về mặt y tế"
Các xét nghiệm phòng ngừa bao gồm những gì?,"Các xét nghiệm này có thể bao gồm một số xét nghiệm máu, xét nghiệm nước tiểu, một số xét nghiệm trên mẫu mô và một số xét nghiệm tầm soát."
Tôi có phải chi trả phí cho các xét nghiệm phòng ngừa không?,"Quý vị thường không phải chi trả bất kỳ khoản phí nào cho các xét nghiệm này khi nhận từ một phòng xét nghiệm, nhà thuốc, bác sĩ hoặc bệnh viện chấp nhận chỉ định."
Medicare có đài thọ cho việc sàng lọc ung thư phổi không?,Medicare đài thọ cho việc sàng lọc ung thư phổi bằng chụp cắt lớp vi tính liều thấp một lần
Tôi cần đáp ứng những điều kiện gì để được kiểm tra sức khỏe mỗi năm?,"Quý vị cần đáp ứng các điều kiện: từ 50–77 tuổi, không có dấu hiệu hoặc triệu chứng của ung thư phổi, hiện đang hút thuốc hoặc đã bỏ hút thuốc trong vòng 15 năm qua, có tiền sử hút thuốc lá ít nhất 20 ""gói-năm"", và nhận được một chỉ định từ bác sĩ của quý vị."
Tôi cần có tiền sử hút thuốc lá bao nhiêu để được kiểm tra sức khỏe?,"Ít nhất 20 ""gói-năm"""
Tôi cần phải trả phí cho việc xét nghiệm tầm soát ung thư phổi không?,"Không, nếu bác sĩ của quý vị chấp nhận chỉ định."
Tôi cần làm gì trước khi tầm soát ung thư phổi lần đầu?,Quý vị sẽ cần đặt lịch hẹn với bác sĩ chăm sóc sức khỏe để thảo luận về những lợi ích và nguy cơ của việc tầm soát ung thư phổi.
Medicare có đài thọ cho những vật phẩm gì đối với bệnh phù bạch huyết?,Quần áo bó sát theo chỉ định và băng quấn nén có dây đai điều chỉnh cùng với vật tư băng nén
Medicare đài thọ bao nhiêu phần trăm cho các lần chụp quang tuyến vú chẩn đoán?,Quý vị sẽ phải trả 20% số tiền được Medicare phê duyệt
Điều kiện để Medicare đài thọ cho các lần siêu âm vú là gì?,Khi bác sĩ hoặc nhà cung cấp dịch vụ yêu cầu
Medicare đài thọ cho các dịch vụ liệu pháp dinh dưỡng y tế trong trường hợp nào?,Nếu quý vị bị tiểu đường hoặc bệnh
Ai có thể cung cấp các dịch vụ liệu pháp dinh dưỡng y tế?,"Chỉ chuyên gia về chế độ ăn hoặc chuyên gia dinh dưỡng chuẩn định, những người đáp ứng các yêu cầu nhất định mới có thể cung cấp các dịch vụ liệu pháp dinh dưỡng y tế."
Tôi cần đáp ứng điều kiện gì để được tham gia dịch vụ liệu pháp dinh dưỡng y tế?,"Quý vị cần có thận, hoặc nếu quý vị đã ghép thận trong vòng 36 tháng qua và bác sĩ giới thiệu quý vị đến các dịch vụ này."
Tôi có phải trả tiền cho dịch vụ phòng ngừa liệu pháp không?,Quý vị không phải trả gì cho dịch vụ phòng ngừa liệu pháp
Tôi có thể nhận dịch vụ liệu pháp dinh dưỡng y tế từ đâu?,Từ chuyên gia dinh dưỡng đã đăng ký hoặc các chuyên gia dinh dưỡng khác thông qua dịch vụ khám sức khỏe từ xa
Chương trình Phòng ngừa Bệnh tiểu đường của Medicare dành cho ai?,Dành cho những người bị tiền tiểu đường và đáp ứng được các yêu cầu về điều kiện hội đủ khác
Chương trình thay đổi hành vi sức khỏe có bao nhiêu buổi học chính?,16 buổi học chính hàng tuần
"Sau khi hoàn thành các buổi học chính, tôi sẽ nhận được gì?",sáu buổi tái khám hàng tháng
Tôi có thể nhận dịch vụ từ đâu?,Quý vị có thể nhận các dịch vụ này từ nhà cung cấp Chương trình Phòng ngừa Bệnh tiểu đường Medicare được phê duyệt.
Tôi có thể tìm nhà cung cấp như thế nào?,"Để tìm nhà cung cấp hoặc tìm hiểu thêm về chương trình, hãy truy cập Medicare.gov/coverage/medicare-diabetes-prevention-program."
Tôi cần làm gì nếu tham gia Chương trình Medicare Advantage?,"Nếu quý vị tham gia Chương trình Medicare Advantage, hãy liên hệ với chương trình của quý vị."
Medicare đài thọ cho những dịch vụ chăm sóc sức khỏe tâm thần nào?,Medicare đài thọ cho các dịch vụ chăm sóc sức khỏe tâm thần để điều trị các tình trạng như trầm cảm và lo âu.
Những buổi thăm khám chăm sóc sức khỏe tâm thần được gọi là gì?,Những buổi thăm khám này thường được gọi là cố vấn hoặc liệu pháp tâm lý.
Medicare bao gồm các dịch vụ chăm sóc sức khỏe tâm thần được thực hiện trong những tình huống nào?,Bảo hiểm bao gồm các dịch vụ thường được cung cấp trong môi trường ngoài trú.
Trường ngoại trú là gì?,"Trường ngoại trú là nơi như tại văn phòng của bác sĩ hoặc nhà cung cấp dịch vụ chăm sóc sức khỏe khác, khoa ngoại trú của bệnh viện, hoặc qua dịch vụ khám sức khỏe từ xa"
Những chuyên gia nào tham gia vào trường ngoại trú?,"Bác sĩ tâm thần hoặc bác sĩ khác, nhà tâm lý học lâm sàng, nhà trị liệu hôn nhân và gia đình, tư vấn viên sức khỏe tâm thần, chuyên gia y tá lâm sàng, nhân viên xã hội lâm sàng, y tá hành nghề, hoặc trợ lý bác sĩ"
Dịch vụ nhập viện bán phần được cung cấp bởi đâu?,Trung tâm Sức khỏe Tâm thần Cộng đồng hoặc bệnh viện
Chương trình điều trị ban ngày có cấu trúc cung cấp dịch vụ gì?,Dịch vụ chăm sóc tâm thần chuyên sâu trong cơ sở ngoại trú
Thời gian của chương trình điều trị ban ngày có cấu trúc thường kéo dài bao lâu?,Từ 4 đến 8 giờ mỗi ngày
Các dịch vụ sức khỏe tâm thần có thể được cung cấp tại đâu?,"Các dịch vụ này có thể được cung cấp tại bệnh viện, Trung tâm Sức khỏe Tâm thần Cộng đồng, Trung tâm Sức khỏe Đủ điều kiện của Liên bang, Phòng khám Sức khỏe vùng Nông thôn và Chương trình Điều trị Opioid"
Chương trình Điều trị Opioid được cung cấp để điều trị tình trạng nào?,Rối loạn Sử dụng Opioid
Tôi cần truy cập trang web nào để tìm hiểu thêm về chăm sóc sức khỏe tâm thần?,Medicare.gov/coverage/mental-health-care-partial-hospitalization
Điều kiện để được Medicare đài thọ cho sàng lọc béo phì là gì?,Có chỉ số khối cơ thể (BMI) từ 30 trở lên
Mục đích của liệu pháp hành vi béo phì là gì?,Giúp giảm cân bằng cách tập trung vào chế độ ăn uống và tập thể dục
Ai có thể cung cấp dịch vụ tư vấn hành vi để được Medicare đài thọ?,Bác sĩ chăm sóc chính hoặc nhà cung cấp dịch vụ chăm sóc chính khác của quý vị
Tôi cần phải trả phí cho dịch vụ điều phối kế hoạch chăm sóc sức khỏe không?,Quý vị không phải trả gì cho dịch vụ này nếu bác sĩ chăm sóc chính hoặc nhà cung cấp dịch vụ chăm sóc sức khỏe khác chấp nhận chỉ định.
Dịch vụ điều phối kế hoạch chăm sóc sức khỏe được thực hiện ở đâu?,Nơi điều phối kế hoạch được cá nhân hóa của quý vị với các dịch vụ chăm sóc khác của quý vị có thể là văn phòng của bác sĩ.
Medicare đài thọ cho loại liệu pháp nào?,Medicare đài thọ liệu pháp cần thiết về mặt y tế để giúp quý vị thực hiện các hoạt động sinh hoạt
Mục đích của việc trị liệu là gì?,giúp cải thiện hoặc duy trì khả năng hiện có hoặc làm chậm quá trình suy giảm
Medicare đài thọ cho những dịch vụ điều trị nào?,Dịch vụ điều trị tình trạng Rối loạn do Sử dụng Opioid trong các Chương trình điều trị Opioid
Những loại thuốc nào được đài thọ trong điều trị Rối loạn Sử dụng Opioid?,"Thuốc như methadone, buprenorphine, naltrexone, naloxone và nalmefene hydrochloride"
Các dịch vụ điều trị Rối loạn Sử dụng Opioid bao gồm những hoạt động gì?,"Tư vấn sử dụng chất gây nghiện, xét nghiệm ma túy, liệu pháp cá nhân và theo nhóm, các hoạt động"
Medicare đài thọ cho những dịch vụ nào?,"Medicare đài thọ cho các dịch vụ cố vấn, liệu pháp và đánh giá định kỳ trực tiếp và trong một số trường hợp, thực hiện trực tuyến"
Medicare có đài thọ cho dịch vụ thực hiện trực tuyến không?,"Có, trong một số trường hợp"
Medicare đài thọ cho dịch vụ được cung cấp thông qua những phương tiện nào?,Medicare cũng đài thọ cho các dịch vụ được cung cấp thông qua các đơn vị lưu động của Chương trình Điều trị Opioid và công nghệ truyền thông âm thanh và video như điện thoại hoặc máy tính
Medicare đài thọ cho những dịch vụ nào để điều trị tình trạng Rối loạn do Sử dụng Opioid?,"Medicare đài thọ cho các bác sĩ và các nhà cung cấp dịch vụ khác để điều trị tình trạng Rối loạn do Sử dụng Opioid tại phòng khám, bao gồm quản lý, điều phối chăm sóc, liệu pháp tâm lý, hoạt động cố vấn và phân bổ và cấp phát thuốc."
Tôi sẽ phải trả bao nhiêu đồng cho các dịch vụ điều trị Opioid nếu nhận từ một nhà cung cấp dịch vụ của Chương trình Điều trị?,Quý vị sẽ không phải trả bất kỳ đồng thanh toán nào cho các dịch vụ này nếu quý vị nhận các dịch vụ từ một nhà cung cấp dịch vụ của Chương trình Điều trị
Những dịch vụ nào được bao gồm trong điều trị tình trạng Rối loạn do Sử dụng Opioid tại phòng khám?,"Quản lý, điều phối chăm sóc, liệu pháp tâm lý, hoạt động cố vấn và phân bổ và cấp phát thuốc"
Opioid đã đáp ứng những yêu cầu gì?,Opioid đã ghi danh Medicare và đáp ứng các yêu cầu khác
Làm thế nào để tìm hiểu về nơi cung cấp dịch vụ opioid?,Hãy nói chuyện với bác sĩ hoặc nhà cung cấp dịch vụ chăm sóc sức khỏe khác của quý vị
Tôi có thể tìm thông tin về các chương trình điều trị rối loạn sử dụng opioid ở đâu?,Quý vị cũng có thể truy cập Medicare.gov/coverage/opioid-use-disorder-treatment-services để tìm một chương trình gần quý vị
Tôi cần phải làm gì để biết liệu tôi có phải trả các khoản đồng thanh toán cho Chương trình Điều trị Opioid không?,Hãy kiểm tra với chương trình của quý vị để tìm hiểu xem liệu quý vị có phải trả các khoản đồng thanh toán hay không.
Medicare có đài thọ cho các dịch vụ chẩn đoán và điều trị tại bệnh viện không?,"Có, Medicare đài thọ nhiều dịch vụ chẩn đoán và điều trị mà quý vị nhận được khi là bệnh nhân ngoại trú tại bệnh viện."
Tôi có thể nhận điều trị Opioid ở bất kỳ đâu không?,"Không, điều trị Opioid có thể yêu cầu quý vị phải đến một Chương trình Điều trị Opioid thuộc mạng lưới."
Tôi phải trả bao nhiêu cho các dịch vụ của bác sĩ khi điều trị ngoại trú?,"Thông thường, quý vị sẽ trả 20% số tiền được Medicare phê duyệt cho các dịch vụ của bác sĩ hoặc nhà cung cấp dịch vụ chăm sóc sức khỏe khác."
Sự khác biệt về chi phí giữa điều trị tại cơ sở ngoại trú của bệnh viện và phòng khám của bác sĩ là gì?,Quý vị có thể phải trả nhiều tiền hơn cho các dịch vụ mà quý vị nhận được tại các cơ sở ngoại trú của bệnh viện so với số tiền mà quý vị phải trả cho dịch vụ chăm sóc tương tự tại phòng khám của bác sĩ.
Tôi phải trả những khoản phí nào ngoài chi phí cho bác sĩ khi điều trị ngoại trú?,Quý vị cũng sẽ thường phải trả cho ngoài số tiền quý vị trả cho bác sĩ
Bệnh viện có áp dụng khoản đồng thanh toán cho mỗi dịch vụ không?,"Có, bệnh viện áp dụng khoản đồng thanh toán cho mỗi dịch vụ mà quý vị nhận được tại cơ sở ngoại trú của bệnh viện."
Khoản đồng thanh toán có thể nhiều hơn tiền nằm viện Phần A khoản khấu trừ không?,"Không, khoản đồng thanh toán không thể nhiều hơn tiền nằm viện Phần A khoản khấu trừ cho mỗi dịch vụ."
Khoản khấu trừ nào sẽ được áp dụng cho các dịch vụ?,"Khoản khấu trừ Phần B sẽ được áp dụng, ngoại trừ một số dịch vụ phòng ngừa nhất định."
Làm thế nào để biết được chi phí cho các thủ thuật ngoại trú tại bệnh viện?,Nhận bản ước tính chi phí cho các thủ thuật ngoại trú tại bệnh viện được thực hiện tại các khoa ngoại trú của bệnh viện: Medicare.gov/procedure-price-lookup
Khoản đồng thanh toán của tôi có thể cao hơn khi điều trị ngoại trú không?,"Có, khoản đồng thanh toán của quý vị có thể cao hơn và có thể vượt quá khoản khấu trừ nằm viện Phần A"
Medicare đài thọ cho những dịch vụ y tế nào?,"Medicare đài thọ cho các thủ thuật đã được phê duyệt như chụp X-quang, bó bột, khâu, và phẫu thuật ngoại trú."
Tôi phải trả bao nhiêu cho các dịch vụ của bác sĩ?,Quý vị sẽ trả 20% số tiền được Medicare phê duyệt cho các dịch vụ của bác sĩ hoặc nhà cung cấp dịch vụ chăm sóc sức khỏe khác.
Tôi phải trả phí như thế nào cho dịch vụ tại cơ sở ngoại trú của bệnh viện?,Quý vị thường sẽ trả một đồng thanh toán cho mỗi dịch vụ mà quý vị nhận được tại cơ sở ngoại trú của bệnh viện.
Khoản đồng thanh toán có giới hạn không?,Khoản đồng thanh toán không thể nhiều hơn khoản khấu trừ nằm viện Phần A cho mỗi dịch vụ mà quý vị nhận được.
Medicare đài thọ những dịch vụ gì?,"Medicare đài thọ cần thiết về mặt y tế việc đánh giá và điều trị các chấn thương và bệnh tật làm thay đổi khả năng chức năng của quý vị, hoặc để cải thiện hoặc duy trì chức năng hiện tại hoặc làm chậm"
Quý vị phải trả chi phí gì nếu Medicare không đài thọ?,Quý vị sẽ trả tất cả chi phí cho các vật phẩm hoặc dịch vụ mà Medicare không đài thọ.
Tôi cần phải trả bao nhiêu phần trăm cho các dịch vụ y tế?,Quý vị trả 20% số tiền được Medicare phê duyệt.
Khoản khấu trừ nào sẽ được áp dụng cho các dịch vụ y tế?,Khoản khấu trừ Phần B sẽ được áp dụng.
Medicare có đài thọ cho các mũi tiêm phòng phế cầu khuẩn không?,"Có, Medicare đài thọ cho các mũi tiêm phòng phế cầu khuẩn (hoặc vắc-xin) để giúp phòng ngừa nhiễm"
Tôi cần phải trả tiền cho các mũi tiêm vắc-xin không?,"Không, nếu bác sĩ hoặc nhà cung cấp dịch vụ chăm sóc sức khỏe khác chấp nhận chỉ định cho các mũi tiêm này."
Vắc-xin nào được đề cập trong đoạn văn?,Vắc-xin phế cầu khuẩn
Dịch vụ phòng ngừa nào được đề cập trong đoạn văn?,Dự phòng trước phơi nhiễm (PrEP) để phòng ngừa HIV
PrEP là gì và nó được đài thọ như thế nào?,"PrEP là một dịch vụ phòng ngừa HIV, bao gồm thuốc PrEP, các dịch vụ tư vấn, tầm soát HIV và viêm gan B."
Tôi sẽ phải trả phí cho thuốc PrEP nếu nhận từ một nhà thuốc đã ghi danh Phần B?,"Không, quý vị sẽ không phải trả bất kỳ khoản phí nào cho thuốc của mình."
Tôi có phải trả tiền tự trả cho dịch vụ tư vấn và tầm soát HIV khi sử dụng PrEP?,"Không, nếu bác sĩ hoặc nhà cung cấp dịch vụ chăm sóc sức khỏe của quý vị chấp nhận chỉ định, quý vị sẽ không phải trả bất kỳ khoản tiền tự trả nào"
Truy cập trang web nào để tìm hiểu thêm về PrEP và các dịch vụ liên quan?,Medicare.gov/coverage/pre-exposure-prophylaxis-prep-for-hiv-prevention
Dịch vụ phòng ngừa nào được đề cập trong đoạn văn bản?,Tầm soát HIV và vi-rút viêm gan B
Dịch vụ quản lý chăm sóc chính của Medicare có mục đích gì?,Giúp quý vị kiểm soát một tình trạng bệnh mạn tính phức tạp
Những tình trạng bệnh nào có thể được đài thọ bởi dịch vụ quản lý chăm sóc chính của Medicare?,"Bệnh mạn tính có nguy cơ cao, chẳng hạn như ung thư"
Medicare có thể chi trả cho dịch vụ gì?,Dịch vụ trợ giúp của nhà cung cấp dịch vụ chăm sóc sức khỏe để kiểm soát các bệnh
Phần nào của khoản khấu trừ sẽ được áp dụng?,Phần B khoản khấu trừ và đồng bảo hiểm
Medicare có thể đài thọ cho những dịch vụ nào?,Medicare cũng có thể đài thọ cho các dịch vụ định hướng bệnh chính cho tình trạng bệnh mạn tính có nguy cơ cao của quý vị.
Mục đích của dịch vụ định hướng bệnh chính là gì?,Các dịch vụ này có thể giúp quý vị hiểu tình trạng bệnh hoặc chẩn đoán của mình và định hướng hệ thống chăm sóc sức khỏe để tìm dịch vụ chăm sóc và nhà cung cấp mà quý vị cần.
Tôi có thể tìm hiểu thêm về Medicare ở đâu?,Truy cập Medicare.gov để tìm hiểu thêm.
Tôi cần phải bao nhiêu tuổi để được Medicare đài thọ tầm soát ung thư tuyến tiền liệt?,Quý vị cần phải trên 50 tuổi
Tôi sẽ phải trả bao nhiêu cho khám trực tràng kỹ thuật số?,Quý vị sẽ trả 20% của số tiền được Medicare phê duyệt
Tôi có phải trả gì cho xét nghiệm kháng nguyên đặc hiệu cho tuyến tiền liệt (PSA) không?,Quý vị không phải trả gì
Medicare đài thọ cho những loại nẹp nào?,"Nẹp tay, chân, lưng và cổ"
Medicare đài thọ cho những thiết bị giả nào?,Thiết bị giả cần thiết để thay thế một cơ quan nội tạng hoặc chức năng của bộ phận đó
Tôi cần đến đâu để được Medicare đài thọ cho các bộ phận cơ thể giả hoặc chỉnh hình?,Quý vị phải đến nhà cung cấp thiết bị đã ghi danh vào Medicare.
Tôi phải trả bao nhiêu phần trăm số tiền được Medicare phê duyệt cho các bộ phận cơ thể giả hoặc chỉnh hình?,Quý vị trả 20% số tiền được Medicare phê duyệt.
Khoản khấu trừ nào sẽ được áp dụng khi tôi sử dụng dịch vụ các bộ phận cơ thể giả hoặc chỉnh hình?,Khoản khấu trừ Phần B sẽ được áp dụng.
Điều kiện nào để được hưởng dịch vụ?,Bị mắc bệnh phổi tắc nghẽn mạn tính (COPD) ở mức trung bình đến rất nặng và có giấy giới thiệu từ bác sĩ đang điều trị hoặc đã xác nhận hoặc nghi nhiễm COVID-19 và gặp các triệu chứng dai dẳng bao gồm rối loạn chức năng hô hấp trong ít nhất 4 tuần.
Quý vị phải trả bao nhiêu nếu nhận dịch vụ tại phòng khám bác sĩ?,20% số tiền được Medicare phê duyệt
Quý vị có phải trả thêm khoản nào khi nhận dịch vụ?,Một khoản đồng thanh toán cho mỗi buổi điều trị
Khoản khấu trừ nào sẽ được áp dụng khi sử dụng dịch vụ Phòng khám Sức khỏe Nông thôn?,Phần B khoản khấu trừ
Tôi phải trả bao nhiêu cho các dịch vụ phòng ngừa tại Phòng khám Sức khỏe Nông thôn?,Quý vị không phải trả gì cho hầu hết các dịch vụ phòng ngừa
Medicare đài thọ cho bao nhiêu ý kiến phẫu thuật?,"Medicare đài thọ cho ý kiến phẫu thuật thứ hai và trong một số trường hợp, cả ý kiến phẫu thuật thứ ba"
Tôi phải trả bao nhiêu khi được Medicare đài thọ cho ý kiến phẫu thuật thứ hai?,Quý vị trả 20% số tiền được Medicare phê duyệt
Medicare đài thọ cho những xét nghiệm tầm soát bệnh gì?,"Medicare đài thọ cho các xét nghiệm tầm soát STI để phát hiện bệnh chlamydia, lậu, giang mai và/hoặc Viêm gan B."
Trong những trường hợp nào thì Medicare đài thọ cho các xét nghiệm tầm soát STI?,Medicare đài thọ cho các xét nghiệm này nếu quý vị đang mang thai hoặc có nguy cơ mắc STI cao khi bác sĩ chăm sóc chính hoặc nhà cung cấp dịch vụ chăm sóc sức khỏe khác yêu cầu làm xét nghiệm.
Tần suất Medicare đài thọ cho các xét nghiệm tầm soát STI là bao nhiêu?,Medicare đài thọ cho các xét nghiệm này 12 tháng một lần
Medicare đài thọ tư vấn chuyên sâu về hành vi cho những đối tượng nào?,"cá nhân, gặp gỡ trực tiếp trong vòng 20–30 phút 2 buổi mỗi năm cho người lớn hoạt động tình dục thường xuyên có nguy cơ cao bị nhiễm các bệnh STI"
Những loại vắc-xin nào được đài thọ bởi Phần B của Medicare?,"Chích ngừa cúm, Viêm gan B, phế cầu khuẩn"
Bảo hiểm thuốc Medicare (Phần D) thường đài thọ những loại tiêm chủng nào?,Bảo hiểm thuốc Medicare (Phần D) thường đài thọ tất cả các loại tiêm chủng cho người trưởng thành khác được Ủy ban Cố vấn về Thực hành Tiêm chủng khuyến nghị.
Mục đích của việc tiêm chủng là để bảo vệ khỏi những bệnh nào?,"Bảo vệ khỏi các bệnh như bệnh zona, uốn ván, bạch hầu, ho gà và vi-rút hợp bào hô hấp (RSV)."
"Nếu mũi chích ngừa chưa có trong danh sách thuốc của chương trình bảo hiểm, tôi có thể làm gì?",Quý vị có thể yêu cầu trường hợp ngoại lệ.
Làm thế nào để biết chi tiết về chương trình bảo hiểm?,Liên hệ với chương trình bảo hiểm của quý vị để biết chi tiết
Tôi có thể tìm hiểu thêm về các loại vắc-xin được đài thọ ở đâu?,Truy cập Medicare.gov/coverage
Medicare đài thọ cho dịch vụ gì về ngôn ngữ-nói?,Đánh giá và điều trị để phục hồi và củng cố các kỹ năng ngôn ngữ-nói
Medicare chi trả bao nhiêu phần trăm cho dịch vụ nói và ngôn ngữ?,Quý vị sẽ trả 20% số tiền được Medicare phê duyệt.
Dịch vụ nào của Medicare liên quan đến việc điều trị vết thương do phẫu thuật?,Các dịch vụ băng phẫu thuật
Khi nào thì dịch vụ nói và ngôn ngữ được Medicare đài thọ?,Khi bác sĩ hoặc nhà cung cấp dịch vụ chăm sóc sức khỏe khác xác nhận rằng quý vị cần dịch vụ này.
Tôi sẽ phải trả bao nhiêu cho các dịch vụ của bác sĩ khi được điều trị?,Quý vị sẽ trả 20% số tiền được Medicare phê duyệt cho các dịch vụ của bác sĩ hoặc nhà cung cấp dịch vụ chăm sóc sức khỏe khác.
Tôi sẽ phải trả khoản nào khi nhận dịch vụ tại một cơ sở ngoại trú của bệnh viện?,Quý vị sẽ một khoản đồng thanh toán cố định cho những dịch vụ này khi nhận chúng tại một cơ sở ngoại trú của bệnh viện.
Medicare đài thọ những dịch vụ chăm sóc sức khỏe từ xa nào?,Medicare đài thọ một số dịch vụ chăm sóc sức khỏe từ xa mà quý vị nhận được từ bác sĩ hoặc nhà cung cấp dịch vụ chăm sóc sức khỏe khác ở nơi khác trong Hoa Kỳ sử dụng công nghệ để trao đổi liên lạc với quý vị theo thời gian thực.
Tôi có thể nhận dịch vụ chăm sóc sức khỏe từ xa tại đâu?,"Quý vị có thể nhận các dịch vụ chăm sóc sức khỏe từ xa tại bất kỳ địa điểm nào ở Hoa Kỳ, bao gồm cả tại nhà của quý vị, đến hết ngày 30 Tháng Chín, 2025."
Đến khi nào tôi có thể nhận dịch vụ chăm sóc sức khỏe từ xa tại nhà?,"Quý vị có thể nhận các dịch vụ chăm sóc sức khỏe từ xa tại nhà của mình đến hết ngày 30 Tháng Chín, 2025."
Từ ngày nào thì tôi phải ở văn phòng hoặc cơ sở y tế nằm ở khu vực nông thôn để nhận được hầu hết các dịch vụ chăm sóc sức khỏe từ xa?,"Ngày 1 Tháng Mười, 2025"
Tôi có thể nhận dịch vụ chăm sóc sức khỏe từ xa nào của Medicare mà không cần có mặt ở cơ sở chăm sóc sức khỏe khu vực nông thôn?,Thăm khám Bệnh thận Giai đoạn Cuối (ESRD) hàng tháng để lọc máu tại nhà
Tôi có thể nhận dịch vụ chăm sóc sức khỏe từ xa tại nhà không?,"Có, nhưng chỉ áp dụng cho một số dịch vụ, như thăm khám Bệnh thận Giai đoạn Cuối (ESRD) hàng tháng để lọc máu tại nhà"
"Dịch vụ chẩn đoán, đánh giá, hoặc điều trị nào được cung cấp cho đột quỵ cấp?","Dịch vụ chẩn đoán, đánh giá, hoặc điều trị các triệu chứng của đột quỵ cấp cho dù quý vị ở bất cứ đâu, kể cả khi ở trong xe cấp cứu đột quỵ"
Dịch vụ nào được cung cấp cho rối loạn sức khỏe tâm thần và/hoặc hành vi?,"Dịch vụ chẩn đoán, đánh giá hoặc điều trị rối loạn sức khỏe tâm thần và/hoặc hành vi tại nhà của quý vị"
Làm thế nào để biết dịch vụ cần có được Medicare đài thọ và cung cấp qua dịch vụ chăm sóc sức khỏe từ xa?,Hãy hỏi bác sĩ hoặc nhà cung cấp dịch vụ chăm sóc sức khỏe của quý vị
Khoản khấu trừ nào sẽ được áp dụng cho các dịch vụ của bác sĩ hoặc nhà cung cấp dịch vụ chăm sóc sức khỏe?,Khoản khấu trừ Phần B
Tôi có thể nhận được dịch vụ gì từ nhà với bảo hiểm cơ bản trong Original Medicare?,"Một số dịch vụ từ nhà, bất kể quý vị sống ở đâu"
Làm thế nào để biết những quyền lợi khám sức khỏe từ xa có thể có nếu nhà cung cấp Original Medicare tham gia Tổ chức Chăm sóc Có trách nhiệm (ACO)?,Hãy kiểm tra với họ để tìm hiểu
Tôi cần làm gì để biết các quyền lợi chăm sóc sức khỏe từ xa có sẵn nếu tôi tham gia Chương trình Medicare Advantage?,Hãy kiểm tra với chương trình
Medicare đài thọ cho những loại xét nghiệm nào?,"Medicare đài thọ cho việc chụp X-quang, MRI, chụp CT, EKG/ECG và một số xét nghiệm chẩn đoán khác."
Tôi phải trả bao nhiêu phần trăm cho các xét nghiệm được Medicare phê duyệt?,Quý vị trả 20% số tiền được Medicare phê duyệt.
Tôi sẽ phải trả bao nhiêu nếu làm xét nghiệm tại bệnh viện với tư cách là bệnh nhân ngoại trú?,Quý vị cũng phải trả cho bệnh viện một khoản đồng thanh toán có thể nhiều hơn 20% số tiền được Medicare phê duyệt.
Số tiền nào được phê duyệt cho các xét nghiệm?,Số tiền này không thể nhiều hơn tiền nằm viện Phần A khoản khấu trừ.
Xét nghiệm nào được Phần B đài thọ?,Xét nghiệm trong phòng thí nghiệm và các xét nghiệm khác được nêu ở trang 44.
Điều kiện để Medicare chi trả cho xét nghiệm chẩn đoán không phải xét nghiệm trong phòng thí nghiệm?,Quý vị phải thực hiện tại một nhà cung cấp được công nhận.
Medicare đài thọ cho dịch vụ quản lý chăm sóc chuyển tiếp trong trường hợp nào?,"Nếu quý vị đang quay trở lại cộng đồng của mình sau thời gian điều trị nội trú tại một số cơ sở nhất định, chẳng hạn như bệnh viện hoặc cơ sở điều dưỡng chuyên môn."
Ai sẽ làm việc với quý vị trong quá trình chuyển tiếp trở lại cộng đồng?,Nhà cung cấp dịch vụ chăm sóc sức khỏe đang quản lý quá trình chuyển tiếp trở lại cộng đồng của quý vị sẽ làm việc với quý vị và người chăm sóc
Dịch vụ quản lý chăm sóc chuyển tiếp được áp dụng sau khi điều trị ở đâu?,"Sau thời gian điều trị nội trú tại một số cơ sở nhất định, chẳng hạn như bệnh viện hoặc cơ sở điều dưỡng chuyên môn"
Medicare có hỗ trợ dịch vụ chăm sóc sau khi trở về nhà không?,"Có, Medicare hỗ trợ điều phối và quản lý dịch vụ chăm sóc trong 30 ngày đầu tiên sau khi trở về nhà."
Những loại cấy ghép nào được Medicare đài thọ?,"Medicare đài thọ các dịch vụ cấy ghép tim, phổi, thận, tụy, ruột và gan."
Cấy ghép được thực hiện ở đâu để được Medicare đài thọ?,Cấy ghép phải được thực hiện trong các cơ sở được Medicare chứng nhận.
Medicare có đài thọ cho việc cấy ghép tủy xương và giác mạc không?,"Có, nhưng tuân theo một số điều kiện nhất định."
Điều kiện để được Medicare đài thọ thuốc ức chế miễn dịch là gì?,Quý vị phải có Phần A tại thời điểm cấy ghép tạng được đài thọ và phải có Phần B tại thời điểm dùng thuốc ức chế miễn dịch.
Số tiền mà quý vị phải trả cho thuốc ức chế miễn dịch là bao nhiêu?,Quý vị sẽ trả 20% số tiền được Medicare phê duyệt.
Bảo hiểm thuốc Medicare (Phần D) có đài thọ cho các loại thuốc ức chế miễn dịch không?,"Có, nếu Phần B không đài thọ"
Khoản khấu trừ nào sẽ được áp dụng cho loại thuốc này?,Khoản khấu trừ Phần B
Tôi nên làm gì trước khi tham gia một Chương trình Medicare Advantage nếu tôi cần được cấy ghép?,"Kiểm tra chương trình trước khi tham gia để đảm bảo rằng các bác sĩ, nhà cung cấp dịch vụ chăm sóc sức khỏe"
Medicare có thể đài thọ cho phẫu thuật ghép tạng không?,"Có, Medicare có thể đài thọ cho phẫu thuật ghép tạng như một dịch vụ nội trú tại bệnh viện theo Phần A"
Medicare chi trả cho người hiến thận như thế nào?,Medicare chi trả toàn bộ chi phí chăm sóc cho người hiến thận của quý vị
Tôi cần kiểm tra thông tin gì về bảo hiểm của chương trình?,Yêu cầu thông tin về các loại thuốc được đài thọ cùng chi phí và kiểm tra các quy tắc bảo hiểm của chương trình đối với việc cho phép trước và bảo hiểm cho người hiến tặng khi còn sống
Tôi cần phải trả những khoản phí gì cho thời gian nằm viện của mình?,"Không phải trả khoản khấu trừ, đồng bảo hiểm, hoặc bất kỳ chi phí nào khác"
Khi nào tôi có thể đăng ký bảo hiểm?,"Bất kỳ lúc nào sau khi bảo hiểm Medicare Phần A của quý vị kết thúc, miễn là quý vị đã có Medicare do ESRD tại thời điểm thực hiện ghép thận."
Tôi cần liên hệ với ai để đăng ký?,"Gọi cho Cơ quan An sinh Xã hội theo số 1-877-465-0355, hoặc số 1-800-325-0778 nếu quý vị sử dụng TTY."
Tôi cần phải trả bao nhiêu tiền cho phí bảo hiểm hàng tháng?,Quý vị sẽ trả phí bảo hiểm hàng tháng là $110.40 (hoặc cao hơn dựa trên thu nhập của quý vị)
"Sau khi đáp ứng khoản khấu trừ, tôi sẽ phải trả bao nhiêu phần trăm cho các loại thuốc ức chế miễn dịch?",20% số tiền được Medicare phê duyệt
Medicare có đài thọ cho dịch vụ chăm sóc sức khỏe khi du lịch bên ngoài Hoa Kỳ không?,"Không, trừ một số trường hợp ngoại lệ"
Tôi cần truy cập trang web nào để tìm hiểu thêm về các trường hợp ngoại lệ khi du lịch bên ngoài Hoa Kỳ?,Medicare.gov/coverage/travel-outside-the-u.s.
Medicare chi trả cho việc chuyên chở cứu thương cần thiết về mặt y tế đến bệnh viện nước ngoài trong trường hợp nào?,Khi việc nhập viện là để thực hiện các dịch vụ nội trú được đài thọ và cần thiết về mặt y tế.
Các chương trình Medicare Advantage có thể cung cấp những quyền lợi bổ sung nào khi du lịch bên ngoài Hoa Kỳ?,Các dịch vụ khẩn cấp và cần thiết
Medicare đài thọ cho dịch vụ chăm sóc cần thiết khẩn cấp để điều trị bệnh hoặc chấn thương như thế nào?,Để điều trị bệnh hoặc chấn thương đột ngột nhưng không phải là trường hợp cấp cứu y tế và/hoặc đe dọa tính mạng.
"Khi sử dụng dịch vụ chăm sóc cần thiết khẩn cấp, tôi sẽ phải trả bao nhiêu?","20% số tiền được Medicare phê duyệt cho các dịch vụ của bác sĩ hoặc nhà cung cấp dịch vụ chăm sóc sức khỏe khác, và một khoản đồng thanh toán tại một cơ sở ngoại trú của bệnh viện."
"Khi sử dụng dịch vụ chăm sóc cần thiết khẩn cấp, khoản khấu trừ nào sẽ được áp dụng?",Khoản khấu trừ Phần B sẽ được áp dụng.
Medicare có đài thọ cho các buổi thăm khám trực tuyến không?,"Có, Medicare đài thọ cho các buổi thăm khám trực tuyến với bác sĩ của quý vị hoặc một số nhà cung cấp dịch vụ khác."
Các buổi thăm khám trực tuyến cho phép tôi làm gì?,Các buổi thăm khám trực tuyến cho phép quý vị trao đổi liên lạc ngắn gọn với các nhà cung cấp dịch vụ chăm sóc sức khỏe của mình bằng công nghệ truyền thông âm thanh hoặc video.
Bác sĩ của tôi có thể tiến hành đánh giá từ xa bằng cách nào?,Bác sĩ của quý vị cũng có thể tiến hành đánh giá từ xa bằng cách sử dụng hình ảnh hoặc video.
Làm thế nào bác sĩ hoặc nhà cung cấp dịch vụ có thể phản hồi tôi?,"Bác sĩ hoặc nhà cung cấp dịch vụ có thể phản hồi tôi thông qua điện thoại, chuyển phát qua công cụ ảo, tin nhắn văn bản bảo mật, email hoặc cổng thông tin bệnh nhân."
Khám trực tuyến khác với khám sức khỏe từ xa như thế nào?,Khám trực tuyến khác với khám sức khỏe từ xa vì các buổi thăm khám này thường kéo dài 10 phút hoặc ít hơn và không được thực hiện theo thời gian thực.
Điều kiện để tôi có thể khám trực tuyến là gì?,"Đoạn văn bản không cung cấp đầy đủ thông tin về điều kiện để khám trực tuyến, chỉ đề cập rằng quý vị có thể khám trực tuyến nếu đáp ứng các điều kiện sau, nhưng không liệt kê cụ thể các điều kiện đó."
Tôi cần làm gì trước khi thực hiện các loại hình thăm khám từ xa?,Quý vị đã nói chuyện với nhà cung cấp dịch vụ chăm sóc sức khỏe khác của mình về việc bắt đầu thực hiện các loại hình thăm khám này.
Làm thế nào để tôi xác nhận đồng ý với việc hỏi đáp từ xa?,"Quý vị phải xác nhận đồng ý bằng lời đối với việc hỏi đáp từ xa, và bác sĩ sẽ ghi lại ý kiến đồng ý của quý vị vào hồ sơ y tế."
Liên quan gì giữa việc hỏi đáp từ xa và buổi thăm khám y tế trước đó của tôi?,Việc hỏi đáp từ xa không được liên quan đến buổi thăm khám y tế quý vị đã thực hiện trong quá khứ.
"Khi sử dụng dịch vụ của bác sĩ hoặc nhà cung cấp dịch vụ chăm sóc sức khỏe khác, tôi sẽ phải trả bao nhiêu phần trăm?",20% số tiền được Medicare phê duyệt
Tôi cần liên hệ với ai để biết các dịch vụ trực tuyến mà chương trình Medicare Advantage của tôi cung cấp?,Chương trình của quý vị
Tôi có thể nhận được buổi thăm khám phòng ngừa nào khi tham gia Phần B?,Buổi thăm khám phòng ngừa “Chào mừng đến với Medicare”
Buổi thăm khám phòng ngừa “Chào mừng đến với Medicare” bao gồm những gì?,"Đánh giá tiền sử y tế và xã hội liên quan đến sức khỏe, phổ biến kiến thức và tư vấn về dịch vụ phòng ngừa"
Tôi có thể nhận được những loại mũi tiêm phòng hoặc vắc-xin nào trong buổi thăm khám?,"Phòng cúm, phế cầu khuẩn, và các mũi khuyến nghị khác"
Tôi cần thông báo gì khi đặt lịch hẹn?,Hãy thông báo cho phòng khám bác sĩ biết rằng quý vị muốn đặt lịch cho buổi khám phòng ngừa 'Chào mừng đến với Medicare'.
Tôi có phải trả tiền cho buổi thăm khám phòng ngừa 'Chào mừng đến với Medicare' không?,Quý vị không phải trả gì cho buổi thăm khám phòng ngừa 'Chào mừng đến với Medicare' nếu bác sĩ hoặc nhà cung cấp dịch vụ chăm sóc sức khỏe khác chấp nhận chỉ định.
Nhà cung cấp sẽ làm gì nếu tôi có đơn thuốc opioid hiện tại?,Nhà cung cấp của quý vị sẽ xem xét các yếu tố nguy cơ.
Nhà cung cấp dịch vụ chăm sóc sức khỏe sẽ làm gì khi đánh giá tình trạng của tôi?,"Nhà cung cấp dịch vụ chăm sóc sức khỏe sẽ đánh giá mức độ nghiêm trọng của cơn đau và kế hoạch điều trị hiện tại, cung cấp thông tin về các lựa chọn điều trị không opioid và có thể giới thiệu quý vị đến bác sĩ chuyên khoa, nếu phù hợp."
Những yếu tố nguy cơ nào sẽ được nhà cung cấp dịch vụ chăm sóc sức khỏe đánh giá?,"Nhà cung cấp dịch vụ chăm sóc sức khỏe sẽ đánh giá các yếu tố nguy cơ tiềm ẩn của quý vị đối với rối loạn sử dụng chất, trầm cảm, cũng như việc sử dụng rượu và thuốc lá"
"Nếu tôi có yếu tố nguy cơ, nhà cung cấp dịch vụ chăm sóc sức khỏe sẽ làm gì?",Nhà cung cấp dịch vụ chăm sóc sức khỏe sẽ giới thiệu quý vị để điều trị nếu cần
"Mục đích của việc thăm khám ""Sức khỏe"" hàng năm là gì?","Mục đích của việc thăm khám ""Sức khỏe"" hàng năm là nhằm xây dựng hoặc cập nhật kế hoạch cá nhân của quý vị nhằm phòng ngừa bệnh hoặc khuyết tật dựa trên tình trạng sức khỏe hiện tại và các yếu tố nguy cơ của quý vị."
"Khám ""Sức khỏe"" hàng năm có phải là khám sức khỏe tổng quát không?","Không, khám ""Sức khỏe"" hàng năm không phải là khám sức khỏe tổng quát."
Medicare đài thọ cho buổi khám này bao nhiêu lần trong một năm?,Medicare đài thọ cho buổi khám này 12 tháng một lần.
Tôi cần làm gì khi đến buổi thăm khám?,"Quý vị sẽ điền vào một bảng câu hỏi, được gọi là “Đánh giá Nguy cơ Sức khỏe”"
Buổi thăm khám của tôi sẽ bao gồm những hoạt động gì?,"Buổi thăm khám của quý vị cũng có thể bao gồm các hoạt động đo định kỳ, tư vấn sức khỏe, đánh giá tiền sử y tế và gia đình của quý vị, xem xét các toa thuốc hiện tại của quý vị, lập kế hoạch chăm sóc trước và nhiều hơn nữa"
Tôi có thể tìm thêm thông tin về buổi thăm khám ở đâu?,"Để biết thêm thông tin, hãy truy cập Medicare.gov/coverage"
Tôi có thể tìm kiếm thông tin về bảo hiểm ở đâu?,Medicare.gov/coverage
Các dấu hiệu của suy giảm nhận thức bao gồm những gì?,"khó ghi nhớ, học những điều mới, tập trung, quản lý tài chính và đưa ra quyết định về cuộc sống hàng ngày"
Medicare sẽ đài thọ cho những dịch vụ nào khi tôi bị suy giảm nhận thức?,"Medicare sẽ đài thọ cho một lần thăm khám riêng để đánh giá kỹ hơn về chức năng nhận thức của quý vị và kiểm tra các tình trạng như chứng mất trí, trầm cảm, lo âu hoặc mê sảng, và lập kế hoạch chăm sóc."
Ai sẽ đánh giá các yếu tố khi tôi bị suy giảm nhận thức?,Bác sĩ hoặc nhà cung cấp dịch vụ chăm sóc sức khỏe của quý vị sẽ đánh giá các yếu tố
Mục đích của việc đánh giá chức năng nhận thức là gì?,"Để kiểm tra các tình trạng như chứng mất trí, trầm cảm, lo âu hoặc mê sảng, và lập kế hoạch chăm sóc"
"Nếu bác sĩ thực hiện các xét nghiệm bổ sung không được Medicare đài thọ, tôi phải trả những gì?",Đồng bảo hiểm và khoản Phần B khoản khấu trừ có thể được áp dụng.
Medicare có đài thọ cho các xét nghiệm hoặc dịch vụ bổ sung không?,"Không, nếu các xét nghiệm hoặc dịch vụ bổ sung không được đài thọ dựa theo quyền lợi phòng ngừa, Medicare không đài thọ."
Medicare đài thọ cho những dịch vụ nào?,"Phí của Medicare giúp đài thọ cho các dịch vụ này, bao gồm cả các Chương trình Medicare Advantage và các Chương trình Chi phí của Medicare."
Original Medicare không đài thọ cho những dịch vụ nào?,"Original Medicare không đài thọ cho cơ sở chăm sóc dài hạn, khám mắt (đối với kính mắt theo toa và kính áp tròng điều chỉnh), giải phẫu thẩm mỹ, trị liệu xoa bóp và khám sức khỏe định kỳ."
Các Chương trình Medicare Advantage và các Chương trình Chi phí của Medicare có thể đài thọ những quyền lợi bổ sung nào?,"Các Chương trình Medicare Advantage và các Chương trình Chi phí của Medicare có thể đài thọ một số quyền lợi bổ sung, như các chương trình thể dục và các dịch vụ về thị lực, thính lực và nha khoa."
Original Medicare có đài thọ cho các dịch vụ chăm sóc nha khoa không?,"Hầu hết các trường hợp, Original Medicare không đài thọ cho các dịch vụ nha khoa như làm sạch định kỳ, trám răng, nhổ răng hoặc các vật dụng như răng giả."
Original Medicare có thể đài thọ cho dịch vụ nha khoa nào?,"Original Medicare có thể đài thọ cho một số dịch vụ nha khoa có liên quan chặt chẽ đến một số dịch vụ được đài thọ như sửa chữa hoặc thay thế van tim, ghép tạng."
Các dịch vụ nha khoa nào không được Original Medicare đài thọ?,"Các dịch vụ nha khoa như làm sạch định kỳ, trám răng, nhổ răng hoặc các vật dụng như răng giả không được Original Medicare đài thọ trong hầu hết các trường hợp."
Những gì KHÔNG được Phần A và Phần B đài thọ?,Tất cả các dịch vụ mà quý vị cần đến mà Phần A hoặc Phần B không đài thọ
Trường hợp nào thì quý vị không phải tự trả tiền cho các dịch vụ không được đài thọ?,Quý vị có chương trình bảo hiểm khác (bao gồm Medicaid) hoặc đang tham gia vào một Chương trình Medicare Advantage hoặc Chương trình Chi phí
Các vật dụng hoặc dịch vụ được đài thọ từ bác sĩ hoặc nhà cung cấp dịch vụ khác không tham gia chương trình Medicare?,Trừ trường hợp cấp cứu hoặc nhu cầu khẩn cấp
Dịch vụ nào được Medicare và hầu hết các bảo hiểm sức khỏe thanh toán?,"Dịch vụ chăm sóc y tế, bao gồm sửa chữa hoặc thay thế van tim, ghép tạng, các phương pháp điều trị liên quan đến ung thư, dịch vụ lọc máu để điều trị Bệnh thận giai đoạn cuối (ESRD)."
Dịch vụ chăm sóc dài hạn nào Medicare và hầu hết các bảo hiểm sức khỏe không thanh toán?,"Các dịch vụ chăm sóc dài hạn phi y tế, bao gồm chăm sóc tại viện dưỡng lão hoặc trong cộng đồng."
Các bảo hiểm sức khỏe nào Medicare thanh toán cùng với?,"Hầu hết các bảo hiểm sức khỏe, bao gồm Bảo hiểm Bổ sung Medicare (Medigap)."
Dịch vụ chăm sóc dài hạn phi y tế bao gồm những gì?,"Chăm sóc sức khỏe ban ngày cho người lớn, chăm sóc cá nhân, phương tiện di chuyển, bữa ăn giao tận nhà và các dịch vụ khác tại nhà và cộng đồng."
Quý vị có thể nhận được dịch vụ chăm sóc nào thông qua Medicaid?,Một số dịch vụ chăm sóc.
Tôi có thể nhận được dịch vụ chăm sóc dài hạn ở đâu?,"Quý vị có thể nhận được dịch vụ chăm sóc dài hạn phi y tế tại nhà, trong cộng đồng, trong một cơ sở trợ giúp sinh hoạt, hoặc trong một viện dưỡng lão."
Tôi có thể tự thanh toán chi phí chăm sóc dài hạn?,Quý vị có thể tự thanh toán chi phí chăm sóc dài hạn.
Tại sao tôi cần lập kế hoạch chăm sóc dài hạn?,Để duy trì sự độc lập của quý vị và để đảm bảo.
"Tôi muốn tìm hiểu thêm về việc lập kế hoạch chăm sóc dài hạn, nơi có thể tìm hiểu?",Truy cập ACL.gov/ltc
"Tôi muốn biết thêm thông tin về dịch vụ chăm sóc dài hạn, nguồn trợ giúp nào?",Các nguồn trợ giúp về dịch vụ chăm sóc dài hạn
"Tôi cần tìm sự trợ giúp trong cộng đồng, làm thế nào?","Gọi cho Người bảo vệ Quyền lợi Chăm sóc Dài hạn hoặc truy cập ltcombudsman.org để được trợ giúp về các dịch vụ quý vị cần, cập nhật thông tin về các quyền của quý vị và tìm chương trình Người bảo vệ Quyền lợi gần quý vị."
"Tôi muốn tìm thông tin về quyền lợi của mình, làm thế nào?","Gọi cho Người bảo vệ Quyền lợi Chăm sóc Dài hạn hoặc truy cập ltcombudsman.org để được trợ giúp về các dịch vụ quý vị cần, cập nhật thông tin về các quyền của quý vị và tìm chương trình Người bảo vệ Quyền lợi gần quý vị."
"Tôi muốn tìm văn phòng Hỗ trợ Y tế Tiểu bang (Medicaid) gần mình, làm thế nào?",Gọi cho văn phòng Hỗ trợ Y tế Tiểu bang (Medicaid) của quý vị hoặc truy cập Medicaid.gov/about-us/where-can-people-get-help-medicaid-chip/index.html#statemenu và sử dụng
Tôi cần gọi cho ai để tìm thông tin liên hệ của tiểu bang?,Chương trình Hỗ trợ Bảo hiểm Y tế Tiểu bang (SHIP) hoặc Sở Bảo hiểm Tiểu bang của quý vị
Tôi có thể tìm số điện thoại của Chương trình Tư vấn Bảo hiểm Sức khỏe (SHIP) địa phương của mình ở đâu?,Trang 114–117 hoặc trang shiphelp.org
Tôi có thể tìm số điện thoại của Sở Bảo hiểm Tiểu bang của mình ở đâu?,Truy cập content.naic.org/state-insurance-departments
Tôi cần phải làm gì để nhận được thông tin về bảo hiểm chăm sóc dài hạn?,Nhận bản sao 'Hướng dẫn cho Người mua về Bảo hiểm Chăm sóc Dài hạn' từ Hiệp hội Quốc gia Các Ủy viên Bảo hiểm tại content.naic.org.
Tôi có thể tìm thấy thông tin về bảo hiểm chăm sóc dài hạn ở đâu?,Tại content.naic.org/sites/default/files/publication-ltc-lp-shoppers-guide-long-term.pdf
Original Medicare hoạt động như thế nào?,Original Medicare hoạt động như một trong những lựa chọn bảo hiểm sức khỏe Medicare của quý vị.
Original Medicare bao gồm những phần nào?,Original Medicare bao gồm hai phần: Phần A (Bảo hiểm Bệnh viện) và Phần B (Bảo hiểm Y tế).
Quý vị phải trả một phần chi phí cho dịch vụ nào?,Quý vị phải trả một phần chi phí cho mỗi dịch vụ mà Original Medicare đài thọ.
"Tôi có thể nhận dịch vụ chăm sóc sức khỏe của mình từ bất kỳ bác sĩ, nhà cung cấp dịch vụ chăm sóc sức khỏe hay bệnh viện nào không?","Đa số trường hợp là có. Quý vị có thể đến thăm khám với bất kỳ bác sĩ, nhà cung cấp dịch vụ chăm sóc sức khỏe, bệnh viện nào."
Có giới hạn đối với số tiền tự trả của tôi trong một năm không?,Có giới hạn đối với số tiền tự trả của quý vị trong một năm trừ khi quý vị có chương trình bảo hiểm khác.
Tôi có thể nhận dịch vụ chăm sóc sức khỏe của mình từ bất kỳ bác sĩ nào không?,"Đa số trường hợp là có. Quý vị có thể đến thăm khám với bất kỳ bác sĩ, nhà cung cấp dịch vụ chăm sóc sức khỏe, bệnh viện nào."
"Tôi có thể tìm và so sánh các nhà cung cấp dịch vụ, bệnh viện và các cơ sở khác trong khu vực của mình ở đâu?",Truy cập Medicare.gov/care-compare
Medicare Phần B đài thọ cho thuốc kê toa không?,"Không, Medicare Phần B không đài thọ cho hầu hết các loại thuốc"
Có trường hợp ngoại lệ nào về thuốc kê toa mà Medicare Phần B đài thọ không?,"Có, như các loại thuốc ức chế miễn dịch hoặc các loại thuốc để kiểm soát cơn đau và triệu chứng"
Tôi có thể thêm bảo hiểm thuốc Medicare (Phần D) không?,"Có, bằng cách tham gia một chương trình thuốc Medicare riêng biệt (trang 79-90)"
Tôi nên mua thêm hợp đồng bảo hiểm bổ sung không?,Có thể quý vị muốn mua một hợp đồng Bảo hiểm Bổ sung Medicare (Medigap) nếu quý vị hội đủ điều kiện.
Tôi đã có bảo hiểm gì?,"Quý vị có thể đã có Medicaid, hoặc chủ lao động, bảo hiểm hưu trí hoặc công đoàn có thể trả các chi phí mà Original Medicare không chi trả."
Tôi có thể kiểm tra thông tin gì?,Quý vị cũng có thể kiểm tra với văn phòng Hỗ trợ Medicare hoặc kiểm tra trang 75–78 để biết thêm thông tin.
Tôi có thể kiểm tra xem mình có đủ điều kiện để nhận Medicaid không?,"Có, bạn có thể kiểm tra bằng cách sử dụng trợ Y tế Tiểu bang (Medicaid) của mình."
Tôi cần xem trang nào để biết định nghĩa của các từ màu xanh dương?,Bạn cần xem trang 119–122.
Tôi phải trả bao nhiêu tiền cho dịch vụ chăm sóc sức khỏe của mình trước khi Medicare bắt đầu chi trả?,Một số tiền nhất định cho dịch vụ chăm sóc sức khỏe của mình (khoản khấu trừ)
"Sau khi Medicare chi trả phần chia sẻ chi phí của họ, tôi phải trả bao nhiêu tiền?",Một khoản đồng bảo hiểm hoặc đồng thanh toán cho các dịch vụ và vật tư được đài thọ
Hạn mức hàng năm cho số tiền tự trả của tôi là gì?,Hạn mức hàng năm cho số tiền tự trả của quý vị trừ khi quý vị có chương trình bảo hiểm khác.
Tôi cần phải nộp các yêu cầu thanh toán Medicare hay không?,"Thông thường, quý vị không cần phải nộp các yêu cầu thanh toán Medicare."
Tôi phải trả những gì?,"Chi phí tự trả của quý vị trong Original Medicare phụ thuộc vào việc: • Quý vị có Phần A và/hoặc Phần B hay không. Đa số mọi người có cả hai. • Bác sĩ, nhà cung cấp dịch vụ chăm sóc sức khỏe khác hoặc nhà cung cấp thiết bị của quý vị có chấp nhận chỉ định (trang 59–60) hay không. • Loại hình chăm sóc sức khỏe mà quý vị cần và mức độ thường xuyên quý vị cần đến nó."
Chi phí tự trả của tôi phụ thuộc vào điều gì?,"Chi phí tự trả của quý vị trong Original Medicare phụ thuộc vào việc: • Quý vị có Phần A và/hoặc Phần B hay không. Đa số mọi người có cả hai. • Bác sĩ, nhà cung cấp dịch vụ chăm sóc sức khỏe khác hoặc nhà cung cấp thiết bị của quý vị có chấp nhận chỉ định (trang 59–60) hay không. • Loại hình chăm sóc sức khỏe mà quý vị cần và mức độ thường xuyên quý vị cần đến nó."
Tôi có phải trả chi phí tự trả khi sử dụng Original Medicare?,"Chi phí tự trả của quý vị trong Original Medicare phụ thuộc vào việc: • Quý vị có Phần A và/hoặc Phần B hay không. Đa số mọi người có cả hai. • Bác sĩ, nhà cung cấp dịch vụ chăm sóc sức khỏe khác hoặc nhà cung cấp thiết bị của quý vị có chấp nhận chỉ định (trang 59–60) hay không. • Loại hình chăm sóc sức khỏe mà quý vị cần và mức độ thường xuyên quý vị cần đến nó."
Quý vị có Bảo hiểm Bổ sung Medicare (Medigap) hay không?,Không có thông tin cụ thể về việc có Bảo hiểm Bổ sung Medicare (Medigap) hay không.
Làm cách nào để biết Medicare đã chi trả cho những dịch vụ nào?,Quý vị sẽ nhận được ‘Thông báo Tóm tắt của Medicare’ (MSN) liệt kê tất cả các dịch vụ đã được lập hóa đơn cho Medicare.
Tôi cần làm gì để biết Medicare đã chi trả cho những dịch vụ nào?,Hãy xem lại các thông báo MSN của mình.
"Nếu tôi không đồng ý với quyết định của Medicare về việc không đài thọ cho một dịch vụ nào đó, thì tôi cần làm gì?",Sẽ có thông tin về cách khiếu nại trong thông báo MSN.
Tôi sẽ nhận được thông báo này như thế nào?,Quý vị sẽ nhận được thông báo này qua thư ít nhất hai lần một năm trừ khi quý vị đăng ký nhận thông báo điện tử.
Tôi cần làm gì để thay đổi địa chỉ của mình trên MSN?,"Nếu quý vị cần thay đổi địa chỉ của mình trên MSN, truy cập SSA.gov/personal-record/update-contact-information."
Tôi có được thông báo về việc được ghi danh vào chương trình QMB không?,"Có, MSN sẽ cho quý vị biết"
"Nếu tôi tham gia chương trình QMB, các nhà cung cấp dịch vụ Medicare sẽ làm gì?","Không được phép lập hóa đơn cho các khoản khấu trừ, đồng bảo hiểm, hoặc đồng thanh toán của Medicare Phần A và/hoặc Phần B"
Tôi có thể được lập hóa đơn khoản đồng thanh toán nhỏ trong trường hợp nào?,Trong một số trường hợp
Tôi có thể kiểm tra thông tin yêu cầu thanh toán bảo hiểm Medicare của mình ở đâu?,Quý vị có thể kiểm tra MSN về thông tin yêu cầu bồi thường.
Tôi có thể chia sẻ thông tin yêu cầu bồi hoàn với ai?,"Quý vị có thể chia sẻ thông tin này với các bác sĩ, nhà thuốc, và những người khác."
Tôi có thể tiếp cận yêu cầu bồi thường của mình bằng cách nào?,Quý vị có thể tiếp cận yêu cầu bồi thường của mình thông qua các ứng dụng được kết nối hoặc truy cập vào tài khoản của Medicare.gov.
Các ứng dụng được kết nối với Medicare là những ứng dụng nào?,Các ứng dụng được chấp thuận bởi Medicare do bên thứ ba tạo ra.
Tôi có thể sử dụng dịch vụ của ứng dụng như thế nào?,Khi kết nối với ứng dụng và đăng nhập bằng thông tin tài khoản Medicare.gov của mình.
Các bên thứ ba có thể truy cập dữ liệu Medicare của tôi như thế nào?,Chỉ khi quý vị kết nối với ứng dụng và đăng nhập bằng thông tin tài khoản Medicare.gov của mình.
Thỏa thuận chi trả trực tiếp (assignment) là gì?,"Là bác sĩ, nhà cung cấp dịch vụ chăm sóc sức khỏe khác hoặc nhà cung cấp của quý vị đồng ý (hoặc được pháp luật yêu cầu) chấp nhận số tiền được Medicare phê duyệt như là khoản thanh toán đầy đủ cho các dịch vụ được đài thọ."
Chỉ định có nghĩa là gì?,"Bác sĩ, nhà cung cấp dịch vụ chăm sóc sức khỏe khác hoặc nhà cung cấp của quý vị đồng ý (hoặc được pháp luật yêu cầu) chấp nhận số tiền được Medicare phê duyệt như là khoản thanh toán đầy đủ cho các dịch vụ được đài thọ."
Quý vị có thể lựa chọn kết nối với ứng dụng của bên thứ ba không?,"Có, quý vị luôn có thể lựa chọn nếu quý vị muốn kết nối (hoặc duy trì kết nối) với ứng dụng của bên thứ ba."
"Nếu bác sĩ, nhà cung cấp dịch vụ hoặc nhà cung cấp thiết bị của tôi chấp nhận thỏa thuận chi trả trực tiếp, thì tôi sẽ được hưởng lợi gì?",Chi phí tự trả của quý vị có thể ít hơn.
"Khi bác sĩ, nhà cung cấp dịch vụ hoặc nhà cung cấp thiết bị của tôi chấp nhận thỏa thuận chi trả trực tiếp, họ sẽ tính phí cho tôi bao nhiêu?",Họ đồng ý chỉ tính phí cho quý vị khoản khấu trừ và khoản đồng bảo hiểm Medicare và.
Tôi cần phải làm gì để đảm bảo rằng các nhà cung cấp của mình vẫn thực hiện thỏa thuận chi trả trực tiếp?,Hãy luôn kiểm tra để đảm bảo rằng các nhà cung cấp của quý vị vẫn thực hiện.
Họ có tính phí gửi yêu cầu thanh toán của tôi không?,"Không, họ không thể tính phí việc gửi yêu cầu thanh toán này cho quý vị."
Tôi phải đợi khi nào để đề nghị thanh toán phần chia sẻ chi phí của tôi?,Thường đợi đến khi Medicare chi trả phần chia sẻ chi phí của Medicare trước khi đề nghị quý vị thanh toán phần chia sẻ chi phí của quý vị.
"Nếu nhà cung cấp của tôi không chấp nhận thanh toán, thì sao?","Một số bác sĩ, nhà cung cấp dịch vụ chăm sóc sức khỏe và nhà cung cấp vật tư chưa đồng ý và"
Họ có bắt buộc phải chấp nhận chỉ định cho tất cả các dịch vụ được Medicare đài thọ không?,"Không, luật pháp không bắt buộc họ phải chấp nhận chỉ định cho tất cả các dịch vụ được Medicare đài thọ."
Họ có thể chọn chấp nhận thỏa thuận chi trả trực tiếp cho các dịch vụ riêng lẻ được Medicare đài thọ không?,"Có, họ vẫn có thể chọn chấp nhận thỏa thuận chi trả trực tiếp cho các dịch vụ riêng lẻ."
"Nếu bác sĩ, nhà cung cấp dịch vụ chăm sóc sức khỏe hoặc nhà cung cấp vật tư không chấp nhận thỏa thuận chi trả trực tiếp, tôi sẽ phải trả bao nhiêu tiền?",Quý vị có thể phải trả toàn bộ phí tại thời điểm sử dụng dịch vụ.
"Tôi sẽ phải trả tiền cho dịch vụ chăm sóc sức khỏe như thế nào nếu bác sĩ, nhà cung cấp dịch vụ chăm sóc sức khỏe hoặc nhà cung cấp vật tư không chấp nhận thỏa thuận chi trả trực tiếp?",Quý vị có thể phải trả toàn bộ phí tại thời điểm sử dụng dịch vụ.
"Bác sĩ, nhà cung cấp dịch vụ chăm sóc sức khỏe hoặc nhà cung cấp vật tư không chấp nhận thỏa thuận chi trả trực tiếp, tôi sẽ phải làm gì?",Quý vị có thể phải trả toàn bộ phí tại thời điểm sử dụng dịch vụ.
"Nếu dịch vụ chăm sóc sức khỏe hoặc nhà cung cấp vật tư không gửi yêu cầu thanh toán Medicare, tôi nên làm gì?",Hãy gọi số 1‑800‑MEDICARE (1‑800‑633‑4227) hoặc 1-877-486-2048 nếu quý vị là người dùng TTY.
Tôi có thể bị tính phí nhiều hơn số tiền được Medicare phê duyệt không?,"Có, họ có thể tính phí quý vị nhiều hơn số tiền được Medicare phê duyệt."
Tôi cần yêu cầu dịch vụ chăm sóc sức khỏe hoặc nhà cung cấp vật tư gửi yêu cầu thanh toán Medicare không?,"Có, dịch vụ chăm sóc sức khỏe hoặc nhà cung cấp vật tư phải gửi yêu cầu thanh toán cho Medicare cho bất kỳ dịch vụ nào được Medicare đài thọ mà họ đã cung cấp cho quý vị."
Số tiền nào được gọi là “phí hạn chế”?,Số tiền này được gọi là “phí hạn chế.”
"Nếu quý vị có Original Medicare, quý vị có thể sử dụng bất kỳ nhà cung cấp dịch vụ chăm sóc sức khỏe nào?",bất kỳ nhà cung cấp dịch vụ chăm sóc sức khỏe nào tham gia Medicare mà quý vị muốn
Tôi cần tìm hiểu về bác sĩ và nhà cung cấp dịch vụ chăm sóc sức khỏe thuộc mạng lưới của chương trình như thế nào?,Quý vị sẽ cần sử dụng bác sĩ và các nhà cung cấp dịch vụ chăm sóc sức khỏe khác thuộc mạng lưới của chương trình.
Tôi cần tìm hiểu nhà cung cấp thiết bị y tế nào chấp nhận thỏa thuận chi trả trực tiếp?,Quý vị có thể tìm hiểu trên trang Medicare.gov/medical-equipment-suppliers.
Tôi cần tìm hiểu cách liên hệ với chương trình để được hỗ trợ?,Quý vị có thể gọi 1-800-MEDICARE hoặc Chương trình Hỗ trợ Bảo hiểm Y tế Tiểu bang (SHIP).
"Nếu tôi muốn sử dụng một nhà cung cấp chọn không tham gia Medicare, thì điều gì sẽ xảy ra?",Medicare sẽ không chi trả cho bất kỳ dịch vụ chăm sóc sức khỏe nào từ nhà cung cấp đó.
Tại sao một số bác sĩ và nhà cung cấp dịch vụ chăm sóc sức khỏe không muốn làm việc với chương trình Medicare?,Bởi vì họ có thể “chọn không tham gia” Medicare.
Tôi có thể tìm thấy số điện thoại của SHIP địa phương của mình ở đâu?,Xem trang 114–117 để biết số điện thoại của SHIP địa phương của quý vị hoặc truy cập shiphelp.org
Vật phẩm hay dịch vụ nào được đài thọ mà quý vị nhận được từ một bác sĩ hoặc nhà cung cấp dịch vụ khác không tham gia chương trình?,"Vật phẩm hay dịch vụ nào được đài thọ mà quý vị nhận được từ một bác sĩ hoặc nhà cung cấp dịch vụ khác không tham gia chương trình, ngoại trừ trường hợp cấp cứu hoặc cần thiết khẩn cấp."
Có thể sử dụng nhà cung cấp dịch vụ không tham gia chương trình được không?,"Nếu quý vị vẫn muốn sử dụng nhà cung cấp dịch vụ không tham gia chương trình, thì quý vị và nhà cung cấp dịch vụ đó có thể thiết lập các điều khoản thanh toán mà cả hai đồng ý thông qua một hợp đồng riêng."
Bác sĩ hoặc nhà cung cấp dịch vụ chăm sóc sức khỏe không tham gia chương trình phải làm gì?,Bác sĩ hoặc nhà cung cấp dịch vụ chăm sóc sức khỏe không tham gia chương trình phải làm theo các điều khoản đã được thỏa thuận trong hợp đồng riêng.
Làm thế nào để biết nhà cung cấp dịch vụ đã chọn không tham gia Medicare?,Hãy kiểm tra với họ để biết trước được liệu quý vị sẽ cần phải tự chi trả cho dịch vụ chăm sóc của quý vị hay không.
Làm thế nào để tìm các nhà cung cấp chọn không tham gia Medicare?,Hãy truy cập data.cms.gov/tools/provider-opt-out-affidavits-look-up-tool.
Làm thế nào để tự động gia hạn hợp đồng với nhà cung cấp dịch vụ?,Mỗi 2 năm một lần trừ khi nhà cung cấp dịch vụ yêu cầu không gia hạn trạng thái không tham gia của họ nữa.
Các chương trình Medicare Advantage là gì?,Các chương trình Medicare Advantage là một cách khác để nhận bảo hiểm Medicare Phần A và Phần B của quý vị.
Các chương trình Medicare Advantage được cung cấp bởi ai?,Các chương trình Medicare Advantage được cung cấp bởi các công ty tư nhân được Medicare phê duyệt.
Các chương trình Medicare Advantage phải tuân theo quy tắc nào?,Các chương trình Medicare Advantage phải tuân theo các quy tắc do Medicare đặt ra.
Các chương trình Medicare Advantage có tên gọi khác là gì?,Phần C hoặc Chương trình MA
Hầu hết các Chương trình Medicare Advantage đều có bảo hiểm thuốc gì?,Bảo hiểm thuốc Medicare (Phần D)
Các Chương trình Medicare Advantage hạn chế số tiền gì?,Số tiền quý vị phải tự chi
Tôi có cần phê duyệt trước khi sử dụng dịch vụ không?,"Có, với một số dịch vụ hoặc thuốc nhất định, quý vị cần được phê duyệt từ chương trình của quý vị trước khi đài thọ."
Tôi có cần giấy giới thiệu để sử dụng dịch vụ của bác sĩ chuyên khoa không?,"Có, trong một số trường hợp, quý vị cần phải có giấy giới thiệu để sử dụng dịch vụ của bác sĩ chuyên khoa."
Tôi có thể đài thọ các dịch vụ không khẩn cấp ngoài mạng lưới không?,"Có, nhưng có thể có chi phí cao hơn."
Tôi cần sử dụng thẻ gì để nhận các dịch vụ được Medicare đài thọ?,Thẻ từ Chương trình Medicare Advantage
"Nếu tôi tham gia Chương trình Medicare Advantage, tôi sẽ nhận bảo hiểm từ đâu?","Chương trình của mình, không phải Original Medicare"
Các chương trình Medicare Advantage đài thọ cho những dịch vụ nào?,Các chương trình Medicare Advantage cung cấp hầu hết các dịch vụ cần thiết về mặt y tế Original Medicare đài thọ.
Original Medicare đài thọ chi phí cho dịch vụ nào khi tham gia Chương trình Medicare Advantage?,Original Medicare sẽ đài thọ chi phí cho dịch vụ chăm sóc cuối đời và một số chi phí cho các nghiên cứu lâm sàng.
Original Medicare bao gồm những quyền lợi nào khi tham gia Chương trình Medicare Advantage?,Original Medicare cũng có thể bao gồm các quyền lợi mới.
Tôi nên làm gì nếu không chắc về việc liệu một dịch vụ có được đài thọ hay không?,Hãy trao đổi với nhà cung cấp dịch vụ trước khi nhận dịch vụ.
Tôi có thể làm gì nếu không đồng ý với quyết định của bảo hiểm?,Quý vị có thể nộp đơn khiếu nại (trang 98–101).
Các Chương trình Medicare Advantage có thể đài thọ cho những điều gì?,Các Chương trình Medicare Advantage có thể đài thọ cho một số điều mà Original Medicare không đài thọ.
Chương trình này có đài thọ cho chi phí đi lại đến phòng khám bác sĩ không?,"Có, chương trình đài thọ cho chi phí đi lại đến phòng khám bác sĩ."
Chương trình này có đài thọ cho các loại thuốc không kê toa không?,"Không, Phần D không đài thọ cho các loại thuốc không kê toa."
Tôi nên làm gì trước khi tham gia chương trình?,Hãy trao đổi với chương trình trước để tìm hiểu về những gì chương trình cung cấp và liệu có giới hạn nào không.
Tôi có thể tìm hiểu về các quyền lợi bổ sung của Chương trình Medicare Advantage trước khi tham gia không?,"Có, quý vị có thể trao đổi với Chương trình Medicare Advantage trước khi tham gia để tìm hiểu xem họ có cung cấp các quyền lợi này hay không."
Tôi cần phải làm gì để biết liệu mình đủ điều kiện nhận các quyền lợi bổ sung của Chương trình Medicare Advantage?,Quý vị cần phải đợi cho đến khi tham gia chương trình để tìm hiểu xem liệu quý vị có đủ điều kiện hay không.
Các Chương trình Medicare Advantage phải tuân theo quy định nào?,Các Chương trình Medicare Advantage phải tuân theo các quy tắc của Medicare
Các công ty cung cấp Chương trình Medicare Advantage phải tuân theo quy tắc nào?,Các quy tắc do Medicare đặt ra
Quý vị cần giấy giới thiệu để được khám bác sĩ chuyên khoa?,"Có thể cần, tùy thuộc vào quy tắc của Chương trình Medicare Advantage"
Tôi có thể được chăm sóc không cấp cứu hoặc không khẩn cấp ở đâu?,"bác sĩ, cơ sở hoặc các nhà cung cấp vật tư trong mạng lưới của chương trình"
Các quy tắc của chương trình có thể thay đổi như thế nào?,Các quy tắc này có thể thay đổi mỗi năm
Các nhà cung cấp dịch vụ có thể rời khỏi mạng lưới của chương trình khi nào?,bất kỳ thời điểm nào trong năm
Tôi có thể thay đổi chương trình trong năm không?,Quý vị thường không thể thay đổi chương trình trong năm.
"Nếu mạng lưới nhà cung cấp dịch vụ thay đổi, tôi có thể tiếp cận với các bác sĩ đủ tiêu chuẩn không?",Chương trình của quý vị vẫn phải cho phép quý vị tiếp cận với các bác sĩ và bác sĩ chuyên khoa đủ tiêu chuẩn.
Tôi sẽ được thông báo gì nếu nhà cung cấp của tôi thay đổi?,Chương trình của quý vị sẽ thông báo cho quý vị nếu nhà cung cấp của quý vị thay đổi.
Tôi sẽ nhận được thông báo khi nào?,"Nếu quý vị là nhà cung cấp dịch vụ chăm sóc sức khỏe chính hoặc sức khỏe hành vi và đã sử dụng nhà cung cấp đó trong ba năm qua, hoặc trong một số trường hợp nhất định nếu nhà cung cấp khác bỏ dở chương trình."
Tôi sẽ nhận được thông báo nếu mạng lưới của chương trình thay đổi?,"Có, chương trình của quý vị cũng sẽ thay đổi."
Tôi phải làm gì khi nhận được thông báo?,Quý vị sẽ có thời gian lựa chọn nhà cung cấp mới.
Mục đích của việc chọn nhà cung cấp dịch vụ mới là gì?,Giúp quý vị chọn một nhà cung cấp dịch vụ mới để tiếp tục quản lý các nhu cầu chăm sóc sức khỏe của quý vị.
Liệu có thông báo về thời điểm ghi danh khác nhau không?,Thông báo cho quý vị những thời điểm ghi danh khác nhau có thể có với quý vị.
Tôi cần làm gì nếu tôi không hài lòng với chương trình Medicare Advantage?,"Tôi có thể thay đổi chương trình trong Ghi danh Mở, Thời gian Ghi danh Mở Medicare Advantage hoặc Thời gian Ghi danh Đặc biệt nếu tôi đủ điều kiện."
Tôi có thể thay đổi chương trình Medicare Advantage khi nào?,"Tôi có thể thay đổi chương trình trong Ghi danh Mở, Thời gian Ghi danh Mở Medicare Advantage hoặc Thời gian Ghi danh Đặc biệt nếu tôi đủ điều kiện."
Tôi cần đọc thông báo nào để biết về bất kỳ thay đổi nào?,Tôi cần đọc kỹ thông báo của mình để biết về bất kỳ thay đổi nào.
Chương trình của quý vị phải giúp quý vị nhận được dịch vụ y tế nào?,Bất kỳ dịch vụ y tế cần thiết nào được đài thọ bên ngoài mạng lưới nhà cung cấp
"Tôi đang tham gia Chương trình Medicare Advantage, nên làm gì?",Hãy xem 'Thông báo Thay đổi Hàng năm' và 'Chứng từ Bảo hiểm' từ chương trình của mình mỗi năm.
Khi nào chương trình chi trả sẽ gửi thông báo cho tôi?,Vào ngày 15 Tháng Mười.
Tôi có thể nhận thông báo của chương trình chi trả bằng cách nào?,Thông qua điện tử hoặc qua thư.
"Nếu tôi không nhận được thông báo quan trọng từ chương trình chi trả, tôi nên làm gì?",Liên hệ với chương trình của tôi.
Tôi cần có bảo hiểm gì để tham gia Chương trình Medicare Advantage?,Bảo hiểm Phần A và Phần B
Tôi cần sống ở khu vực nào để tham gia Chương trình Medicare Advantage?,Khu vực dịch vụ của chương trình
Tôi có thể nhận được thông tin gì từ Chương trình Medicare Advantage?,Thông tin về chi phí và phạm vi bảo hiểm
Tôi có thể tham gia Chương trình Medicare Advantage ngay cả khi tôi đã có một tình trạng bệnh từ trước?,"Có, quý vị có thể tham gia một Chương trình Medicare Advantage ngay cả khi quý vị đã có một tình trạng bệnh từ trước."
Tôi có thể tham gia hoặc rời khỏi Chương trình Medicare Advantage vào thời điểm nào trong năm?,Quý vị chỉ có thể tham gia hoặc rời khỏi một Chương trình Medicare Advantage vào những thời điểm nhất định trong năm (trang 71–72).
Các Chương trình Medicare Advantage có thể rời khỏi Medicare vào thời điểm nào?,"Mỗi năm, các Chương trình Medicare Advantage có thể chọn rời khỏi Medicare hoặc thực hiện các thay đổi khác."
"Nếu chương trình quyết định ngừng tham gia Medicare, tôi phải làm gì?",Tham gia một Chương trình Medicare Advantage khác hoặc trở lại Original Medicare
Các Chương trình Medicare Advantage phải tuân theo quy tắc gì khi cung cấp thông tin?,Các quy tắc được mô tả trên trang 105–106
Nếu tôi mắc Bệnh thận Giai đoạn Cuối (ESRD) thì sao?,"Nếu quý vị mắc ESRD, quý vị có thể chọn Original Medicare hoặc Chương trình Medicare Advantage khi quyết định cách nhận bảo hiểm Medicare."
Tôi có nên kiểm tra Chương trình Medicare Advantage trước khi tham gia không?,"Có, kiểm tra với Chương trình Medicare Advantage trước khi quý vị tham gia để đảm bảo các bác sĩ của quý vị và các nhà cung cấp khác nằm trong mạng lưới của chương trình."
Tôi có thể biết thông tin về các loại thuốc được đài thọ như thế nào?,"Để biết thông tin về các loại thuốc được đài thọ, kiểm tra với Chương trình Medicare Advantage trước khi tham gia."
Tôi có thể sử dụng bảo hiểm thuốc kê toa khác khi không tham gia bảo hiểm thuốc Medicare?,"Có, quý vị có thể sử dụng bảo hiểm thuốc kê toa khác mà quý vị có."
Tôi có thể không tham gia bảo hiểm thuốc Medicare nếu tôi có bảo hiểm thuốc khác?,"Không, nếu quý vị quyết định không tham gia bảo hiểm thuốc Medicare khi hội đủ điều kiện lần đầu tiên và bảo hiểm thuốc khác của quý vị không phải là bảo hiểm thuốc kê toa có uy tín, quý vị có thể phải trả tiền phạt ghi danh trễ."
Tôi có thể phải trả tiền phạt gì khi không tham gia bảo hiểm thuốc Medicare?,Quý vị có thể phải trả tiền phạt ghi danh trễ được cộng vào phí bảo hiểm.
Nếu tôi có bảo hiểm khác thì sao?,"Không rõ ràng trong đoạn văn bản, nhưng có thể hiểu rằng việc tham gia Chương trình Medicare Advantage có thể ảnh hưởng đến bảo hiểm của quý vị."
Tôi có thể tham gia Chương trình Medicare Advantage nếu tôi đang có bảo hiểm của chủ lao động?,"Không, việc tham gia Chương trình Medicare Advantage có thể khiến quý vị mất bảo hiểm của chủ lao động."
Tôi nên làm gì trước khi tham gia Chương trình Medicare Advantage?,"Trao đổi với chủ lao động, công đoàn của quý vị, hoặc quản trị viên quyền lợi khác về các quy tắc của họ."
Tôi có thể tham gia Chương trình Medicare Advantage cùng với bảo hiểm của chủ lao động không?,"Có, trong một số trường hợp"
Nếu tôi có Bảo hiểm Bổ sung Medicare (Medigap) thì sao?,"Nếu quý vị đã có Medigap và tham gia vào một Chương trình Medicare Advantage, quý vị nên bỏ chương trình Medigap của mình."
Tôi có thể hủy Medigap để tham gia Chương trình Medicare Advantage được không?,"Có, nhưng quý vị có thể không được nhận lại hợp đồng Medigap hoặc có thể phải trả nhiều hơn cho hợp đồng."
Tôi có thể tham gia Chương trình Medicare Advantage mà không cần hủy Medigap không?,"Không, nếu quý vị đã có Medigap và tham gia vào một Chương trình Medicare Advantage, quý vị nên bỏ chương trình Medigap của mình."
Tôi có thể hủy bỏ chính sách Medigap của mình không?,"Có, bạn có thể hủy bỏ chính sách Medigap của mình. Để biết thêm chi tiết, hãy truy cập Medicare.gov/health-drug-plans/medigap/ready-to-buy/change-policies."
Tôi có thể mua Medigap khi đang tham gia Chương trình Medicare Advantage không?,"Không, bạn không thể mua Medigap trong khi đang tham gia Chương trình Medicare Advantage trừ khi bạn chuyển lại Original Medicare."
Tôi có thể sử dụng Medigap để thanh toán các chi phí y tế không?,"Không, bạn không thể sử dụng Medigap để thanh toán các chi phí y tế."
Tôi phải trả phí bảo hiểm hàng tháng trong Chương trình Medicare Advantage?,"Có thể, một số chương trình có tính phí bảo hiểm hàng tháng"
Liệu chương trình có trả bất kỳ khoản phí bảo hiểm Phần B nào hàng tháng của quý vị hay không?,"Có thể, một số Chương trình Medicare Advantage sẽ giúp chi trả toàn bộ hoặc một phần phí bảo hiểm Phần B của quý vị."
Chương trình có khoản khoản khấu trừ hàng năm hoặc bất kỳ khoản khấu trừ bổ sung nào cho các dịch vụ nhất định?,"Có, chương trình có khoản khoản khấu trừ hàng năm hoặc bất kỳ khoản khấu trừ bổ sung nào cho các dịch vụ nhất định."
Giảm phí bảo hiểm Medicare Phần B là gì?,"Đôi khi được gọi là “giảm phí bảo hiểm Medicare Phần B”, quyền lợi này đôi khi được gọi như vậy."
Tôi phải trả bao nhiêu tiền cho mỗi lần thăm khám?,"Số tiền quý vị phải trả cho mỗi lần thăm khám hoặc dịch vụ, như đồng thanh toán hoặc đồng bảo hiểm."
Các Chương trình Medicare Advantage có tính phí bao nhiêu?,Các Chương trình Medicare Advantage không được tính phí nhiều hơn Original Medicare cho một số dịch vụ nhất định.
Tôi có phải trả phí cho các ngày chăm sóc tại cơ sở điều dưỡng chuyên môn?,Các ngày 21-100 của chăm sóc tại cơ sở điều dưỡng chuyên môn không tính phí.
"Nếu tôi đến một bác sĩ không thuộc mạng lưới của chương trình, thì chương trình sẽ đài thọ cho dịch vụ của tôi không?","Không, chương trình của quý vị có thể sẽ không đài thọ cho các dịch vụ của quý vị."
"Nếu tôi đến một nhà cung cấp dịch vụ không thuộc mạng lưới của chương trình, thì tôi phải trả bao nhiêu tiền?",Mức chi phí quý vị phải trả có thể cao hơn.
Tôi có thể nhận được dịch vụ chăm sóc sức khỏe cấp cứu từ bất kỳ nhà cung cấp dịch vụ nào không?,"Không, chương trình chỉ áp dụng cho các dịch vụ chăm sóc không cấp cứu hoặc không khẩn cấp."
Phí mà tôi phải trả có thể cao hơn mức nào?,phí quý vị phải trả có thể cao hơn
Tôi có thể thăm khám với bác sĩ nào?,bác sĩ hoặc nhà cung cấp vật tư chấp nhận chỉ định
Tôi có thể nhận được các quyền lợi bổ sung khác ngoài quyền lợi Original?,các quyền lợi bổ sung khác (ngoài các quyền lợi Original)
Tôi có cần phải thanh toán thêm để nhận các quyền lợi của Medicare không?,"Không rõ, nhưng có thể cần phải thanh toán thêm."
Khi nào tôi sẽ không phải trả gì cho các dịch vụ được Phần A và Phần B đài thọ?,Khi đạt đến hạn mức hàng năm của chương trình đối với các chi phí tự trả của quý vị.
Tôi có thể nhận được hỗ trợ từ tiểu bang của mình thông qua Chương trình Tiết kiệm Medicare không?,"Có, nếu quý vị có Medicaid."
"Làm sao để tôi biết chương trình của mình có đài thọ cho dịch vụ, thuốc hoặc vật tư nào đó hay không?","Quý vị hoặc nhà cung cấp dịch vụ của quý vị có thể nhận quyết định, bằng lời hoặc bằng văn bản, từ chương trình của quý vị để tìm hiểu liệu chương trình đó có đài thọ cho dịch vụ, thuốc hoặc vật tư nào đó hay không."
Tôi cần tìm hiểu thêm về các chi phí quý vị phải trả trong Chương trình Medicare Advantage cụ thể?,"Hãy liên hệ với chương trình, hoặc truy cập Medicare.gov/plan-compare."
Tôi muốn biết thông tin chi tiết về chương trình của mình?,"Quý vị hoặc nhà cung cấp dịch vụ của quý vị có thể nhận quyết định, bằng lời hoặc bằng văn bản, từ chương trình của quý vị để tìm hiểu liệu chương trình đó có đài thọ cho dịch vụ, thuốc hoặc vật tư nào đó hay không."
Tôi có thể biết được số tiền mình sẽ phải trả khi sử dụng dịch vụ không?,"Có, bạn có thể biết được số tiền mình sẽ phải trả."
Tôi có thể yêu cầu quyết định của tổ chức này không?,"Có, quý vị, người đại diện, hoặc bác sĩ của quý vị có thể yêu cầu quyết định của tổ chức này."
Quyết định của tổ chức này có thể được yêu cầu bằng lời hoặc bằng văn bản?,"Có, quyết định của tổ chức mà đã được yêu cầu có thể bằng lời hoặc bằng văn bản."
"Nếu chương trình của tôi từ chối bảo hiểm, tôi có thể đề nghị giải quyết nhanh yêu cầu nhận quyết định của tổ chức không?","Có, dựa trên nhu cầu sức khỏe của quý vị, quý vị, người đại diện, hoặc bác sĩ của quý vị có thể đề nghị giải quyết nhanh yêu cầu nhận quyết định của tổ chức."
Tôi có quyền khiếu nại gì?,Quý vị có quyền khiếu nại bằng văn bản.
Tôi có phải trả nhiều hơn khi tham gia chương trình chăm sóc tự chọn?,"Hầu hết các trường hợp, quý vị sẽ không phải trả nhiều hơn so với khoản chia sẻ."
Tôi có thể tham gia chương trình chăm sóc tự chọn trong trường hợp nào?,"Nếu nhà cung cấp dịch vụ thuộc chương trình giới thiệu quý vị đến một dịch vụ được đài thọ hoặc một nhà cung cấp ngoài mạng lưới, nhưng không nhận được quyết định trước của tổ chức."
Tôi cần phải hỏi chương trình của quý vị để biết thêm thông tin về biện pháp bảo vệ này?,Hãy hỏi chương trình của quý vị để biết thêm thông tin về biện pháp bảo vệ này
Các chương trình Tổ chức Duy trì Sức khỏe (HMO) là gì?,Các Loại hình Chương trình Medicare Advantage
Dịch vụ chăm sóc cấp cứu được đài thọ trong mạng lưới của chương trình?,"Không, ngoại trừ trường hợp được đài thọ bất kể"
Các chương trình HMO có đài thọ cho các loại thuốc kê toa không?,Đa số trường hợp là có.
"Nếu tôi muốn tham gia bảo hiểm thuốc Medicare (Phần D), tôi phải tham gia một chương trình HMO nào?",Một chương trình HMO cung cấp bảo hiểm thuốc Medicare.
Tôi có cần chọn một bác sĩ chăm sóc chính không?,Đa số trường hợp là có.
Tôi có cần giấy giới thiệu để gặp bác sĩ chuyên khoa không?,Đa số trường hợp là có.
Tôi có phải trả toàn bộ chi phí nếu nhận dịch vụ chăm sóc sức khỏe không khẩn cấp ngoài mạng lưới của chương trình không?,"Có, nếu quý vị nhận dịch vụ chăm sóc sức khỏe không khẩn cấp ngoài mạng lưới của chương trình, thì quý vị có thể phải trả toàn bộ chi phí."
"Nếu bác sĩ hoặc nhà cung cấp dịch vụ chăm sóc sức khỏe rời khỏi mạng lưới chương trình, chương trình sẽ làm gì?",Thông báo cho quý vị và quý vị có thể chọn một bác sĩ khác trong mạng lưới của chương trình.
Điều quan trọng là quý vị cần làm gì để sử dụng dịch vụ của chương trình?,"Tuân thủ các quy tắc của chương trình, như nhận được sự phê duyệt trước cho một dịch vụ nhất định khi cần."
"Nếu quý vị cần thêm thông tin về chương trình, quý vị nên làm gì?",Liên hệ với chương trình hoặc truy cập Medicare.gov.
Tôi có thể sử dụng số tiền ký gửi cho những chi phí chăm sóc sức khỏe nào?,Các chi phí được Medicare đài thọ
"Nếu tôi giữ nguyên chương trình của mình vào năm sau, chương trình sẽ làm gì?",Chương trình sẽ bổ sung thêm bất kỳ khoản tiền gửi mới nào vào số tiền còn lại.
"Nếu tôi rời khỏi Chương trình MSA trước cuối năm, tôi sẽ mất gì?",Quý vị sẽ không có thêm tiền vào tài khoản.
"Nếu tôi rời khỏi Chương trình MSA trước cuối năm, tôi sẽ phải trả lại gì?",Một phần tiền gửi hàng năm gần đây nhất (dựa trên số tháng còn lại trong năm dương lịch hiện tại) cho Medicare.
Tôi phải trả phí bảo hiểm cho chương trình MSA không?,"Không, các chương trình MSA không tính phí phí bảo hiểm."
Khi nào chương trình MSA sẽ bắt đầu đài thọ chi phí bảo hiểm?,Chương trình sẽ chỉ bắt đầu đài thọ chi phí bảo hiểm khi quý vị đáp ứng khoản khấu trừ hàng năm.
Tôi có phải trả phí bảo hiểm cho các quyền lợi bổ sung?,"Có, quý vị có thể phải trả phí bảo hiểm cho bảo hiểm bổ sung này."
Chương trình MSA khác chương trình HSA như thế nào?,Chương trình MSA khác chương trình HSA về kinh phí và yêu cầu về tính đủ điều kiện.
Tôi cần làm gì để biết thêm thông tin về chương trình MSA?,Hãy liên hệ với chương trình hoặc truy cập Medicare.gov.
"Tôi có thể nhận dịch vụ chăm sóc sức khỏe của mình từ bất kỳ bác sĩ, nhà cung cấp dịch vụ chăm sóc sức khỏe hay bệnh viện nào không?","Không, các Chương trình PPO chỉ có các bác sĩ, chuyên gia, bệnh viện và các nhà cung cấp dịch vụ chăm sóc sức khỏe trong mạng lưới mà quý vị có thể sử dụng."
"Tôi có thể sử dụng các bác sĩ, chuyên gia, bệnh viện và các nhà cung cấp dịch vụ chăm sóc sức khỏe ngoài mạng lưới của Chương trình PPO không?","Có, quý vị cũng có thể sử dụng các bác sĩ, chuyên gia, bệnh viện và các nhà cung cấp dịch vụ chăm sóc sức khỏe khác ngoài mạng lưới."
Các Chương trình PPO bao gồm những gì?,"Các Chương trình PPO bao gồm các bác sĩ, chuyên gia, bệnh viện và các nhà cung cấp dịch vụ chăm sóc sức khỏe trong mạng lưới mà quý vị có thể sử dụng."
Các chương trình này có đài thọ cho các loại thuốc kê toa không?,Đa số trường hợp là có.
"Nếu quý vị dự định đăng ký tham gia PPO và quý vị muốn có bảo hiểm, thì điều gì xảy ra?",Quý vị muốn có bảo hiểm.
Tôi có cần giấy giới thiệu để gặp bác sĩ chuyên khoa không?,Đa số các trường hợp là không.
Tôi có thể tham gia chương trình thuốc Medicare riêng biệt khi tham gia Chương trình PPO không?,"Không, nếu Chương trình PPO không có bảo hiểm thuốc."
Chi phí sử dụng dịch vụ của chương trình PPO thấp hơn so với sử dụng dịch vụ của bác sĩ chuyên khoa không thuộc chương trình?,"Có, chi phí thường sẽ thấp hơn."
Có thể tiết kiệm tiền bằng cách sử dụng dịch vụ của nhà cung cấp dịch vụ PPO được ưu tiên?,"Có, bằng cách sử dụng dịch vụ của họ."
"Để biết thêm thông tin về chương trình PPO, tôi nên liên hệ với chương trình hay truy cập vào trang Medicare.gov?","Cả hai, hoặc liên hệ với chương trình hoặc truy cập vào trang Medicare.gov."
"Tôi có thể nhận dịch vụ chăm sóc sức khỏe của mình từ bất kỳ bác sĩ, nhà cung cấp dịch vụ chăm sóc sức khỏe hay bệnh viện nào không?","Không, bạn chỉ có thể nhận dịch vụ chăm sóc sức khỏe từ bác sĩ, nhà cung cấp dịch vụ chăm sóc sức khỏe hoặc bệnh viện chấp nhận các điều khoản thanh toán của chương trình."
Tôi có thể đến bất kỳ bác sĩ nào?,"Có, nhưng bác sĩ đó phải được Medicare chấp thuận."
Tôi có thể đến bất kỳ bệnh viện nào?,"Có, nhưng bệnh viện đó phải chấp nhận các điều khoản thanh toán của chương trình."
Tôi có thể sử dụng dịch vụ của bất kỳ nhà cung cấp nào không?,"Không, bạn chỉ có thể sử dụng dịch vụ của nhà cung cấp đã đồng ý luôn điều trị cho các hội viên của chương trình."
Tôi có thể tham gia vào Chương trình Tính phí Theo từng Dịch vụ Tư nhân có một mạng lưới không?,"Có, bạn có thể tham gia vào Chương trình Tính phí Theo từng Dịch vụ Tư nhân có một mạng lưới."
"Tôi có thể chọn bác sĩ, bệnh viện hoặc nhà cung cấp dịch vụ khác ngoài mạng lưới chấp nhận không?","Có, nhưng bạn cũng có thể sử dụng bất kỳ nhà cung cấp dịch vụ nào trong mạng lưới đã đồng ý luôn điều trị cho các hội viên của chương trình."
Chương trình PFFS sẽ quyết định số tiền nào mà tôi phải trả cho các dịch vụ?,Số tiền mà quý vị phải trả cho các dịch vụ.
Tôi sẽ nhận được thông tin gì về phần phí chia sẻ của mình?,Thông báo Thay đổi Hàng năm và Chứng từ Bảo hiểm.
Tôi có thể khám bệnh tại bất kỳ bệnh viện nào?,"Không, một số chương trình PFFS ký hợp đồng với một mạng lưới các nhà cung cấp dịch vụ đồng ý luôn điều trị cho quý vị."
"Nếu tôi đã thăm khám với bác sĩ trước đây, họ có phải điều trị cho tôi không?","Không, các bác sĩ có thể quyết định không điều trị cho quý vị, ngay cả khi quý vị đã thăm khám với họ trước đây."
"Trường hợp nào bác sĩ, bệnh viện phải điều trị cho tôi?","Trường hợp cấp cứu y tế, các bác sĩ, bệnh viện và nhà cung cấp dịch vụ khác sẽ phải điều trị cho quý vị."
Tôi cần xuất trình thẻ hội viên chương trình của mình khi nào?,"Với mỗi dịch vụ quý vị nhận, hãy đảm bảo xuất trình thẻ hội viên chương trình của mình đối với mỗi nhà cung cấp dịch vụ trước khi được điều trị."
Chương trình nào cung cấp các quyền lợi và dịch vụ cho những người mắc các bệnh nghiêm trọng và mạn tính cụ thể?,Chương trình Nhu cầu Đặc biệt (SNP)
Các chương trình SNP bao gồm các dịch vụ gì?,"Các dịch vụ điều phối chăm sóc và điều chỉnh các quyền lợi, lựa chọn nhà cung cấp dịch vụ, và danh sách thuốc (danh mục thuốc)"
Chương trình SNP bao gồm những người nào?,"Những người mắc các bệnh nghiêm trọng và mạn tính cụ thể, các nhu cầu chăm sóc sức khỏe nhất định, hoặc những người đồng thời có bảo hiểm Medicaid"
"Tôi có thể nhận dịch vụ chăm sóc sức khỏe của mình từ bất kỳ bác sĩ, nhà cung cấp dịch vụ chăm sóc sức khỏe hay bệnh viện nào không?","Không, một số SNP đài thọ cho các dịch vụ ngoài mạng và một số thì không."
Tôi cần làm gì để biết SNP đài thọ cho dịch vụ chăm sóc sức khỏe ngoài mạng lưới?,Hãy liên hệ với chương trình để hỏi xem họ có đài thọ cho các dịch vụ ngoài mạng lưới hay không.
"Nếu SNP đài thọ cho dịch vụ chăm sóc sức khỏe ngoài mạng lưới, thì chi phí của tôi sẽ như thế nào?","Nếu có, thì điều đó ảnh hưởng như thế nào đến chi phí quý vị phải trả."
Tôi có cần chọn một bác sĩ chăm sóc chính không?,Một số SNP yêu cầu bác sĩ chăm sóc chính và một số thì không
Tôi có cần giấy giới thiệu để gặp bác sĩ chuyên khoa không?,Không có thông tin cụ thể về điều này trong đoạn văn bản
Tôi cần phải giới thiệu để tham gia chương trình SNP không?,Một số SNP yêu cầu giới thiệu và một số thì không. Trao đổi với chương trình để tìm hiểu liệu quý vị có cần được giới thiệu hay không.
Tôi cần giấy giới thiệu để tham gia dịch vụ chụp quang tuyến vú tầm soát hàng năm không?,"Không, dịch vụ chụp quang tuyến vú tầm soát hàng năm không cần giấy giới thiệu."
Tôi đủ điều kiện nhận SNP nếu đáp ứng điều kiện gì?,Quý vị có thể đủ điều kiện nhận SNP nếu quý vị đáp ứng một số điều kiện nhất định.
Tôi hội đủ điều kiện cho chương trình D-SNP không?,Quý vị hội đủ điều kiện cho cả Medicare và Medicaid.
Chương trình D-SNP có thể cung cấp các dịch vụ gì ngoài các dịch vụ của Medicare?,Một số chương trình D-SNP có thể cung cấp các dịch vụ của Medicaid ngoài các dịch vụ của Medicare.
Tôi cần làm gì để xác minh xem mình có hội đủ điều kiện nhận Medicaid hay không?,Gọi điện cho Văn phòng Hỗ trợ Y tế Tiểu bang (Medicaid) để xác minh.
"Tôi mắc bệnh mạn tính, có được tham gia chương trình SNP không?","Có, nhưng các chương trình có thể giới hạn thêm tư cách thành viên ở mức chỉ có một bệnh mạn tính đơn lẻ hoặc một nhóm các bệnh mạn tính liên quan."
"Tôi sống trong cộng đồng, có được tham gia chương trình SNP không?","Có, vì chương trình SNP Tổ chức (I-SNP) dành cho những người sống trong cộng đồng."
"Tôi mắc bệnh tiểu đường, có được tham gia chương trình SNP không?","Có, vì bệnh tiểu đường được coi là một bệnh mạn tính nghiêm trọng."
Mức độ chăm sóc nào được coi là đủ để tham gia D-SNP tích hợp?,ít nhất 90 ngày liên tục trong một cơ sở như viện dưỡng lão hoặc cơ sở điều dưỡng chuyên môn
Tôi cần làm gì để biết thêm thông tin về D-SNP tích hợp?,truy cập Medicare.gov/special-enrollment-periods và chọn “Tôi có Medicare và nhận đầy đủ quyền lợi Medicaid.”
Tôi cần làm gì để tìm và so sánh các Chương trình Nhu cầu Đặc biệt (SNP)?,Quý vị cần truy cập vào trang Medicare.gov/plan-compare và lọc kết quả tìm kiếm theo 'Chương trình Nhu cầu Đặc biệt (SNP)'.
Tôi có thể lọc kết quả tìm kiếm theo tiêu chí nào?,Quý vị có thể lọc kết quả tìm kiếm theo 'Chương trình Nhu cầu Đặc biệt (SNP)'.
Tôi có thể tham gia Chương trình Medicare Advantage không?,"Có, quý vị có thể tham gia Chương trình Medicare Advantage."
Tôi cần có điều kiện gì để tham gia Chương trình Medicare Advantage?,Quý vị phải có cả Phần A và Phần B.
Tôi có thể tham gia Chương trình Medicare Advantage khi nào?,Khi hội đủ điều kiện ghi danh vào Medicare lần đầu.
Quý vị có thể tham gia Chương trình Medicare Advantage như thế nào?,Quý vị có thể tham gia một Chương trình Medicare Advantage (có hoặc không có bảo hiểm thuốc)
Quý vị có thể chuyển sang Chương trình Medicare Advantage khác như thế nào?,Quý vị có thể chuyển sang một Chương trình Medicare Advantage khác (có hoặc không có bảo hiểm thuốc) trong vòng 3 tháng đầu quý vị có Medicare
Thời gian Ghi danh Chung là gì?,Thời gian Ghi danh Chung là từ Ngày 1 Tháng Một đến Ngày 31 Tháng Ba
Khi nào tôi có thể tham gia Chương trình Medicare Advantage?,Nếu quý vị có bảo hiểm Phần A và quý vị nhận Phần B lần đầu trong thời gian từ Ngày 1 Tháng Một đến Ngày 31 Tháng Ba.
Khi nào bảo hiểm của tôi bắt đầu?,Bảo hiểm của quý vị bắt đầu vào ngày đầu tiên của tháng sau khi quý vị đăng ký.
"Thời gian nào tôi có thể tham gia, chuyển đổi hoặc từ bỏ chương trình?","Quý vị có thể tham gia, chuyển đổi hoặc từ bỏ từ Ngày 15 Tháng Mười đến Ngày 7 Tháng Mười Hai."
Quý vị có thể tham gia chương trình Medicare Advantage khi nào?,Trong Thời gian Ghi danh Mở mỗi năm
Quý vị có thể chuyển đổi từ chương trình Medicare Advantage sang Original Medicare khi nào?,Trong Thời gian Ghi danh Mở mỗi năm
Thời gian nào là Thời gian Ghi danh Mở cho Medicare Advantage?,Từ 1 Tháng Một – 31 Tháng Ba
Tôi có thể đổi sang chương trình Medicare khác hay không?,"Có, tùy thuộc vào việc loại bảo hiểm nào phù hợp hơn với quý vị"
Tôi có thể chuyển đổi chương trình Medicare Advantage một lần trong thời gian nào?,Thời gian từ ngày 1 Tháng Một đến 31 Tháng Ba
Khi nào bảo hiểm của tôi sẽ bắt đầu?,Ngày đầu tiên của tháng sau khi chương trình nhận được yêu cầu của quý vị
Tôi có thể làm gì trong thời gian này nếu đang tham gia Chương trình Medicare Advantage?,Có thể chuyển đổi chương trình Medicare Advantage (có hoặc không có bảo hiểm thuốc)
Tôi có thể chuyển sang Chương trình Medicare Advantage khác không?,"Có, quý vị có thể chuyển sang Chương trình Medicare Advantage khác (có hoặc không có bảo hiểm thuốc)."
Tôi có thể bỏ Chương trình Medicare Advantage của mình và trở lại Original Medicare không?,"Có, quý vị có thể bỏ Chương trình Medicare Advantage của mình và trở lại Original Medicare. Quý vị cũng sẽ có thể tham gia một chương trình thuốc Medicare riêng."
Tôi có thể tham gia một chương trình thuốc Medicare riêng nếu tôi có Original Medicare không?,"Không, trong khoảng thời gian này, quý vị không thể tham gia một chương trình thuốc Medicare riêng nếu quý vị có Original Medicare."
Tôi có thể thực hiện bao nhiêu thay đổi trong giai đoạn này?,Quý vị chỉ có thể thực hiện một thay đổi.
Khi nào mọi thay đổi sẽ có hiệu lực?,Mọi thay đổi sẽ có hiệu lực vào đầu tháng sau khi chương trình nhận được yêu cầu của quý vị.
Tôi cần phải liên hệ với Chương trình Medicare Advantage nếu tôi trở lại với Original Medicare và tham gia một chương trình thuốc Medicare riêng?,"Không, quý vị không cần phải liên hệ với Chương trình Medicare Advantage."
Tôi có thể hủy ghi danh Chương trình Medicare Advantage được không?,"Có, việc hủy ghi danh sẽ diễn ra tự động khi quý vị tham gia vào chương trình thuốc."
Tôi phải tiếp tục tham gia Chương trình Medicare Advantage trong bao lâu?,"Trong hầu hết các trường hợp, quý vị phải tiếp tục tham gia trong năm dương lịch bắt đầu vào ngày mà bảo hiểm của quý vị bắt đầu."
Tôi có thể hủy ghi danh Chương trình Medicare Advantage trong trường hợp nào?,"Trong một số trường hợp nhất định, chẳng hạn như sự kiện Cuộc đời Đủ điều kiện."
"Tôi có thể tham gia, chuyển đổi hoặc bỏ Chương trình Medicare Advantage khi nào?","Trong Thời gian Ghi danh Đặc biệt, từ Ngày 8 Tháng Mười Hai đến Ngày 30 Tháng Mười Một năm sau."
Thời gian Ghi danh Đặc biệt kéo dài bao lâu?,"5 tháng, từ Ngày 8 Tháng Mười Hai đến Ngày 30 Tháng Mười Một năm sau."
Medicare sử dụng đánh giá xếp hạng sao như thế nào?,Medicare sử dụng đánh giá xếp hạng sao từ 1-5 để giúp quý vị so sánh các chương trình dựa trên chất lượng và hiệu suất.
Khi nào quý vị có thể sử dụng Thời hạn Ghi danh Đặc biệt 5 Sao?,"Nếu một Chương trình Medicare Advantage, chương trình thuốc Medicare, hoặc Chương trình Chi phí Medicare được xếp hạng 5 sao được cung cấp trong khu vực của quý vị."
Điều kiện để sử dụng Thời hạn Ghi danh Đặc biệt 5 Sao là gì?,Quý vị phải chuyển từ Chương trình Medicare hiện tại của mình sang một chương trình Medicare được đánh giá chất lượng 5 sao.
Tôi có thể hủy chính sách Medigap của mình để tham gia Chương trình Medicare Advantage được không?,"Có, nhưng cần xem xét một số điều quan trọng."
Tôi có thể thay đổi Chương trình Medicare Advantage của mình vào bất kỳ thời điểm nào?,"Không, chỉ có thể trong Thời gian Ghi danh Mở hoặc Thời gian Ghi danh Mở dành cho Medicare Advantage."
Tôi cần tìm hiểu thêm thông tin gì về Chương trình Medicare Advantage?,Xem trang 78 để tìm hiểu thêm.
"Nếu tôi không nằm trong các khoảng thời gian ghi danh đặc biệt, tôi phải giữ Kế hoạch Medicare Advantage của mình cho đến hết năm hay hủy nó?",Giữ Kế hoạch Medicare Advantage của mình cho đến hết năm
"Nếu tôi hủy Kế hoạch Medicare Advantage, tôi có thể quay trở lại Original Medicare không?","Có, miễn là tôi còn trong 12 tháng đầu tiên kể từ khi tham gia Kế hoạch Medicare Advantage"
Tôi có thể tham gia chương trình Chi phí Medicare khi chỉ có Phần B không?,"Có, quý vị có thể tham gia chương trình ngay cả khi chỉ có Phần B."
Chương trình Chi phí Medicare được cung cấp ở đâu?,Chương trình được cung cấp ở một số ít các khu vực nhất định trong cả nước.
Tôi cần liên hệ với chương trình Chi phí Medicare để biết thêm thông tin chi tiết không?,"Có, quý vị nên liên hệ với chương trình để biết thêm thông tin chi tiết."
"Nếu tôi tham gia một chương trình không thuộc mạng lưới của Original Medicare, thì tôi sẽ phải trả bao nhiêu?",Quý vị sẽ trả Phần A và Phần B đồng bảo hiểm và khoản khấu trừ.
Tôi có thể tham gia chương trình Medicare khi nào?,Quý vị có thể tham gia bất kỳ lúc nào mà Chương trình Chi phí Medicare chấp nhận các hội viên mới.
Tôi có thể rời khỏi chương trình Medicare và trở lại Original Medicare khi nào?,Quý vị có thể rời đi bất kỳ lúc nào và trở lại Original Medicare.
Tôi có thể tham gia chương trình thuốc Medicare riêng biệt không?,"Có, quý vị có thể chọn tham gia một chương trình thuốc Medicare riêng biệt ngay cả khi Chương trình Chi phí Medicare cung cấp bảo hiểm thuốc Medicare."
Tôi có thể bổ sung hoặc hủy bảo hiểm thuốc ở thời điểm nào?,"Quý vị chỉ có thể bổ sung hoặc hủy bảo hiểm thuốc ở những thời điểm nhất định, như được mô tả trên trang 80–81."
Tôi cần làm gì để biết Chương trình Chi phí Medicare có trong khu vực của mình không?,Quý vị cần đến Medicare.gov/plan-compare để tìm hiểu xem liệu Chương trình Chi phí Medicare có trong khu vực của mình hay không.
Tôi có thể tìm số điện thoại của SHIP địa phương của mình ở đâu?,Xem trang 114–117 để biết số điện thoại của SHIP địa phương của quý vị.
Một đại lý hoặc nhà môi giới đáng tin cậy có thể giúp tôi như thế nào?,Một đại lý hoặc nhà môi giới đáng tin cậy cũng có thể trợ giúp.
PACE là chương trình gì?,PACE là một chương trình Medicare và Medicaid được cung cấp ở nhiều tiểu bang cho phép những người cần đến dịch vụ chăm sóc ở cấp độ viện dưỡng lão có thể ở lại trong cộng đồng.
Điều kiện để tham gia PACE là gì?,"Để đủ điều kiện tham gia PACE, quý vị phải đáp ứng các điều kiện sau: Quý vị từ 55 tuổi trở lên."
Mục đích của chương trình PACE là gì?,Mục đích của chương trình PACE là cho phép những người cần đến dịch vụ chăm sóc ở cấp độ viện dưỡng lão có thể ở lại trong cộng đồng càng lâu càng tốt.
Tôi có đủ điều kiện để tham gia chương trình PACE không?,"Quý vị từ 55 tuổi trở lên và sống trong khu vực dịch vụ của một tổ chức PACE, và đã được chứng nhận bởi tiểu bang của mình rằng cần đến dịch vụ chăm sóc ở cấp độ viện dưỡng lão."
Chương trình PACE đài thọ cho những dịch vụ nào?,"Chương trình PACE đài thọ cho tất cả các dịch vụ chăm sóc và các dịch vụ khác được Medicare và Medicaid đài thọ, và các dịch vụ khác mà nhóm chuyên gia chăm sóc sức khỏe của PACE quyết định."
Tôi có thể sống an toàn trong cộng đồng với sự trợ giúp của các dịch vụ PACE không?,"Tại thời điểm tham gia, quý vị có khả năng sống an toàn trong cộng đồng với sự trợ giúp của các dịch vụ PACE."
Điều gì cần thiết để cải thiện và duy trì sức khỏe?,"Thuốc, thăm khám bác sĩ hoặc nhà cung cấp dịch vụ chăm sóc sức khỏe, phương tiện đi lại, chăm sóc tại nhà, thăm khám bệnh viện và ở viện dưỡng lão khi cần thiết."
Ai sẽ quyết định nhu cầu và sở thích của tôi?,Nhóm chăm sóc của tôi.
Nhóm chăm sóc của tôi sẽ dựa trên những yếu tố nào để quyết định dịch vụ chăm sóc?,"Các nhu cầu và sở thích y tế, thể chất, xã hội và tình cảm của tôi."
Tôi cần tìm hiểu thông tin về tổ chức PACE nào phục vụ cộng đồng của mình?,Truy cập Medicare.gov/pace để tìm hiểu xem có tổ chức PACE nào phục vụ cộng đồng của quý vị hay không.
Medicare đã thực hiện những thay đổi gì?,"Medicare đã xây dựng các mô hình mang tính đổi mới, thử nghiệm, và dự án thí điểm để kiểm tra và đo lường tác động của những thay đổi có thể xảy ra trong Medicare."
Mục tiêu của các dự án thí điểm của Medicare là gì?,"Những dự án này giúp tìm ra những cách mới để kết nối quý vị với dịch vụ chăm sóc dựa trên giá trị, tập trung."
Mục tiêu của các dự án mới?,"vào chất lượng chăm sóc tốt hơn, hiệu suất của nhà cung cấp và trải nghiệm của bệnh nhân"
Medicare khám phá những đổi mới trong lĩnh vực chăm sóc nào?,"chăm sóc chứng mất trí, chăm sóc chính, chăm sóc liên quan đến các thủ thuật cụ thể (như thay khớp háng và đầu gối), chăm sóc ung thư, cơ sở điều dưỡng chuyên môn chăm sóc hoặc chăm sóc phục hồi chức năng, và chăm sóc cho những người mắc bệnh thận mạn tính và Bệnh Thận Giai đoạn Cuối (ESRD)"
Medicare khám phá những đổi mới thông qua tổ chức nào?,Tổ chức Chăm sóc Có Trách nhiệm (ACO)
Medicare khám phá những đổi mới trong phần nào của chương trình?,phần khám phá đổi mới
"Tôi có nên hỏi bác sĩ của mình về các mô hình, thử nghiệm, chương trình thí điểm?","Có, hãy hỏi bác sĩ của quý vị xem họ có tham gia vào các mô hình, thử nghiệm, chương trình thí điểm, hoặc một ACO hay không."
"Tôi muốn tìm hiểu thêm về các mô hình, chương trình minh họa, và các dự án thí điểm hiện có của Medicare?","Để tìm hiểu thêm, hãy gọi số 1-800-MEDICARE (1‑800‑633‑4227) hoặc 1‑877‑486‑2048 nếu quý vị sử dụng TTY."
Tôi muốn biết tổng quan về các lựa chọn Medicare dành cho mình?,Xem trang 10–14 để biết tổng quan về các lựa chọn Medicare dành cho quý vị.
Medigap hoạt động như thế nào?,Medigap hoạt động bằng cách giúp chi trả một số chi phí chăm sóc sức khỏe còn lại cho các dịch vụ và vật tư sau khi Original Medicare đã chi trả.
Original Medicare có chi trả tất cả các chi phí cho các dịch vụ và vật tư chăm sóc sức khỏe?,"Không, Original Medicare không chi trả tất cả các chi phí cho các dịch vụ và vật tư chăm sóc sức khỏe được đài thọ."
Các hợp đồng Bảo hiểm Bổ sung Medicare (Medigap) được bán bởi công ty nào?,Các hợp đồng Bảo hiểm Bổ sung Medicare (Medigap) được bán bởi các công ty bảo hiểm tư nhân.
Medigap đài thọ cho những dịch vụ nào?,"Medigap đài thọ cho các dịch vụ mà Original Medicare không đài thọ, như chăm sóc y tế khi quý vị du lịch bên ngoài Hoa Kỳ."
Medigap đài thọ cho chăm sóc dài hạn?,"Thông thường, Medigap không đài thọ cho chăm sóc dài hạn (như chăm sóc ở nhà điều dưỡng)."
Các bảo hiểm Medigap đã được chuẩn hóa?,"Có, các bảo hiểm Medigap đã được chuẩn hóa."
Các bảo hiểm Medigap phải tuân theo những luật nào?,Các luật liên bang và tiểu bang được xây dựng để bảo vệ quý vị
Các chương trình Medigap được xác định như thế nào?,Các chương trình này phải được xác định một cách rõ ràng là “Bảo hiểm Bổ sung Medicare”
Các công ty bảo hiểm có thể bán cho quý vị các chương trình Medigap nào?,"Các chương trình “đã được chuẩn hóa”, được đặt tên ở hầu hết các tiểu bang bằng các chữ cái A–D, F, G, và K–N"
Các chương trình có chữ cái cung cấp quyền lợi cơ bản như thế nào?,"Các chương trình có chữ cái đều cung cấp các quyền lợi cơ bản tương tự nhau, dù cho quý vị sinh sống ở đâu hoặc mua hợp đồng từ công ty bảo hiểm nào."
Tại sao cần so sánh các quyền lợi của từng chương trình có chữ cái?,Để tìm được một chương trình phù hợp với quý vị.
"Tôi ở Massachusetts, Minnesota, hoặc Wisconsin, nên làm gì để tìm hợp đồng Medigap?",Tìm hiểu thông tin để tìm hợp đồng Medigap tại khu vực: Medicare.gov/medigap-supplemental-insurance-plans
Tôi có thể tìm hiểu thêm về Medigap ở đâu?,Quý vị có thể truy cập Medicare.gov/publications để xem xét sổ tay “Chọn lựa Hợp đồng Medigap: Hướng dẫn Bảo hiểm Sức khỏe cho Người có Medicare”.
Các chương trình Medigap nào không còn khả dụng cho những người mới tham gia Medicare vào hoặc sau ngày 1 Tháng Một năm 2020?,Các Chương trình C và F không còn khả dụng cho những người mới tham gia Medicare vào hoặc sau ngày 1 Tháng Một năm 2020.
Tại sao các chương trình Medigap C và F không còn khả dụng?,"Các chương trình Medigap được bán cho những người mới tham gia Medicare vào hoặc sau ngày 1 Tháng Một, 2020 không được phép đài thọ cho khoản khấu trừ Phần B."
Ai có thể mua Chương trình C hoặc Chương trình F?,"Người hội đủ điều kiện cho Medicare trước ngày 1 Tháng Một, 2020, nhưng chưa ghi danh."
Ai không thể mua Chương trình C và F?,"Những người mới tham gia Medicare vào hoặc sau ngày 1 Tháng Một, 2020."
Ai có thể mua Chương trình D và G?,"Những người mới tham gia Medicare vào hoặc sau ngày 1 Tháng Một, 2020."
Làm sao để tôi có thể so sánh các chương trình Medigap với nhau?,Bảng dưới đây cho biết thông tin cơ bản về các quyền lợi khác nhau mà chương trình Bảo hiểm Bổ sung Medicare (Medigap) đài thọ cho năm 2025.
Các chương trình Medigap nào được tiêu chuẩn hóa?,"Các chương trình tiêu chuẩn hóa của Medigap là A, B, C, D, F*, G*, K, L, M, N."
Tôi có được quyền lợi 100% về Medicare Phần A không?,"Có, quyền lợi Medicare Phần A là 100%."
Tôi có được quyền lợi 50% về Medicare Phần B không?,"Có, quyền lợi Medicare Phần B đối với một số người là 50%."
Tôi có được quyền lợi 100% về quyền lợi về máu (3 đơn vị đầu tiên) không?,"Có, quyền lợi về máu (3 đơn vị đầu tiên) là 100%."
Tôi cần làm gì để biết số tiền mới nhất?,Truy cập Medicare.gov
Tôi phải trả phí bảo hiểm gì khi mua Medigap?,Phí bảo hiểm hàng tháng cho một công ty bảo hiểm tư nhân và phí bảo hiểm Phần B hàng tháng
Tôi nên làm gì trước khi mua Medigap?,Hãy so sánh các chương trình
Phí bảo hiểm Medigap có thể thay đổi như thế nào?,"Phí có thể thay đổi giữa các chương trình bảo hiểm do các công ty khác nhau cung cấp cho cùng một mức bảo hiểm, và có thể tăng lên khi quý vị già đi."
Hợp đồng Medigap có thể đài thọ cho bao nhiêu người?,Hợp đồng Medigap chỉ đài thọ cho một người.
Vợ/chồng của tôi có thể mua bảo hiểm Medigap như thế nào?,Vợ/chồng sẽ phải mua bảo hiểm riêng.
Tôi có thể chuyển từ Medicare SELECT sang Medigap tiêu chuẩn như thế nào?,bằng cách thay đổi quyết định trong vòng 12 tháng
Thời điểm tốt nhất để mua một hợp đồng Medigap là khi nào?,Thời gian Ghi danh Mở cho Medigap
Khi nào thì hợp đồng Medigap bắt đầu?,"Tháng đầu tiên sau khi quý vị đăng ký, trừ khi quý vị yêu cầu một ngày hiệu lực khác"
Thời gian nào là thời gian ghi danh Medigap?,Thời gian 6 tháng đầu tiên kể từ khi quý vị có Medicare Phần B và từ 65 tuổi trở lên.
"Sau thời gian ghi danh Medigap, quý vị có thể mua được bảo hiểm Medigap không?","Không, hoặc có thể tốn kém hơn."
Quý vị có thể mua bảo hiểm Medigap ngoài thời gian ghi danh Mở cho Medigap không?,"Có, trong các tình huống nhất định, quyền phát hành được đảm bảo."
Khi nào Thời gian Ghi danh Mở cho Medigap của tôi sẽ bắt đầu?,Khi tôi đăng ký Phần B
Tôi dưới 65 tuổi có thể mua được hợp đồng bảo hiểm Medigap không?,Có thể sẽ không mua được
Tại sao tôi dưới 65 tuổi có thể sẽ không mua được hợp đồng bảo hiểm Medigap?,Do luật liên bang không bắt buộc các công ty bảo hiểm bán Medigap cho những người dưới 65 tuổi
Tôi có thể mua hợp đồng bảo hiểm Medigap ở tuổi nào?,Quý vị có thể mua hợp đồng bảo hiểm Medigap cho đến khi quý vị bước sang tuổi 65.
Có phải tôi có thể mua hợp đồng bảo hiểm Medigap ở tuổi dưới 65?,"Có, nhưng nó có thể sẽ đắt hơn."
Tôi cần liên hệ với ai để biết thêm thông tin về mua hợp đồng bảo hiểm Medigap?,Quý vị cần liên hệ với Chương trình Hỗ trợ Bảo hiểm Y tế Tiểu bang (SHIP) của quý vị.
"Tôi cần tìm hiểu thêm về các quyền của mình khi mua hợp đồng bảo hiểm Medigap, phải làm thế nào?",Quý vị có thể tham khảo bảng của quý vị hoặc tìm kiếm sự giúp đỡ từ một đại lý hoặc nhà môi giới đáng tin cậy.
Tôi có thể tự mình tìm hiểu về các quyền của mình khi mua hợp đồng bảo hiểm Medigap hay không?,"Có, quý vị có thể tham khảo bảng của quý vị để tìm hiểu thêm về các quyền của mình."
Tôi có thể có cả Medigap lẫn một Chương trình Medicare Advantage không?,"Không, nếu quý vị đang tham gia một chương trình Medicare Advantage, quý vị không thể có cả Medigap lẫn chương trình này trừ khi chuyển đổi trở lại Original Medicare."
Tôi có thể mua Medigap nếu đang tham gia Chương trình Medicare Advantage?,"Không, nếu quý vị đang tham gia Chương trình Medicare Advantage, bất cứ ai bán cho quý vị một Medigap hợp đồng bảo hiểm đều bất hợp pháp trừ khi quý vị chuyển đổi trở lại Original Medicare."
Tôi có thể rời khỏi Chương trình Medicare Advantage để mua Medigap?,"Có, nếu quý vị không có kế hoạch rời khỏi Chương trình Medicare Advantage của mình, quý vị có thể chuyển đổi trở lại Original Medicare để mua Medigap hợp đồng bảo hiểm."
Tôi cần làm gì để hủy hợp đồng Medigap của mình?,Liên hệ với công ty bảo hiểm của mình
"Nếu tôi bỏ hợp đồng Medigap để tham gia Chương trình Medicare Advantage, có thể lấy lại được hợp đồng đó không?","Không, quý vị sẽ không thể lấy lại được hợp đồng đó."
Tôi có thể lấy lại hợp đồng Medigap nếu tôi rời khỏi Chương trình Medicare Advantage trong thời gian dùng thử không?,"Có, trong một số trường hợp, quý vị có thể lấy lại hợp đồng Medigap."
Tôi có thể tham gia Chương trình Medicare Advantage mà không cần bỏ hợp đồng Medigap không?,"Không, đoạn văn bản không đề cập đến trường hợp này."
Tôi có thể lấy lại hợp đồng Medigap của mình sau khi quay lại Original Medicare không?,"Có, quý vị sẽ có thời gian 12 tháng đơn lẻ để lấy lại hợp đồng Medigap của mình."
Tôi có thể mua hợp đồng Medigap mới nếu công ty bảo hiểm đó không còn bán hợp đồng đó?,"Có, quý vị có thể mua một số hợp đồng Medigap nhất định, tùy thuộc vào luật tiểu bang."
Tôi có thể tham gia Chương trình thuốc Medicare khi quay lại Original Medicare không?,"Có, quý vị cũng có thể có cơ hội tham gia một Chương trình thuốc Medicare tại thời điểm này."
Tôi có thể mua hợp đồng Medigap khi chuyển từ Chương trình Medicare Advantage sang Chương trình Original Medicare không?,"Có, nếu quý vị hội đủ điều kiện tham gia Medicare Phần A ở tuổi 65 và chuyển sang Chương trình Original Medicare trong vòng năm đầu tiên tham gia Chương trình Medicare Advantage."
Tôi có thể mua loại hợp đồng Medigap nào khi chuyển từ Chương trình Medicare Advantage sang Chương trình Original Medicare?,Các loại hợp đồng Medigap quý vị có thể mua phụ thuộc vào việc quý vị là người mới tham gia Medicare vào thời điểm chuyển đổi.
Tôi phải mua hợp đồng Medigap từ công ty bảo hiểm nào khi chuyển từ Chương trình Medicare Advantage sang Chương trình Original Medicare?,Quý vị có thể mua hợp đồng Medigap từ công ty bảo hiểm tại tiểu bang của quý vị.
Tôi có thể lấy thêm thông tin về Chương trình thuốc Medicare ở đâu?,Quý vị có thể gọi cho Sở Bảo hiểm Tiểu bang của quý vị hoặc truy cập Medicare.gov/medigap-supplemental-insurance-plans để tìm các hợp đồng.
Tôi có thể lấy số điện thoại của Sở Bảo hiểm Tiểu bang của mình ở đâu?,Quý vị có thể truy cập content.naic.org/state-insurance-departments để lấy số điện thoại của Sở Bảo hiểm Tiểu bang của mình.
Tôi có thể mua hợp đồng Medigap ở thời điểm nào?,"Quý vị có thể mua hợp đồng Medigap sau Ngày 1 Tháng Một, 2020 hoặc tại thời điểm tham gia Chương trình thuốc Medicare."
"Tôi cần tìm thông tin về Lựa chọn Hợp đồng Medigap, làm thế nào?",Truy cập Medicare.gov/publications để tiếp cận “Lựa chọn Hợp đồng Medigap: Hướng dẫn Bảo hiểm Sức khỏe cho Người có Medicare”.
"Tôi cần tìm số điện thoại của Chương trình Hỗ trợ Bảo hiểm Y tế Tiểu bang (SHIP) tại địa phương của mình, làm thế nào?",Xem trang 114–117 để biết số điện thoại của chương trình SHIP tại địa phương của quý vị.
"Tôi cần tìm thông tin tổng quan về các lựa chọn Medicare dành cho mình, làm thế nào?",Xem trang 10–14 để biết tổng quan về các lựa chọn Medicare dành cho quý vị.
Bảo hiểm thuốc Medicare hoạt động như thế nào?,Bảo hiểm thuốc Medicare (Phần D) giúp chi trả cho các loại thuốc kê toa của quý vị.
Bảo hiểm thuốc Medicare có bắt buộc không?,Bảo hiểm thuốc Medicare là không bắt buộc
Tại sao nên cân nhắc lấy bảo hiểm thuốc Medicare ngay cả khi không có thuốc kê toa?,"Ngay cả khi quý vị không có thuốc kê toa vào thời điểm hiện tại, hãy cân nhắc lấy bảo hiểm thuốc Medicare."
Tôi có phải trả tiền phạt nếu không có bảo hiểm thuốc kê toa?,"Có, quý vị có thể sẽ phải trả một khoản tiền phạt ghi danh trễ được cộng vào phí bảo hiểm hàng tháng."
Tôi phải trả khoản tiền phạt này cho đến khi nào?,"Thông thường, quý vị sẽ phải trả khoản tiền phạt này đến chừng nào quý vị có bảo hiểm thuốc Medicare."
Tôi cần có bảo hiểm thuốc Medicare để không phải trả khoản tiền phạt?,"Có, để nhận được bảo hiểm thuốc của Medicare, quý vị cần có bảo hiểm thuốc Medicare."
Tôi cần tham gia chương trình nào để được bảo hiểm thuốc?,Quý vị phải tham gia một chương trình được Medicare phê duyệt có cung cấp bảo hiểm thuốc.
Tôi nên làm gì để tìm và so sánh các chương trình bảo hiểm thuốc?,Truy cập Medicare.gov/plan-compare để tìm và so sánh các chương trình trong khu vực của quý vị.
Tôi cần gọi đến ai để được trợ giúp so sánh các chương trình bảo hiểm thuốc?,Quý vị có thể gọi đến Chương Trình Hỗ Trợ Bảo Hiểm Y Tế Tiểu Bang (SHIP) để được trợ giúp so sánh các chương trình.
Tôi cần có bảo hiểm nào để tham gia chương trình thuốc Medicare?,Quý vị phải có Phần A và/hoặc Phần B để tham gia một chương trình thuốc Medicare riêng biệt.
Tôi có thể tham gia chương trình thuốc Medicare như thế nào?,Có 2 cách để nhận bảo hiểm thuốc Medicare (Phần D): Các chương trình thuốc Medicare hoặc truy cập shiphelp.org.
Chương trình thuốc Medicare có thể bổ sung bảo hiểm thuốc Medicare (Phần D) cho chương trình nào?,"Các chương trình thuốc Medicare giúp bổ sung bảo hiểm thuốc Medicare (Phần D) cho Original Medicare, một số Chương trình Chi phí Medicare, một số chương trình Tính phí Theo từng Dịch vụ Tư nhân của Medicare Advantage, và Các Chương trình Tài khoản Tiết kiệm Y tế (MSA)."
Tôi có nhận được bảo hiểm thuốc từ Chương trình Medicare riêng biệt không?,Không có thông tin về bảo hiểm thuốc trong Chương trình Medicare riêng biệt.
Tôi có nhận được bảo hiểm thuốc từ Chương trình Medicare Advantage không?,"Có, nhưng không phải tất cả các chương trình đều cung cấp bảo hiểm thuốc."
Tôi cần có bảo hiểm gì để tham gia Chương trình Medicare Advantage?,Quý vị phải có Phần A và Phần B.
Tôi phải sống ở đâu để tham gia chương trình?,Tôi phải sống trong khu vực dịch vụ của chương trình mà tôi muốn tham gia
Tôi phải có giấy tờ gì để tham gia chương trình?,Tôi phải hiện diện hợp pháp tại Hoa Kỳ
"Nếu tôi có bảo hiểm từ chủ lao động hoặc công đoàn, tôi nên làm gì trước khi thực hiện bất kỳ thay đổi nào?",Hãy gọi cho quản trị viên quyền lợi của mình.
"Nếu tôi mất bảo hiểm thuốc và sức khỏe của chủ lao động hoặc công đoàn, tôi có thể sẽ không?","không có thông tin cụ thể, nhưng có thể sẽ không có bảo hiểm thuốc và sức khỏe."
"Khi nào tôi có thể tham gia, chuyển đổi hoặc bỏ một chương trình?","Quý vị có thể tham gia, chuyển đổi hoặc bỏ một chương trình thuốc Medicare hoặc một Chương trình Medicare Advantage có bảo hiểm thuốc trong những thời gian sau:"
"Tôi muốn biết cách thức bảo hiểm thuốc Medicare (Phần D) hoạt động cùng với các bảo hiểm thuốc khác, tôi nên làm gì?",Hãy truy cập trang 88–90
Tôi có thể lấy lại được bảo hiểm của chủ lao động hoặc công đoàn không?,"Có, quý vị có thể lấy lại được bảo hiểm của chủ lao động hoặc công đoàn"
Thời gian nào quý vị có thể tham gia chương trình Medicare lần đầu?,Khi quý vị đủ điều kiện lần đầu nhận Medicare
"Thời gian nào quý vị có thể tham gia, chuyển đổi hoặc bỏ một chương trình?",Từ ngày 15 Tháng Mười – ngày 7 Tháng Mười Hai hàng năm
Khi nào bảo hiểm của quý vị sẽ bắt đầu?,"Ngày 1 Tháng Một, miễn là chương trình nhận được yêu cầu của quý vị trước ngày 7 Tháng Mười Hai"
Thời gian nào là Thời gian Ghi danh Mở cho Medicare Advantage?,Từ ngày 1 Tháng Một – ngày 31 Tháng Ba hàng năm
Quý vị có thể làm gì trong Thời gian Ghi danh Mở?,Chuyển sang một Chương trình Medicare Advantage khác hoặc chuyển sang Original Medicare (và tham gia một chương trình thuốc Medicare riêng)
Khi nào tôi có thể tham gia chương trình thuốc Medicare?,Quý vị có thể tham gia chương trình thuốc Medicare khi đăng ký nhận Phần B.
Thời gian chờ đợi tham gia chương trình thuốc Medicare là bao lâu?,Quý vị sẽ có 2 tháng sau khi đăng ký nhận Phần B để tham gia chương trình thuốc.
Khi nào bảo hiểm thuốc của tôi sẽ bắt đầu?,Bảo hiểm thuốc của quý vị sẽ bắt đầu vào tháng sau khi chương trình nhận được đơn đăng ký của quý vị.
"Tôi có thể tham gia, chuyển đổi hoặc bỏ chương trình thuốc Medicare khi nào?","Khi có những sự kiện nhất định xảy ra trong cuộc sống của quý vị, chẳng hạn như nếu quý vị chuyển nhà hoặc bị mất chương trình bảo hiểm khác."
Tôi có thể thực hiện các thay đổi đối với chương trình của mình vào thời điểm nào?,Vào giữa năm nếu quý vị đủ điều kiện.
Thời gian Ghi danh Đặc biệt có ý nghĩa gì?,"Là thời gian quý vị có thể tham gia, chuyển đổi hoặc bỏ chương trình thuốc Medicare hoặc Chương trình Medicare Advantage có bảo hiểm thuốc."
Tôi có thể tham gia Chương trình Medicare Advantage nếu đã ghi danh vào Extra Help?,"Không, điều đó không được đề cập trong đoạn văn bản."
Tôi có thời gian để tham gia Chương trình Medicare Advantage sau khi đăng ký Phần A hoặc Phần B?,"Có, quý vị sẽ có 2 tháng để tham gia."
Bảo hiểm của tôi sẽ bắt đầu vào ngày nào?,Ngày đầu tiên của tháng sau khi chương trình nhận được thông tin.
Tôi cần liên hệ với chương trình nào để biết thêm thông tin?,Chương trình hoặc Medicare.gov
Tôi cần gọi đến số điện thoại nào để được trợ giúp?,Số điện thoại của chương trình SHIP tại địa phương
Tôi cần làm gì để chuyển đổi chương trình bảo hiểm thuốc Medicare?,Quý vị có thể chuyển đổi bảo hiểm thuốc Medicare chỉ bằng cách tham gia một chương trình khác vào một trong những thời điểm được liệt kê ở trang 80.
Bảo hiểm thuốc cũ của tôi sẽ kết thúc khi nào?,Bảo hiểm thuốc cũ của quý vị sẽ kết thúc khi bảo hiểm thuốc mới của quý vị bắt đầu.
Tôi sẽ nhận được thông tin gì về chương trình mới?,Quý vị sẽ nhận được thư từ chương trình mới của mình cho biết khi nào bảo hiểm của quý vị bắt đầu.
Tôi cần làm như thế nào để bỏ chương trình?,Quý vị có thể gọi số 1-800-MEDICARE hoặc gửi thư tới chương trình để hủy ghi danh.
Tôi có thể hủy ghi danh chương trình bằng cách nào?,Quý vị có thể gọi số 1-800-MEDICARE hoặc gửi thư tới chương trình.
Tôi có thể hủy ghi danh chương trình trong thời gian nào?,Quý vị chỉ có thể làm như vậy trong những thời gian nhất định (trang 80).
Tôi có thể rút tên khỏi chương trình này không?,"Có, họ biết quý vị muốn rút tên."
"Nếu tôi bỏ chương trình này, tôi có thể tham gia chương trình khác không?","Có, quý vị có thể tham gia vào một chương trình thuốc Medicare khác hoặc Chương trình bảo hiểm sức khỏe Medicare có bảo hiểm thuốc sau này."
Tôi có phải trả tiền phạt nếu không tham gia chương trình khác trong thời gian ghi danh?,"Có, quý vị có thể phải trả tiền phạt ghi danh trễ nếu quý vị không có bảo hiểm thuốc kê toa có uy tín."
Tôi có nhận được thông tin chi tiết về dịch vụ bảo hiểm không?,"Có, chứng từ Bảo hiểm cung cấp cho quý vị thông tin chi tiết về những dịch vụ mà chương trình đài thọ, số tiền quý vị phải trả, và các thông tin khác."
Khi nào sẽ có hiệu lực các thay đổi về bảo hiểm?,Các thay đổi về bảo hiểm sẽ có hiệu lực kể từ Tháng Một.
Tôi có nhận được thông báo về các thay đổi hàng năm không?,"Có, chương trình gửi cho quý vị Thông báo Thay đổi Hàng năm mỗi năm."
Tôi phải trả bao nhiêu?,Các chi phí thuốc của quý vị sẽ khác nhau tùy theo chương trình quý vị chọn.
Lựa chọn bảo hiểm và các chi phí của chương trình có thay đổi không?,"Có, lựa chọn bảo hiểm và các chi phí của chương trình có thể thay đổi mỗi năm."
Tôi có thể tìm hiểu thêm về các chi phí này ở đâu?,Quý vị có thể tìm hiểu thêm về các chi phí này ở trang tiếp theo.
Khi nào giá cho 10 loại thuốc ban đầu mà Medicare đàm phán sẽ có hiệu lực?,"Ngày 1 Tháng Một, 2026"
Tôi có thể liên hệ với chương trình của mình để biết mức giá đàm phán này sẽ ảnh hưởng như thế nào?,"Có, liên hệ với chương trình của quý vị để biết chi tiết"
Các yếu tố nào ảnh hưởng đến chi phí bảo hiểm thuốc?,"Các loại thuốc kê toa, danh sách các loại thuốc được đài thọ, bậc thuốc và giai đoạn quyền lợi thuốc."
Tôi có thể tìm thấy thông tin về danh sách các loại thuốc được đài thọ ở đâu?,Danh sách các loại thuốc được đài thọ có thể được tìm thấy ở trang 85.
Tôi có thể biết được mình đã đạt đến giới hạn chi phí cá nhân chưa?,"Có, thông tin về giới hạn chi phí cá nhân có thể được tìm thấy ở trang 83."
Nhà thuốc nào mà quý vị sử dụng?,"Quý vị sử dụng nhà thuốc nào cung cấp khoản chia sẻ chi phí ưu tiên, tiêu chuẩn, nằm ngoài mạng lưới hoặc cho đặt hàng qua thư."
Tại sao chi phí thuốc tự trả của quý vị có thể ít hơn tại một nhà thuốc ưu tiên?,Bởi vì họ đã đồng ý với chương trình của quý vị để tính phí ít hơn cho quý vị.
Quý vị có Extra Help thanh toán chi phí thuốc Medicare của mình không?,"Có, nếu quý vị có Extra Help thanh toán chi phí thuốc Medicare của mình (trang 92)."
Làm thế nào để giảm chi phí thuốc?,Quý vị có thể chọn thuốc gốc thay vì thuốc biệt dược hoặc thuốc sinh học tương tự thay vì thuốc sinh học biệt dược.
Có cách nào để mua thuốc mà không cần bảo hiểm?,Quý vị có thể sử dụng các chương trình tiết kiệm khi mua thuốc hoặc chiết khấu của nhà sản xuất.
Ai có thể giúp quý vị tìm hiểu về các lựa chọn giảm chi phí thuốc?,Dược sĩ của quý vị có thể giúp quý vị biết nếu có lựa chọn nào.
Làm thế nào để chọn thuốc tốt nhất?,Trao đổi với bác sĩ của mình để chắc chắn rằng lựa chọn thuốc gốc hoặc thuốc sinh học tương tự là tốt nhất cho quý vị.
Phí bảo hiểm hàng tháng được tính như thế nào?,Hầu hết các chương trình thuốc đều tính một khoản phí hàng tháng mà sẽ khác nhau tùy theo từng chương trình.
"Nếu tôi có Phần B, tôi phải trả khoản phí bảo hiểm hàng tháng như thế nào?","Nếu quý vị có Phần B, thì quý vị sẽ trả khoản phí này ngoài Phần B phí bảo hiểm."
Tôi có thể liên hệ với cơ quan nào để khấu trừ phí bảo hiểm thuốc vào khoản chi trả An sinh Xã hội?,Chương trình của quý vị (không phải Cơ quan An sinh Xã hội hay Ban Hưu trí Ngành đường sắt)
Thời gian để phí bảo hiểm thuốc được khấu trừ vào khoản chi trả An sinh Xã hội?,Có thể mất đến 3 tháng
"Tôi muốn dừng việc khấu trừ phí bảo hiểm này và nhận được hóa đơn trực tiếp, làm thế nào?",Hãy liên hệ với chương trình của quý vị.
"Tôi có thu nhập cao, liệu tôi có phải trả nhiều tiền hơn cho bảo hiểm thuốc Medicare của mình?","Có, nếu thu nhập của quý vị vượt quá một giới hạn nhất định."
"Tôi muốn biết thêm thông tin về bảo hiểm thuốc Medicare của mình, làm thế nào?",Hãy truy cập Medicare.gov/health-drug-plans/part-d/basics/costs.
Số tiền bổ sung này ảnh hưởng đến ai?,Không ảnh hưởng đến mọi người
"Nếu quý vị không trả số tiền bổ sung, thì quý vị có thể mất gì?",bảo hiểm thuốc Medicare (Phần D)
"Nếu quý vị không trả số tiền bổ sung, thì quý vị có thể không tham gia gì?",tham gia chương trình
Tôi có thể gia nhập được một chương trình khác ngay lập tức không?,"Có, quý vị có thể gia ngay vào được một chương trình khác."
Tôi phải trả tiền phạt khi không có bảo hiểm thuốc?,"Có, quý vị sẽ phải trả một khoản tiền phạt ghi danh trễ (được cộng vào phí bảo hiểm hàng tháng của quý vị) đến khi có bảo hiểm thuốc."
Tôi có thể trả phí IRMAA Phần D một cách riêng biệt khi chủ lao động thanh toán phí bảo hiểm cho tôi không?,"Có, quý vị sẽ trả các khoản IRMAA Phần D một cách riêng biệt, ngay cả khi chủ lao động của quý vị hoặc một bên thứ ba khác thanh toán phí bảo hiểm cho quý vị."
Làm thế nào để biết thông tin về chương trình giảm phí IRMAA?,Truy cập trang web SSA.gov/medicare/lower-irmaa.
Khoản khấu trừ hàng năm là gì?,Số tiền mà quý vị phải trả trước khi chương trình bắt đầu chi trả phần chia sẻ chia phí của họ cho các loại thuốc được đài thọ của quý vị.
Có thể có thuốc được chi trả trước khoản khấu trừ không?,"Có, trong một số chương trình có khoản khấu trừ, thuốc ở một số bậc có thể được chi trả trước khoản khấu trừ."
Số tiền tôi sẽ trả cho các loại thuốc được đài thọ?,Số tiền quý vị sẽ trả cho các loại thuốc được đài thọ của mình sau khi đã đáp ứng khoản khấu trừ của chương trình (nếu chương trình có khoản này)
Ai trả phần chia sẻ chi phí cho các loại thuốc được đài thọ?,Quý vị trả phần chia sẻ chi phí của mình và chương trình trả phần chia sẻ chi phí của họ cho các loại thuốc được đài thọ
Số tiền đồng bảo hiểm có thể thay đổi vì lý do gì?,Các chương trình thuốc và các nhà sản xuất có thể
Mức phí thuốc có thể thay đổi vào thời điểm nào?,Bất kỳ lúc nào trong năm
Mức phí thuốc sẽ phụ thuộc vào bậc nào?,Bậc được gán cho thuốc của quý vị
"Nếu tôi nhận được Extra Help, tôi phải trả bao nhiêu cho các loại thuốc được chi trả trong Phần D?",Không phải trả đồng thanh toán hoặc đồng bảo hiểm
Tôi có thể tìm hiểu chi phí cụ thể của chương trình thuốc Medicare và Chương trình Medicare Advantage ở đâu?,Truy cập Medicare.gov/plan-compare
"Nếu tôi nhận được Extra Help, tôi sẽ không phải trả bao nhiêu cho các chi phí Phần D?",Một số trong các chi phí Phần D
Tôi muốn biết thêm chi tiết về chương trình nào?,Chương trình mà quý vị quan tâm
"Tôi cần hỗ trợ so sánh các chi phí của chương trình, làm thế nào?",Hãy gọi cho Chương trình Hỗ trợ Bảo hiểm Y tế Tiểu bang (SHIP) của quý vị
"Tôi muốn tìm số điện thoại của chương trình SHIP tại địa phương của mình, ở đâu?",Xem trang 114–117 để biết số điện thoại của chương trình SHIP tại địa phương của quý vị
Lựa chọn thanh toán chi phí thuốc như thế nào?,Phân bổ trong suốt một năm dương lịch (Tháng Một-Tháng Mười Hai)
Tôi có thể tham gia Kế hoạch Thanh toán theo toa của Medicare không?,"Có, tham gia là tự nguyện."
Tôi có mất phí khi tham gia Kế hoạch Thanh toán theo toa của Medicare không?,"Không, không mất phí."
Tôi cần làm gì để biết thêm thông tin về Kế hoạch Thanh toán theo toa của Medicare?,Liên hệ với chương trình của quý vị hoặc truy cập Medicare.gov/prescription-payment-plan.
Tiền phạt ghi danh trễ của bảo hiểm thuốc Medicare (Phần D) là gì?,Tiền phạt ghi danh trễ là số tiền được thêm vĩnh viễn vào phí bảo hiểm mà quý vị phải trả cho bảo hiểm thuốc Medicare.
Lựa chọn thanh toán nào có thể không tốt nhất cho quý vị?,Tùy chọn thanh toán này có thể không phải là lựa chọn tốt nhất cho quý vị nếu quý vị nhận được hoặc đủ điều kiện nhận Extra Help từ Medicare.
Khi nào tôi phải trả tiền phạt ghi danh trễ?,Sau khi Thời hạn Ghi danh Ban đầu của tôi kết thúc và có một khoảng thời gian từ 63 ngày trở lên liên tiếp mà tôi không có bảo hiểm thuốc Medicare hoặc bảo hiểm thuốc kê toa có uy tín khác.
Tôi phải trả tiền phạt như thế nào?,Tôi thường sẽ phải trả tiền phạt như một phần của phí bảo hiểm hàng tháng cho đến khi tôi có bảo hiểm thuốc Medicare.
Tôi có thể tránh được tiền phạt ghi danh trễ không?,"Không, vì tôi phải ghi danh vào bất kỳ lúc nào sau khi Thời hạn Ghi danh Ban đầu của tôi kết thúc và có một khoảng thời gian từ 63 ngày trở lên liên tiếp mà tôi không có bảo hiểm thuốc Medicare hoặc bảo hiểm thuốc kê toa có uy tín khác."
Tôi nên tham gia chương trình thuốc Medicare riêng hay Chương trình Medicare Advantage?,Quý vị nên tham gia chương trình đáp ứng nhu cầu của mình
Tôi phải đóng phí bảo hiểm hay được miễn phí?,phải đóng một khoản nhỏ phí bảo hiểm hoặc được miễn phí
Tôi có thể thêm bảo hiểm thuốc Medicare (Phần D) nếu?,mất bảo hiểm đáng tin cậy khác
Bảo hiểm thuốc kê toa có uy tín có thể bao gồm thuốc từ đâu?,"chủ lao động hiện tại hoặc trước đây, công đoàn, TRICARE, Dịch vụ Y tế Ấn Độ (IHS), hoặc Bộ Cựu chiến binh (VA)"
Medicare của tôi có phải là bảo hiểm có uy tín không?,Không có thông tin cụ thể về tính uy tín của Medicare trong đoạn văn bản.
"Nếu tôi không có bảo hiểm thuốc Medicare hoặc bảo hiểm thuốc kê toa có uy tín khác trong 63 ngày liên tiếp, tôi có thể sẽ phải trả tiền phạt nếu đăng ký bảo hiểm thuốc Medicare sau đó không?","Có, nếu quý vị không có bảo hiểm thuốc Medicare hoặc bảo hiểm thuốc kê toa có uy tín khác trong 63 ngày liên tiếp, thì quý vị có thể sẽ phải trả tiền phạt nếu đăng ký bảo hiểm thuốc Medicare sau đó."
Tôi cần phải giữ hồ sơ gì để tránh tiền phạt khi đăng ký bảo hiểm thuốc Medicare?,Hồ sơ cho biết thời điểm quý vị có bảo hiểm thuốc kê toa có uy tín.
Tôi sẽ phải trả thêm bao nhiêu tiền nếu bị phạt ghi danh trễ?,Khoản tiền phạt ghi danh trễ tùy thuộc vào thời gian quý vị không có bảo hiểm thuốc kê toa có uy tín.
Chi phí cho khoản phạt ghi danh trễ được tính như thế nào?,Chi phí cho khoản phạt ghi danh trễ được tính bằng cách nhân 1% “phí bảo hiểm cơ sở của người thụ hưởng quốc gia” ($36.78 vào năm 2025) nhân với số tháng đầy đủ.
Tôi sẽ phải trả tiền phạt đến khi nào?,Quý vị có thể phải trả tiền phạt đến chừng nào quý vị còn có bảo hiểm thuốc Medicare.
Ai đủ điều kiện nhận đài thọ nhưng không có bảo hiểm thuốc Medicare?,Quý vị đủ điều kiện nhưng không có bảo hiểm thuốc Medicare (Phần D) và không có bảo hiểm thuốc theo toa đáng tin cậy khác.
Phí bảo hiểm cơ bản toàn quốc của người thụ hưởng có thể thay đổi như thế nào?,Có thể tăng hoặc giảm mỗi năm
Tôi có nợ tiền phạt khi tham gia chương trình Medicare không?,"Không rõ, chương trình sẽ cho biết liệu quý vị có nợ tiền phạt hay không."
Phí bảo hiểm của tôi sẽ là bao nhiêu khi tham gia chương trình Medicare?,"Phí bảo hiểm của quý vị sẽ là bao nhiêu, chương trình sẽ cho biết."
Tôi có thể tham gia chương trình Phần D trước khi tham gia chương trình Medicare không?,"Có, nhưng phải trước ngày 31 Tháng Bảy, 2021."
Số tiền phạt ghi danh trễ hàng tháng của bà Martinez cho năm 2024 là bao nhiêu?,Số tiền phạt ghi danh trễ hàng tháng của bà Martinez cho năm 2024 là $10.10
Phí bảo hiểm cơ bản của người thụ hưởng năm 2024 là bao nhiêu?,Phí bảo hiểm cơ bản của người thụ hưởng năm 2024 là $34.70
Nếu tôi không đồng ý với khoản tiền phạt ghi danh trễ thì sao?,"Bảo hiểm thuốc của quý vị sẽ gửi cho quý vị thư thông báo rằng quý vị sẽ phải trả tiền phạt ghi danh trễ. Nếu quý vị không đồng ý với khoản tiền phạt đó, quý vị có thể yêu cầu xem xét lại"
Làm thế nào để tính số tiền phạt ghi danh trễ?,29% phạt × $36.78 (phí bảo hiểm cơ bản của người thụ hưởng năm 2025) = $10.66 được làm tròn đến $0.10 gần nhất
Tôi cần phải làm gì để yêu cầu xem xét lại quyết định?,Tôi cần điền vào mẫu đơn yêu cầu xem xét lại mà tôi nhận được cùng với thư theo ngày được ghi trong thư.
Tôi có thể cung cấp bằng chứng gì để chứng minh trường hợp của mình?,Tôi có thể cung cấp thông tin về bảo hiểm thuốc kê toa có uy tín.
Những loại thuốc nào sẽ được đài thọ?,Tất cả các chương trình phải đài thọ cho nhiều loại thuốc kê toa mà những người có Medicare.
Các loại thuốc nào được bảo vệ?,"Các loại thuốc thuộc một số “nhóm được bảo vệ” nhất định, như thuốc điều trị ung thư, HIV/AID, trầm cảm, loạn thần, động kinh, hoặc để ngăn ngừa thải ghép nội tạng."
Thông tin về danh sách các loại thuốc được đài thọ của một chương trình ở đâu?,Thông tin về danh sách các loại thuốc được đài thọ của một chương trình không có trong cuốn sổ tay này.
Làm thế nào để biết danh mục thuốc của một chương trình?,"Trước khi tham gia một chương trình, hãy đảm bảo quý vị xem xét kỹ danh mục thuốc."
Chương trình có thể thay đổi danh sách thuốc trong năm vì lý do gì?,"Liệu pháp điều trị bằng thuốc thay đổi, thuốc mới được phát hành hoặc có thông tin y tế mới."
Chương trình có thể tăng giá cho loại thuốc gì?,Loại thuốc biệt dược hoặc thuốc gốc khi nhà sản xuất tăng giá.
Làm thế nào đồng thanh toán hoặc đồng bảo hiểm của tôi có thể thay đổi?,Đồng thanh toán hoặc đồng bảo hiểm của quý vị có thể tăng khi chương trình bắt đầu để cung cấp phiên bản thuốc gốc của thuốc biệt dược hoặc phiên bản thuốc sinh học tương tự của sản phẩm sinh học gốc.
Tôi có thể tiếp tục dùng thuốc biệt dược hoặc sản phẩm sinh học gốc không?,Quý vị vẫn tiếp tục dùng thuốc biệt dược hoặc sản phẩm sinh học gốc.
Một chương trình có thể đài thọ thuốc cho tình trạng sức khỏe này nhưng không đài thọ cho tình trạng sức khỏe khác?,"Có, trong vài trường hợp, một chương trình có thể đài thọ một loại thuốc cho tình trạng sức khỏe này nhưng không đài thọ cho tình trạng sức khỏe khác."
Medicare Phần B đài thọ cho bao nhiêu thuốc kê toa cho bệnh nhân ngoại trú?,Một số lượng hạn chế thuốc kê toa
Bảo hiểm thuốc Medicare (Phần D) đài thọ cho loại thuốc nào?,"Các loại thuốc, như buprenorphine, để điều trị Rối loạn Sử dụng Opioid"
Điều gì xảy ra nếu thuốc của tôi ở bậc cao hơn?,"Nếu thuốc của quý vị ở bậc cao hơn và người kê toa cho quý vị (bác sĩ hoặc nhà cung cấp dịch vụ chăm sóc sức khỏe khác được phép kê toa hợp pháp) cho rằng quý vị cần thuốc ở bậc cao hơn, thì chi phí của thuốc sẽ cao hơn."
Thuốc ở bậc thấp hơn có chi phí như thế nào so với thuốc ở bậc cao hơn?,Thuốc ở bậc thấp hơn thường sẽ có chi phí ít hơn so với thuốc ở bậc cao hơn.
Tại sao có bậc khác nhau trong danh mục thuốc?,Phần D thường phân loại thuốc theo các mức độ khác nhau gọi là “bậc” trong danh mục thuốc.
Tôi có thể đề nghị chương trình của mình đưa ra trường hợp ngoại lệ để có thể trả đồng bảo hiểm hoặc đồng thanh toán thấp hơn cho thuốc ở bậc cao hơn không?,"Có, quý vị hoặc người kê toa cho quý vị có thể đề nghị chương trình của quý vị đưa ra trường hợp ngoại lệ."
Tôi cần tìm thông tin về các trường hợp ngoại lệ ở đâu?,Xem trang 100 để biết thêm thông tin về các trường hợp ngoại lệ.
Làm thế nào để biết danh mục thuốc hiện tại của chương trình?,Liên hệ với chương trình hoặc truy cập vào trang web của chương trình
Tôi có thể tìm hiểu danh mục thuốc của chương trình của mình ở đâu?,Truy cập vào trang web Medicare.gov/plan-compare hoặc Medicare.gov/plan-compare
Tôi có thể liên hệ với chương trình bằng cách nào nếu tôi có thắc mắc hoặc phát hiện sai sót?,Liên hệ với chương trình thông qua thông báo 'Giải thích về Quyền lợi' hoặc gọi trực tiếp
Tôi cần làm gì nếu nghi ngờ có gian lận?,Gọi cho Medicare Drug Integrity Contractor theo số 1‑877‑7SAFERX (1‑877‑772‑3379)
Tôi có thể mua được loại thuốc nào mà không cần liên hệ với chương trình?,Không có thông tin cụ thể về loại thuốc nào không cần liên hệ với chương trình
Tôi cần liên hệ với chương trình trước khi mua loại thuốc nào?,"Một số loại thuốc nhất định, nhưng thông tin cụ thể không được đề cập trong đoạn văn bản"
Tôi cần làm gì để biết thuốc được phê duyệt để điều trị bệnh lý y khoa khác?,Liên hệ với chương trình của quý vị hoặc truy cập trang web của chương trình đó để tìm những yêu cầu về giấy cho phép trước.
Tôi có thể nhận được bao nhiêu thuốc tại một thời điểm?,Giới hạn về lượng thuốc mà quý vị có thể nhận được tại một thời điểm.
Tôi cần thử dùng thuốc nào trước khi chương trình đài thọ?,"Một hoặc nhiều loại thuốc tương tự, có chi phí thấp hơn trước khi chương trình đài thọ cho loại thuốc được kê toa."
"Trước khi cấp đơn thuốc, nhà thuốc sẽ thực hiện các kiểm tra an toàn nào?","Kiểm tra an toàn định kỳ, như kiểm tra liều lượng không chính xác hoặc tương tác với các loại thuốc khác mà quý vị đang dùng."
Các biện pháp kiểm tra opioid an toàn bao gồm việc kiểm tra gì?,"Kiểm tra lượng thuốc giảm đau opioid không an toàn có thể xảy ra, giới hạn số ngày cung cấp thuốc kê toa opioid lần đầu."
Ai sẽ thực hiện các kiểm tra an toàn định kỳ tại nhà thuốc?,Chương trình thuốc và dược sĩ của quý vị sẽ thực hiện các kiểm tra an toàn định kỳ.
Các nguy cơ khi sử dụng opioid có thể gia tăng khi dùng cùng với loại thuốc nào?,"benzodiazepin, thuốc chống động kinh"
Các thuốc giảm đau opioid có thể gây ra tác dụng phụ nào?,"phụ thuộc thuốc, quá liều, và tử vong"
Tôi có thể sử dụng thuốc giãn cơ như gabapentin một cách an toàn?,"Không có thông tin cụ thể về việc sử dụng thuốc giãn cơ như gabapentin trong đoạn văn bản, nhưng đoạn văn bản khuyên bạn nên hỏi bác sĩ hoặc dược sĩ về các nguy cơ hoặc tác dụng phụ."
Chương trình Quản Lý Thuốc có bảo hiểm thuốc opioid và benzodiazepin?,"Có, chương trình bảo hiểm sức khỏe Medicare có bảo hiểm thuốc có Chương Trình Quản Lý Thuốc để giúp sử dụng thuốc theo toa một cách an toàn, bao gồm cả thuốc opioid và benzodiazepin."
Tôi nên hỏi ai về các nguy cơ hoặc tác dụng phụ của thuốc?,Bạn nên hỏi bác sĩ hoặc dược sĩ của mình về các nguy cơ hoặc tác dụng phụ của thuốc.
Tôi có thể sử dụng opioid không an toàn?,"Có thể không an toàn, chẳng hạn như do nhận đơn thuốc opioid từ nhiều bác sĩ hoặc hiệu thuốc, hoặc nếu gần đây tôi đã dùng quá liều opioid."
Chương trình sẽ làm gì nếu tôi đang sử dụng opioid?,Chương trình sẽ liên hệ với các bác sĩ đã kê thuốc cho tôi để đảm bảo rằng tôi cần những loại thuốc này và đang sử dụng chúng theo đúng chỉ định.
"Nếu chương trình quyết định rằng việc sử dụng các loại thuốc opioid và benzodiazepine kê toa của tôi có thể không an toàn, thì chương trình sẽ làm gì?",Chương trình sẽ gửi trước cho tôi một lá thư.
Lá thư mà chương trình gửi cho tôi sẽ chứa thông tin gì?,"Lá thư sẽ cho tôi biết liệu chương trình có thể giới hạn bảo hiểm đối với những loại thuốc này cho tôi hay không, hoặc liệu tôi có bắt buộc chỉ được nhận kê toa cho những loại thuốc nào."
Chương trình sẽ giới hạn bảo hiểm đối với những loại thuốc opioid và benzodiazepine kê toa của tôi như thế nào?,"Chương trình sẽ giới hạn bảo hiểm đối với những loại thuốc này cho tôi, hoặc chỉ cho tôi nhận kê toa cho những loại thuốc nào."
Tôi có thể mua thuốc này ở đâu?,Quý vị có thể mua thuốc này từ một bác sĩ hoặc nhà thuốc mà quý vị chọn.
"Nếu tôi không đồng ý với quyết định của chương trình, tôi có thể làm gì?",Quý vị và bác sĩ của mình có quyền khiếu nại những quy định hạn chế này nếu quý vị không đồng ý với quyết định của chương trình.
"Tôi mắc bệnh ung thư, có được sử dụng thuốc này không?",Các đánh giá an toàn opioid tại nhà thuốc và các Chương trình Quản lý Thuốc thường sẽ không được áp dụng nếu quý vị mắc bệnh ung thư hoặc bệnh tế bào hình liềm.
Tôi có thể yêu cầu xem xét trường hợp ngoại lệ nếu tôi đang nhận dịch vụ chăm sóc giảm nhẹ?,"Không, yêu cầu xem xét trường hợp ngoại lệ chỉ áp dụng nếu quý vị hoặc người kê toa cho quý vị cho rằng chương trình của quý vị nên miễn trừ một trong những quy tắc bảo hiểm khác."
Tôi có thể được kê toa opioid nếu tôi đang trong cơ sở chăm sóc cuối đời?,Không có thông tin nào trong đoạn văn bản cho biết việc kê toa opioid bị hạn chế ở những người đang trong cơ sở chăm sóc cuối đời.
Tôi có thể yêu cầu xem xét trường hợp ngoại lệ nếu tôi đang sống trong một cơ sở chăm sóc dài hạn?,"Không, yêu cầu xem xét trường hợp ngoại lệ chỉ áp dụng nếu quý vị hoặc người kê toa cho quý vị cho rằng chương trình của quý vị nên miễn trừ một trong những quy tắc bảo hiểm khác."
Liệu sử dụng opioid có thể gây ra những nguy cơ sức khỏe nghiêm trọng không?,"Có, nếu sử dụng không đúng cách."
Thuốc naloxone có được đài thọ bởi Medicare không?,"Có, nhưng quý vị cần nói chuyện với bác sĩ về việc sử dụng naloxone tại nhà."
Liệu lượng và tần suất sử dụng opioid nên được thảo luận với bác sĩ không?,"Có, để đảm bảo sử dụng an toàn."
Tôi có thể quyết định không dùng toàn bộ thuốc kê toa của mình không?,"Có, bạn có thể quyết định sau đó rằng mình không cần dùng toàn bộ thuốc kê toa của mình."
Tôi có thể nói chuyện với bác sĩ về các lựa chọn điều trị khác không?,"Có, bạn có thể nói chuyện với bác sĩ về các lựa chọn khác mà Medicare đài thọ để điều trị cho tình trạng đau của mình."
Tôi cần phải cho bác sĩ biết về tiền sử trầm cảm và lạm dụng chất kích thích không?,"Có, bạn cần phải cho bác sĩ biết nếu bạn có tiền sử trầm cảm, lạm dụng chất kích thích, sang chấn."
Tôi có thể sử dụng opioid khi đang gặp vấn đề về sức khỏe?,"Không, thời thơ ấu hoặc các vấn đề về sức khỏe và/hoặc vấn đề cá nhân khác có thể khiến việc sử dụng opioid trở nên nguy hiểm hơn cho quý vị."
Tôi có thể dùng nhiều opioid hơn so với lượng được chỉ định?,Không bao giờ dùng nhiều opioid hơn so với lượng được chỉ định.
Tôi nên làm gì với thuốc opioid không còn sử dụng?,Hãy cất trữ và hủy bỏ một cách an toàn các thuốc opioid kê toa không còn sử dụng thông qua chương trình thu hồi thuốc trong cộng đồng hoặc chương trình gửi lại thuốc của nhà thuốc.
Tôi có thể mua thuốc kê toa tự động qua đường bưu điện không?,"Có, các chương trình thuốc Medicare có thể cung cấp chương trình tự động giao thuốc."
Tôi cần liên hệ với ai để biết thêm thông tin về việc kiểm soát đau và sử dụng opioid?,Hãy truy cập Medicare.gov/coverage/pain-management hoặc gọi 1-800-MEDICARE (1-800-633-4227).
Tôi có thể gọi điện thoại để liên hệ với chương trình thuốc Medicare không?,"Có, bạn có thể gọi 1-800-MEDICARE (1-800-633-4227) hoặc 1-877-486-2048 nếu bạn sử dụng TTY."
Các chương trình có bảo hiểm thuốc Medicare (Phần D) phải cung cấp dịch vụ gì?,Các dịch vụ Quản lý Liệu pháp Thuốc
Các dịch vụ Quản lý Liệu pháp Thuốc giúp quý vị làm gì?,Hỗ trợ quý vị hiểu cách quản lý và sử dụng thuốc an toàn
Dịch vụ Quản lý Liệu pháp Thuốc bao gồm những gì?,Một cuộc trao đổi với dược sĩ hoặc nhà cung cấp dịch vụ chăm sóc sức khỏe để xem xét các loại thuốc của quý vị.
Phần D đài thọ cho loại thuốc nào?,"Phần D đài thọ cho insulin, bao gồm insulin được sử dụng với cả bơm insulin dùng một lần."
Tôi cần liên hệ với chương trình nào để biết thông tin chi tiết?,Liên hệ với chương trình của quý vị để biết thông tin chi tiết và tìm hiểu xem quý vị có đủ điều kiện không
Phần D đài thọ cho những vật tư y khoa nào?,"Phần D đài thọ cho các vật tư y khoa như ống tiêm, miếng gạc tẩm cồn, băng gạc để tiêm insulin."
Có giới hạn về chi phí đối với sản phẩm được phần D đài thọ insulin?,"Có, các chương trình không thể tính phí quý vị nhiều hơn $35 đối với lượng tiếp liệu đủ dùng trong một tháng."
Quý vị phải trả khoản khấu trừ cho insulin được phần D đài thọ?,"Không, quý vị không phải trả khoản khấu trừ cho insulin được phần D đài thọ."
Tôi có đủ điều kiện nhận Extra Help không?,"Có, nếu quý vị có Medicare và Medicaid."
Tôi có thể chi trả cho Extra Help trong trường hợp nào?,Trong một số trường hợp nhất định.
Tôi có thể sử dụng bảo hiểm chủ lao động hoặc công đoàn để chi trả cho Extra Help không?,"Có, nếu quý vị có bảo hiểm chủ lao động hoặc công đoàn hiện tại hoặc trước đây."
Liệu Medicare sẽ thanh toán trước khi thanh toán các bảo hiểm khác?,"Có, Medicare có các quy tắc về việc thanh toán trước"
Ai sẽ thông báo cho tôi về việc bảo hiểm thuốc của mình?,Chủ lao động hoặc công đoàn của tôi sẽ thông báo hàng năm
Việc nhận bảo hiểm thuốc Medicare có thể khiến tôi mất bảo hiểm gì?,Bảo hiểm thuốc dựa vào việc làm hiện tại hoặc trước đây của mình
Tôi cần phải làm gì trước khi thay đổi bảo hiểm của mình?,Hãy gọi cho quản trị viên quyền lợi của quý vị để biết thêm thông tin trước khi thực hiện bất kỳ thay đổi nào.
Ai sẽ được thông báo khi tôi thay đổi bảo hiểm?,Chủ lao động hoặc công đoàn sẽ được thông báo.
Tôi có thể giữ bảo hiểm sức khỏe sau khi kết thúc việc làm không?,"Có, theo luật COBRA, quý vị có thể tạm thời giữ bảo hiểm sức khỏe của chủ lao động sau khi kết thúc việc làm."
Tôi có thể tham gia bảo hiểm COBRA nếu tôi bị mất bảo hiểm với tư cách là người phụ thuộc của nhân viên được bảo hiểm không?,"Có, quý vị có thể tham gia bảo hiểm COBRA sau khi bị mất bảo hiểm với tư cách là người phụ thuộc của nhân viên được bảo hiểm."
Tôi nên tham gia bảo hiểm COBRA hay bảo hiểm Medicare (Phần D) không?,"Quý vị nên tham khảo lý do tại sao nên tham gia Phần B thay vì, hoặc để bổ sung cho bảo hiểm COBRA (trang 18)."
"Nếu tôi chọn COBRA và đủ điều kiện nhận Medicare, thì COBRA có thể chi trả bao nhiêu phần trăm chi phí y tế?",COBRA chỉ có thể chi trả một phần nhỏ chi phí y tế của quý vị.
Tôi có thể tự chi trả bao nhiêu phần trăm chi phí y tế nếu tôi chọn COBRA và đủ điều kiện nhận Medicare?,Quý vị có thể phải tự chi trả phần lớn chi phí.
Tôi có thể liên hệ với Chương Trình Hỗ trợ Bảo hiểm Sức khỏe Tiểu bang (SHIP) để được hỗ trợ như thế nào?,Quý vị có thể liên hệ với Chương Trình Hỗ trợ Bảo hiểm Sức khỏe Tiểu bang (SHIP) miễn phí để được hỗ trợ cá nhân hóa về bảo hiểm Medicare.
"Tôi cần tìm số điện thoại của SHIP địa phương của mình, nơi nào?",Xem trang 114–117 hoặc truy cập shiphelp.org
"Tôi có thể nhận bảo hiểm thuốc Medicare (Phần D) mà không phải trả phí phạt khi bảo hiểm COBRA kết thúc, điều kiện nào?",Nếu quý vị có COBRA bao gồm bảo hiểm thuốc kê toa có uy tín
Tôi cần gọi điện cho ai để hỏi về Medicare và COBRA?,Trung tâm Điều phối Quyền lợi & Hỗ trợ Phục hồi theo số 1-855-798-2627
Tôi có thể mua bảo hiểm thuốc đi kèm với Medigap không?,"Không, các hợp đồng Medigap không còn được bán có bảo hiểm thuốc đi kèm nữa."
Tôi có thể giữ lại hợp đồng Medigap cũ đã được bán có bảo hiểm thuốc không?,"Có, nếu quý vị có một hợp đồng Medigap cũ đã được bán có bảo hiểm thuốc, quý vị có thể giữ lại hợp đồng."
Tôi có thể tham gia một chương trình thuốc Medicare riêng không?,"Có, hầu hết bảo hiểm thuốc có thể tham gia một chương trình thuốc Medicare riêng."
"Nếu tôi tham gia chương trình thuốc Medicare, có thể xảy ra tình huống gì?",Tôi có thể phải trả nhiều tiền hơn nếu tham gia vào một chương trình thuốc sau đó.
Tôi nên làm gì nếu tôi có bảo hiểm thuốc đáng tin cậy?,Hãy ghi lại thông tin của mình trong trường hợp tôi quyết định tham gia chương trình thuốc Medicare sau này.
Tôi có thể gỡ bỏ bảo hiểm thuốc không?,"Có, bạn có thể gỡ bỏ bảo hiểm thuốc bằng cách liên hệ với công ty bảo hiểm Medigap của mình."
Tôi có thể điều chỉnh phí bảo hiểm không?,"Có, bạn có thể điều chỉnh phí bảo hiểm bằng cách liên hệ với công ty bảo hiểm Medigap của mình."
Chương trình bảo hiểm sức khỏe nào dành cho nhân viên liên bang?,Chương trình Quyền lợi Sức khỏe Nhân viên Liên bang (FEHB) dành cho các nhân viên liên bang hiện tại và đã nghỉ hưu và các thành viên gia đình được đài thọ.
Tôi có cần mua bảo hiểm thuốc Medicare không?,"Không, vì quý vị là nhân viên liên bang hiện tại."
"Nếu tôi mua bảo hiểm thuốc Medicare, có thể giữ lại chương trình FEHB của mình không?","Có, nhưng sẽ có điều kiện cụ thể."
Tôi cần liên hệ với ai để biết thêm thông tin về bảo hiểm thuốc Medicare?,Văn phòng Quản lý Nhân sự theo số 1‑888‑767‑6738 hoặc truy cập OPM.gov/healthcare-insurance/healthcare.
"Tôi là nhân viên đương nhiệm của liên bang, làm thế nào để liên hệ với Cán bộ Quyền lợi của mình?",Quý vị có thể truy cập apps.opm.gov/abo để biết danh sách các Cán bộ Quyền lợi.
"Tôi là người dùng TTY, làm thế nào để liên hệ với chương trình?",Quý vị có thể gọi số 711.
"Tôi là nhân viên đủ điều kiện của U.S. hoặc gia đình họ, tôi có được bảo hiểm thông qua chương trình nào?",Quý vị nhận được bảo hiểm thông qua Chương trình Phúc lợi Sức khỏe Dịch vụ Bưu chính (PSHB).
Ai có thể nhận được bảo hiểm ma túy thông qua Chương trình Bộ Cựu chiến binh (VA)?,Các cựu chiến binh và những người đã từng phục vụ trong quân đội Hoa Kỳ.
Có thể tham gia vào chương trình thuốc Medicare riêng?,"Có, nhưng nếu làm vậy, quý vị sẽ không thể sử dụng cả hai loại hình bảo hiểm cho cùng một loại thuốc."
Bảo hiểm ma túy có thể được sử dụng ở đâu?,Quý vị có thể nhận được bảo hiểm ma túy thông qua Hoa Kỳ.
Tôi có thể tham gia chương trình thuốc Medicare riêng khi tham gia CHAMPVA không?,"Không, nếu tham gia CHAMPVA, bạn không thể tham gia chương trình thuốc Medicare riêng."
Tôi cần làm gì để biết thêm thông tin về CHAMPVA?,Hãy truy cập VA.gov hoặc gọi cho VA theo số 1‑800‑827‑1000.
Tôi có thể gọi cho VA bằng cách nào nếu tôi sử dụng thiết bị TTY?,Bạn có thể gọi cho VA bằng số 711.
Tôi có phải tham gia Chương trình Medicare riêng nếu tôi có TRICARE?,"Không, nếu quý vị có TRICARE, quý vị không cần tham gia vào một chương trình thuốc Medicare riêng."
"Nếu tôi tham gia Chương trình Medicare riêng, thì chương trình nào sẽ chi trả trước?","Nếu quý vị tham gia, chương trình thuốc Medicare của quý vị sẽ chi trả trước."
"Nếu tôi tham gia Chương trình Medicare Advantage có bảo hiểm thuốc, thì tôi có cần tham gia Chương trình Medicare riêng không?","Không, nếu quý vị tham gia một Chương trình Medicare Advantage có bảo hiểm thuốc, Chương trình Medicare của quý vị sẽ chi trả trước và TRICARE chi trả sau."
Trình Medicare Advantage và TRICARE có thể phối hợp quyền lợi của họ được không?,"Có, nếu nhà thuốc trong mạng lưới Medicare Advantage của quý vị cũng là một nhà thuốc trong mạng lưới TRICARE."
Tôi có thể nộp yêu cầu thanh toán của riêng mình để được chi trả cho các chi phí tự trả của bản thân được không?,"Có, nếu nhà thuốc trong mạng lưới Medicare Advantage của quý vị không phải là nhà thuốc trong mạng lưới TRICARE."
Tôi cần gọi cho ai để biết thêm thông tin về việc nộp yêu cầu thanh toán của riêng mình?,Chương trình Nhà thuốc TRICARE theo số 1-877-363-1303 hoặc truy cập tricare.mil
Chương trình Sức khỏe Thổ dân cung cấp dịch vụ chăm sóc sức khỏe cho cộng đồng nào?,cộng đồng những người Thổ dân Mỹ/Bản địa Alaska tham gia Medicare
Hệ thống chăm sóc sức khỏe Thổ dân bao gồm các chương trình sức khỏe nào?,"chương trình sức khỏe IHS của bộ lạc, đô thị và do liên bang điều hành"
Tôi cần làm gì để được chi trả chi phí thuốc kê toa?,Hãy nói chuyện với điều phối viên quyền lợi sức khỏe Thổ dân tại địa phương của quý vị.
Tôi có thể tham gia chương trình nào khác để giúp trang trải chi phí chăm sóc sức khỏe?,Quý vị có thể đủ điều kiện tham gia các chương trình khác có thể giúp trang trải chi phí chăm sóc sức khỏe của quý vị.
Điều phối viên quyền lợi sức khỏe Thổ dân có thể giúp tôi như thế nào?,Điều phối viên quyền lợi sức khỏe Thổ dân có thể giúp quý vị chọn được một chương trình đáp ứng nhu cầu của mình và cho quý vị biết Medicare hoạt động như thế nào cùng với hệ thống chăm sóc sức khỏe Thổ dân.
Tôi có thể được hỗ trợ thanh toán chi phí Medicare của mình không?,"Nếu quý vị có thu nhập và tài sản hạn chế, quý vị có thể được tiểu bang hỗ trợ để thanh toán một số chi phí Medicare của mình nếu quý vị đáp ứng các điều kiện nhất định."
Có bao nhiêu loại Chương Trình Tiết Kiệm của Medicare?,Có 4 loại Chương Trình Tiết Kiệm của Medicare.
Chương trình QMB đài thọ những chi phí Medicare nào?,Chương trình QMB đài thọ Phần A phí bảo hiểm (nếu quý vị khôn’g có Phần A miễn phí phí bảo hiểm) và Phần B phí bảo hiểm.
Tôi có phải trả phí cho các dịch vụ và vật phẩm mà Medicare đài thọ không?,"Không, quý vị không phải trả phí cho các dịch vụ và vật phẩm mà Medicare đài thọ."
"Nếu tôi nhận được hóa đơn cho các khoản phí này, tôi nên làm gì?","Quý vị nên nói với nhà cung cấp dịch vụ của quý vị hoặc người thu nợ rằng quý vị đang tham gia chương trình QMB và không thể bị tính phí cho các khoản khấu trừ, đồng bảo hiểm, và đồng thanh toán."
"Tôi có được phép tính phí cho các khoản khấu trừ, đồng bảo hiểm, và đồng thanh toán không?","Không, các nhà cung cấp dịch vụ Medicare không được phép tính phí cho quý vị đối với các dịch vụ và vật phẩm mà Medicare đài thọ."
Tôi có thể yêu cầu hoàn lại tiền nếu đã thanh toán hóa đơn cho dịch vụ và vật phẩm mà Medicare đài thọ?,"Có, nếu quý vị đã thực hiện thanh toán hóa đơn cho các dịch vụ và vật phẩm mà Medicare đài thọ, quý vị có quyền được hoàn lại tiền."
Tôi cần làm gì để yêu cầu chương trình Medicare Advantage ngưng tính phí?,Quý vị nên liên hệ với chương trình Medicare Advantage để yêu cầu họ ngưng tính phí.
Tôi cần xuất trình thẻ gì khi nhận dịch vụ chăm sóc sức khỏe?,Quý vị cần xuất trình cả thẻ Medicare và Medicaid hoặc thẻ QMB mỗi khi nhận dịch vụ chăm sóc sức khỏe.
Tôi có thể đưa bản sao 'Thông báo Tóm tắt của Medicare' (MSN) của mình cho nhà cung cấp dịch vụ được không?,"Có, nếu quý vị có Original Medicare."
Tôi cần làm gì để đăng ký nhận MSN điện tử?,Đăng nhập (hoặc tạo) tài khoản Medicare bảo mật của quý vị tại Medicare.gov.
Tôi cần làm gì nếu nhà cung cấp của tôi không ngừng tính phí cho tôi?,Hãy gọi 1-800-MEDICARE.
Tôi có thể liên hệ với ai để xác nhận tôi đang tham gia chương trình QMB?,Chúng tôi có thể xác nhận rằng quý vị đang tham gia chương trình QMB.
Người thụ hưởng Medicare có Thu nhập thấp Được chỉ định (SLMB) được đài thọ chi phí gì?,Chỉ đài thọ cho chi phí bảo hiểm Phần B.
Người thụ hưởng Medicare có đủ tiêu chuẩn (QI) được đài thọ chi phí gì?,Chỉ đài thọ cho chi phí bảo hiểm Phần B.
Ai có thể đủ điều kiện cho chương trình Cá nhân Khuyết tật và Đang làm việc Đủ tiêu chuẩn?,"Người bị khuyết tật, đang đi làm, hoặc mất phúc lợi An Sinh Xã Hội dành cho người khuyết tật và bảo hiểm miễn phí của Phần A."
Chương trình Cá nhân Khuyết tật và Đang làm việc Đủ tiêu chuẩn đài thọ cho loại phí bảo hiểm nào?,Phí bảo hiểm Phần A.
Người nào có thể đủ điều kiện nhận trợ cấp thuốc ức chế miễn dịch?,"Người đăng ký nhận trợ cấp thuốc ức chế miễn dịch và có thu nhập và nguồn lực hạn chế, nhưng không có bảo hiểm Medicaid đầy đủ."
"Tôi cần làm gì để được trợ giúp thanh toán chi phí thông qua chương trình QMB, SLMB hoặc QI?",Liên hệ với văn phòng Hỗ Trợ Y Tế của Tiểu Bang (Medicaid) của quý vị để nộp đơn.
"Tôi cần tìm thông tin gì để hiểu rõ hơn về các chương trình QMB, SLMB hoặc QI?",Xem trang 119–122 để biết định nghĩa của các từ màu xanh dương.
Tôi đủ điều kiện nhận Extra Help không?,"Nếu quý vị đủ điều kiện tham gia Chương trình QMB, SLMB hoặc QI, quý vị sẽ tự động đủ điều kiện nhận Extra Help."
Chương trình Tiết kiệm Medicare có sẵn ở đâu?,Chương trình Tiết kiệm Medicare có sẵn thông qua tiểu bang của quý vị.
Chương trình Tiết kiệm Medicare có sẵn ở Puerto Rico và Hoa Kỳ Virgin Islands không?,"Không, các Chương trình Tiết kiệm của Medicare không có ở Puerto Rico hoặc Hoa Kỳ Virgin Islands."
Tôi cần phải có thu nhập và nguồn lực dưới mức nào để đủ điều kiện tham gia Chương trình Tiết kiệm Medicare?,Thu nhập và nguồn lực của quý vị phải dưới một giới hạn nhất định.
Giới hạn thu nhập và tài sản của tôi có khác nhau tùy theo tiểu bang không?,"Có, giới hạn thu nhập và tài sản khác nhau tùy theo tiểu bang."
Tôi nên làm gì nếu tôi không nghĩ mình hội đủ điều kiện tham gia Chương trình Tiết kiệm Medicare?,Quý vị nên đăng ký và liên hệ với văn phòng Hỗ Trợ Y Tế của Tiểu Bang (Medicaid) của quý vị để bắt đầu.
"Tôi muốn lấy số điện thoại của văn phòng Medicaid tiểu bang, làm thế nào?",Hãy truy cập Medicaid.gov/about-us/beneficiary-resources/index.html#statemenu hoặc gọi số 1-800-MEDICARE (1-800-633-4227).
Tôi có thể gọi số điện thoại nào nếu tôi sử dụng TTY?,Người dùng TTY có thể gọi 1-877-486-2048.
Tôi có đủ tiêu chuẩn để nhận Extra Help không?,"Nếu quý vị có hạn chế về thu nhập và tài sản, quý vị có thể đủ tiêu chuẩn cho Extra Help."
Tôi có đủ điều kiện nhận Extra Help không?,"Có, nếu thu nhập hàng năm và tài sản của tôi dưới các giới hạn sau trong năm 2025: thu nhập dưới $23,475 và tài sản dưới $17,600."
Tôi có phải trả tiền phạt ghi danh trễ Phần D không?,"Không, nếu tôi đủ điều kiện nhận Extra Help và tham gia một chương trình thuốc Medicare riêng biệt hoặc Chương trình Medicare Advantage có bảo hiểm thuốc Medicare (Phần D)."
Tôi có phải là người độc thân để đủ điều kiện nhận Extra Help không?,"Không, tôi cũng có thể đủ điều kiện nếu tôi đã kết hôn sống với vợ/chồng."
Các loại tài sản nào được tính vào tài sản để xác định mức hỗ trợ?,"tiền trong chi phiếu hoặc tài khoản tiết kiệm, cổ phiếu, trái phiếu, quỹ tương hỗ, và Tài khoản Hưu trí Cá nhân (IRAs)"
Những gì không được bao gồm trong Extra Help?,"Nhà cửa, xe hơi, đồ gia dụng, lô đất mai táng, chi phí mai táng lên đến $1,500 (mỗi người), hoặc các hợp đồng bảo hiểm nhân thọ."
Tại sao Extra Help không có sẵn ở một số khu vực?,"Extra Help không có sẵn ở Puerto Rico, Hoa Kỳ. Quần đảo Virgin, Guam, Quần đảo Bắc Marianas, hoặc Samoa thuộc Mỹ."
"Nếu Extra Help không có sẵn, có những chương trình khác ở những khu vực này?","Có, có những chương trình khác ở những khu vực này để giúp những người có thu nhập và tài sản hạn chế."
Tôi có thể thay đổi chương trình bảo hiểm thuốc của mình khi nào?,"Nếu quý vị có Medicaid hoặc nhận được Extra Help, quý vị có thể thay đổi bảo hiểm thuốc của mình một lần mỗi tháng."
Khi nào sẽ có hiệu lực khi tôi thay đổi bảo hiểm thuốc?,Thay đổi sẽ có hiệu lực vào ngày đầu tiên của tháng tiếp theo.
Tôi có thể chuyển đổi chương trình bảo hiểm vào thời điểm nào trong năm?,Hầu hết những người có Medicare chỉ có thể chuyển đổi các chương trình vào những thời điểm nhất định trong năm.
Tôi có đủ điều kiện nhận Extra Help không?,"Có, nếu quý vị có Medicare và đáp ứng được những điều kiện sau: quý vị có bảo hiểm Medicaid đầy đủ, quý vị nhận được trợ giúp của chương trình Medicaid ở tiểu bang để trả Phần B phí bảo hiểm và các chi phí Medicare khác, hoặc quý vị nhận được phúc lợi của Thu nhập An sinh Bổ sung (SSI)."
Tôi có bảo hiểm Medicaid đầy đủ thì có đủ điều kiện nhận Extra Help không?,"Có, nếu quý vị đáp ứng được những điều kiện khác như nhận được trợ giúp của chương trình Medicaid ở tiểu bang để trả Phần B phí bảo hiểm và các chi phí Medicare khác, hoặc quý vị nhận được phúc lợi của Thu nhập An sinh Bổ sung (SSI)."
Tôi có Medicare và nhận được trợ giúp của chương trình Medicaid ở tiểu bang để trả Phần B phí bảo hiểm và các chi phí Medicare khác thì có đủ điều kiện nhận Extra Help không?,"Có, nếu quý vị đáp ứng được những điều kiện khác như có bảo hiểm Medicaid đầy đủ hoặc nhận được phúc lợi của Thu nhập An sinh Bổ sung (SSI)."
Tôi có cần nộp đơn đăng ký Extra Help không?,"Không, nếu quý vị nhận được lá thư màu tím từ Medicare."
Tôi có cần có Bảo hiểm thuốc Medicare (Phần D) để sử dụng Extra Help không?,"Có, nếu quý vị không có Bảo hiểm thuốc Medicare (Phần D), quý vị phải có bảo hiểm này để sử dụng Extra Help."
"Nếu tôi không có Bảo hiểm thuốc Medicare (Phần D), Medicare sẽ làm gì?",Medicare có thể ghi danh quý vị trong chương trình thuốc Medicare riêng biệt để quý vị có thể sử dụng Extra Help.
Tôi sẽ nhận được thông báo gì khi tham gia chương trình?,Quý vị sẽ nhận được một lá thư màu vàng hoặc xanh lá để thông báo cho quý vị biết khi nào bảo hiểm của mình bắt đầu.
Tôi có thể thay đổi chương trình không?,Quý vị sẽ có Thời gian Ghi danh Đặc biệt để thay đổi chương trình nếu quý vị muốn tham gia một chương trình khác với chương trình mà Medicare đã ghi danh quý vị vào.
Tôi nên kiểm tra điều gì khi tham gia chương trình?,Quý vị nên kiểm tra xem chương trình mà quý vị đã ghi danh có đài thọ cho các loại thuốc mà quý vị sử dụng hay không.
Tôi có thể đến nhà thuốc mình muốn không?,"Có, quý vị có thể đến các nhà thuốc mình mong muốn."
Tôi cần làm gì để so sánh chương trình của mình với các chương trình khác?,Truy cập Medicare.gov/plan-compare hoặc gọi số 1-800-MEDICARE (1‑800‑633-4227)
Tôi có phải trả chi phí gì nếu tôi có Medicaid và sống trong một cơ sở nhất định?,"Không, quý vị sẽ không phải trả bất kỳ chi phí nào."
Tôi nên liên hệ với ai để biết thêm thông tin về chi phí thuốc?,Chương trình thuốc Medicare riêng biệt hoặc Extra Help
"Nếu tôi có bảo hiểm của chủ lao động hoặc công đoàn và tham gia bảo hiểm thuốc Medicare, thì tôi có thể bị mất bảo hiểm của chủ lao động hoặc công đoàn không?","Có, quý vị có thể bị mất bảo hiểm của chủ lao động hoặc công đoàn (cho bản thân và những người phụ thuộc của quý vị)"
Tôi nên làm gì trước khi nhận bảo hiểm thuốc Medicare?,Hãy gọi cho quản trị viên quyền lợi của quý vị trước khi quý vị nhận bảo hiểm thuốc Medicare
Tôi có thể đăng ký Extra Help khi nào?,Bất cứ khi nào tại SSA.gov/extrahelp
Tôi có thể đăng ký Extra Help và Chương trình Tiết kiệm của Medicare cùng lúc?,"Có, khi quý vị đăng ký Extra Help, quý vị cũng có thể bắt đầu quy trình đăng ký cho Chương trình Tiết kiệm của Medicare"
Chương trình An sinh xã hội sẽ gửi thông tin đăng ký cho tôi ở đâu?,Tiểu bang của quý vị
Tôi phải ký MSP không?,"Có, trừ khi quý vị yêu cầu không làm như vậy trong đơn đăng ký Extra Help."
Tôi cần gọi đến số điện thoại nào để được trợ giúp lựa chọn bảo hiểm thuốc?,Quý vị có thể gọi cho Chương trình Hỗ trợ Bảo hiểm Y tế Tiểu bang (SHIP) hoặc số 1‑800‑MEDICARE.
Tôi có thể tìm số điện thoại của chương trình SHIP tại địa phương của mình ở đâu?,"Đến trang 114–117 để biết số điện thoại của chương trình SHIP tại địa phương của quý vị, hoặc truy cập shiphelp.org."
Medicaid là chương trình của quốc gia hay tiểu bang?,Medicaid là chương trình chung của liên bang và tiểu bang
Ai đủ tiêu chuẩn nhận Medicaid?,Quý vị có thu nhập và (trong một số trường hợp) tài sản hạn chế và đáp ứng các yêu cầu khác
Medicaid đài thọ những chi phí chăm sóc sức khỏe?,Hầu hết các chi phí chăm sóc sức khỏe của quý vị đều được đài thọ nếu quý vị có Medicare và bảo hiểm Medicaid đầy đủ
"Nếu tôi có Medicare và bảo hiểm Medicaid đầy đủ, tôi sẽ được đài thọ các loại thuốc kê toa như thế nào?",Medicare sẽ đài thọ các loại thuốc kê toa của quý vị.
"Nếu tôi có bảo hiểm Medicaid đầy đủ, tôi có thể nhận được bảo hiểm cho các dịch vụ nào?",Những người có bảo hiểm Medicaid đầy đủ có thể nhận được bảo hiểm cho các dịch vụ mà Medicare không đài thọ.
Tôi có đủ điều kiện nhận Extra Help để thanh toán chi phí thuốc Medicare của mình không?,Quý vị sẽ tự động đủ điều kiện nhận Extra Help để thanh toán chi phí thuốc Medicare của mình.
Medicare đài thọ những dịch vụ nào?,"Medicare không đài thọ hoặc chỉ đài thọ một phần, như chăm sóc dài hạn tại viện dưỡng lão, chăm sóc cá nhân, vận chuyển đến các dịch vụ y tế, các dịch vụ tại nhà và cộng đồng các bữa ăn giao tận nhà, và các dịch vụ nha khoa, thị lực và thính lực."
Tôi có đủ tiêu chuẩn để nhận Medicare không?,Không có thông tin cụ thể về tiêu chuẩn để nhận Medicare trong đoạn văn bản.
Các chương trình Medicaid có yêu cầu gì?,Mỗi tiểu bang có yêu cầu khác nhau về thu nhập và tài sản.
Tôi cần làm gì để biết liệu mình đủ điều kiện nhận trợ cấp Y tế của Tiểu bang?,Gọi cho văn phòng Trợ cấp Y tế của Tiểu bang (Medicaid) của quý vị để tìm hiểu xem liệu quý vị có đủ điều kiện không.
Tôi cần liên hệ với văn phòng Medicaid ở tiểu bang của mình như thế nào?,Truy cập Medicaid.gov/about-us/beneficiary-resources/index.html#statemenu hoặc gọi số 1-800-MEDICARE (1‑800‑633‑4227) để lấy số điện thoại của văn phòng Medicaid ở tiểu bang của quý vị.
Tôi có thể liên hệ với văn phòng Medicaid bằng cách nào nếu tôi sử dụng TTY?,Người dùng TTY có thể gọi số 1‑877‑486‑2048.
Tôi đủ điều kiện tham gia Chương trình Medicare Advantage?,Nếu quý vị đủ điều kiện tham gia cả Medicare và Medicaid.
Tôi cần liên hệ với ai để được trợ giúp về các lựa chọn?,Chương Trình Hỗ trợ Bảo hiểm Sức khỏe Tiểu bang (SHIP) tại địa phương.
Tôi có thể tìm hiểu được Chương trình Hỗ trợ Dược phẩm Tiểu bang của tiểu bang mình không?,"Có, bạn có thể tìm hiểu thông tin về Chương trình Hỗ trợ Dược phẩm Tiểu bang của tiểu bang mình bằng cách gọi cho Chương trình Hỗ trợ Bảo hiểm Y tế Tiểu bang (SHIP) của mình."
Chương trình Hỗ trợ Dược phẩm Tiểu bang hoạt động như thế nào?,"Chương trình Hỗ trợ Dược phẩm Tiểu bang giúp một số người chi trả cho thuốc theo toa dựa trên nhu cầu tài chính, độ tuổi hoặc tình trạng y tế."
Tôi cần làm gì để tìm hiểu thông tin về Chương trình Hỗ trợ Dược phẩm Tiểu bang?,Bạn cần gọi cho Chương trình Hỗ trợ Bảo hiểm Y tế Tiểu bang (SHIP) của mình để tìm hiểu thông tin về Chương trình Hỗ trợ Dược phẩm Tiểu bang và cách thức hoạt động của chương trình.
"Tôi cần tìm số điện thoại của chương trình SHIP tại địa phương của mình, làm thế nào?",Tôi có thể tìm số điện thoại trên trang 114–117 hoặc truy cập shiphelp.org.
"Tôi muốn tìm hiểu thêm về Chương trình Hỗ trợ Dược phẩm, làm thế nào?",Tôi có thể truy cập go.Medicare.gov/pap để tìm hiểu thêm về các Chương trình Hỗ trợ Dược phẩm.
"Tôi muốn tìm hiểu thêm về các Chương trình Hỗ trợ Dược phẩm, nơi nào?",Tôi có thể truy cập go.Medicare.gov/pap để tìm hiểu thêm về các Chương trình Hỗ trợ Dược phẩm.
Chương trình PACE là gì?,Chương trình PACE là một chương trình Medicare và Medicaid được cung cấp ở nhiều tiểu bang cho những người cần đến dịch vụ chăm sóc ở cấp độ viện dưỡng lão.
Chương trình PACE cung cấp các dịch vụ gì?,Chương trình PACE cung cấp các dịch vụ và hỗ trợ cho phép họ có thể ở lại trong cộng đồng càng lâu càng tốt.
Chương trình SSI cung cấp các khoản thanh toán cho ai?,Chương trình SSI cung cấp các khoản thanh toán hàng tháng cho người lớn và trẻ em bị mù hoặc khuyết tật.
Ai có thể nhận được các khoản thanh toán của SSI?,Những người từ 65 tuổi trở lên không bị khuyết tật và đáp ứng đủ các điều kiện tài chính.
Có thể nhận được cả SSI và các quyền lợi An Sinh Xã Hội cùng một lúc không?,"Có, nếu quyền lợi An Sinh Xã Hội thấp hơn mức quyền lời SSI của liên bang."
"Nếu hội đủ điều kiện nhận SSI, tôi sẽ nhận được gì?",Quý vị sẽ nhận được các khoản thanh toán của SSI.
Tôi có đủ điều kiện nhận Extra Help không?,"Có, tôi tự động đủ điều kiện nhận Extra Help."
Tôi có thể nhận được SSI không?,"Có, nhưng tôi cần truy cập SSA.gov/apply/ssi để tìm hiểu xem tôi có đủ điều kiện hay không."
Tôi sống ở Puerto Rico có thể nhận được SSI không?,"Không, những người sống ở Puerto Rico không thể nhận được SSI."
"Tôi ở Mariana và Samoa thuộc Mỹ, có thể giúp tôi thanh toán chi phí Medicare không?","Có, chương trình Medicare ở đây có thể giúp thanh toán chi phí cho những người có thu nhập và tài sản hạn chế."
"Tôi muốn biết thêm thông tin về chương trình Medicaid, làm thế nào?",Gọi cho văn phòng Hỗ Trợ Y Tế của Tiểu Bang (Medicaid) để biết thêm thông tin.
"Tôi muốn biết số điện thoại để liên hệ với Medicaid, làm thế nào?",Truy cập trang web Medicaid.gov hoặc gọi 1-800-MEDICARE (1-800-633-4227) để lấy số điện thoại.
Tôi có quyền được đối xử như thế nào khi sử dụng Medicare?,"Quý vị có quyền được đối xử lịch sự, tử tế và tôn trọng."
Tôi có được bảo vệ khỏi sự phân biệt đối xử khi sử dụng Medicare không?,Quý vị có quyền được bảo vệ khỏi sự phân biệt đối xử bất hợp pháp.
Tôi có quyền được bảo vệ thông tin cá nhân và sức khỏe của mình khi sử dụng Medicare?,Quý vị có quyền bảo mật thông tin cá nhân và sức khỏe của quý vị.
Tôi có thể yêu cầu nhà cung cấp dịch vụ chăm sóc sức khỏe giải thích các lựa chọn điều trị bằng ngôn ngữ dễ hiểu không?,"Có, bạn có thể yêu cầu họ giải thích các lựa chọn điều trị bằng ngôn ngữ rõ ràng mà bạn có thể hiểu được."
Tôi có thể yêu cầu thông tin Medicare của mình ở định dạng dễ tiếp cận không?,"Có, bạn có thể yêu cầu thông tin Medicare của mình ở định dạng dễ tiếp cận cho người khuyết tật, như chữ nổi hoặc chữ in lớn."
Tôi cần làm gì để có thông tin Medicare của mình ở định dạng dễ tiếp cận?,Bạn có thể xem trang 124 để biết thêm thông tin về các giao tiếp Dễ tiếp cận.
Tôi có thể liên hệ với chương trình Medicare để hỏi về thông tin bằng ngôn ngữ khác hay không?,"Có, nếu quý vị cần thông tin về chương trình bằng ngôn ngữ không phải Tiếng Anh hoặc ở định dạng dễ dàng tiếp cận, hãy liên hệ với chương trình của quý vị."
Tôi có thể được giải đáp thắc mắc về Medicare ở đâu?,Được giải đáp cho các thắc mắc của quý vị về Medicare.
Tôi có thể nhận được dịch vụ y tế khẩn cấp từ Medicare hay không?,Nhận các dịch vụ được Medicare đài thọ trong trường hợp khẩn cấp.
Thông báo về yêu cầu bồi thường sẽ đến từ đâu?,"Thông báo này đến từ một trong những chương trình sau: Medicare, Chương trình Medicare Advantage (Phần C) của quý vị hoặc các Chương trình bảo hiểm sức khỏe Medicare khác, Chương trình thuốc Medicare."
Quý vị có quyền gì nếu không đồng ý với quyết định về yêu cầu thanh toán?,Quý vị có quyền không đồng ý với quyết định về yêu cầu thanh toán.
Quý vị sẽ nhận được thông báo biết về những gì sẽ được và không được đài thọ khi nào?,Quý vị sẽ nhận được thông báo biết khi nộp đơn yêu cầu bồi thường.
Tôi có thể yêu cầu xem xét lại quyết định nào?,"Quyết định về việc thanh toán cho dịch vụ chăm sóc sức khỏe, đài thọ cho các vật phẩm và dịch vụ, hoặc bảo hiểm thuốc."
Tôi có thể làm gì nếu có thắc mắc về chất lượng của dịch vụ chăm sóc từ nhà cung cấp Medicare?,Tôi có thể nộp đơn khiếu nại hoặc nhận trợ giúp từ Mạng lưới Bệnh suy thận thời kỳ cuối và Các Cơ quan Khảo sát của Tiểu bang.
Tôi có thể nhận trợ giúp từ đâu nếu có khiếu nại về dịch vụ chăm sóc lọc thận hoặc cấy ghép thận?,Tôi có thể nhận trợ giúp từ Mạng lưới Bệnh suy thận thời kỳ cuối và Các Cơ quan Khảo sát của Tiểu bang.
Tôi có thể gọi đơn khiếu nại của mình là gì?,Đôi khi được gọi là “khiếu nại”.
Tôi có thể tìm hiểu thêm về việc nộp đơn khiếu nại như thế nào?,Truy cập Medicare.gov hoặc gọi 1-800-MEDICARE (1-800-633-4227)
Tôi có những quyền gì nếu chương trình của tôi ngừng tham gia Medicare?,Không có thông tin cụ thể trong đoạn văn bản về quyền của người dùng khi chương trình ngừng tham gia Medicare
Tôi có thể liên hệ với Medicare bằng cách nào nếu tôi sử dụng thiết bị TTY?,Gọi số 1‑877‑486‑2048
Khi nào chương trình sẽ gửi cho tôi một lá thư giải thích về các lựa chọn?,Sau ngày 31 Tháng Mười Hai
Tôi có thể chọn chương trình khác khi nào?,Từ ngày 15 Tháng Mười – ngày 7 Tháng Mười Hai
Tôi có quyền đặc biệt nào để tham gia chương trình bảo hiểm sức khỏe Medicare khác?,Đặc biệt theo luật liên bang để tham gia một Chương trình bảo hiểm sức khỏe Medicare khác cho đến ngày cuối cùng của Tháng Hai
Tôi có thể mua Medigap hợp đồng nào trong vòng 63 ngày sau khi bảo hiểm theo chương trình kết thúc?,Quý vị có thể mua một số Medigap hợp đồng nhất định theo luật liên bang trong vòng 63 ngày sau khi bảo hiểm theo chương trình của quý vị kết thúc.
Tôi có thể mua chính sách Medigap nếu chương trình của tôi quyết định không tham gia Medicare trong năm tới?,"Tùy thuộc vào tiểu bang của quý vị, quý vị cũng có thể có quyền mua chính sách Medigap nếu chương trình của quý vị quyết định không tham gia Medicare trong năm tới."
Kháng nghị là gì?,Kháng nghị là hành động quý vị có thể thực hiện nếu quý vị không đồng ý với một quyết định.
Tôi có thể kháng nghị nếu Medicare từ chối chi trả cho một dịch vụ chăm sóc sức khỏe nào?,"Có, bạn có thể kháng nghị nếu Medicare từ chối chi trả cho một dịch vụ chăm sóc sức khỏe mà bạn cho rằng Medicare cần phải đài thọ."
Tôi có thể kháng nghị nếu Medicare từ chối chi trả cho một dịch vụ chăm sóc sức khỏe mà tôi đã nhận được?,"Có, bạn có thể kháng nghị nếu Medicare từ chối chi trả cho một dịch vụ chăm sóc sức khỏe mà bạn đã nhận được."
Tôi có thể kháng nghị nếu chương trình Medicare của tôi từ chối chi trả cho một dịch vụ chăm sóc sức khỏe nào?,"Có, bạn có thể kháng nghị nếu chương trình Medicare của bạn từ chối chi trả cho một dịch vụ chăm sóc sức khỏe mà bạn cho rằng chương trình Medicare của bạn cần phải đài thọ."
Tôi có thể yêu cầu thay đổi số tiền phải trả cho dịch vụ chăm sóc sức khỏe không?,"Có, quý vị đã nhận được yêu cầu về thay đổi số tiền mà quý vị phải trả cho một dịch vụ chăm sóc sức khỏe."
Tôi có thể kháng nghị nếu Medicare ngừng cung cấp dịch vụ chăm sóc sức khỏe?,"Có, quý vị có thể kháng nghị nếu Medicare ngừng cung cấp hoặc chi trả cho tất cả hoặc một phần của một dịch vụ chăm sóc sức khỏe mà quý vị cho rằng mình vẫn cần đến."
Tôi có thể kháng nghị nếu quyết định mang tính nguy cơ được đưa ra theo Chương trình Quản lý Thuốc?,"Có, quý vị có thể kháng nghị một quyết định mang tính nguy cơ được đưa ra theo Chương trình Quản lý Thuốc."
Tôi có thể biết thêm thông tin về quyền tiếp cận của bảo hiểm với các loại thuốc thường bị lạm dụng không?,"Có, bạn có thể xem trang 86 để biết thêm thông tin."
Tôi có thể yêu cầu bồi thường nếu hồ sơ tai nạn đang mở và yêu cầu bồi thường không liên quan đến vụ tai nạn?,"Không, yêu cầu bồi thường của bạn sẽ bị từ chối."
Tôi có phải trả thêm phí nếu bệnh viện thay đổi tình trạng của tôi từ bệnh nhân nội trú sang bệnh nhân ngoại trú?,"Không, câu hỏi này không liên quan đến việc trả phí, nhưng nó liên quan đến việc thay đổi tình trạng bệnh viện."
Tôi có thể kháng cáo nếu tình trạng của tôi đã được thay đổi?,"Có, quý vị có thể kháng cáo."
Tôi cần làm gì để khiếu nại?,Quý vị phải đáp ứng một số yêu cầu nhất định.
"Làm cách nào để yêu cầu thông tin từ bác sĩ, nhà cung cấp vật liệu hoặc nhà cung cấp dịch vụ chăm sóc sức khỏe?","Quý vị có thể yêu cầu bác sĩ, nhà cung cấp vật liệu, hoặc nhà cung cấp dịch vụ chăm sóc sức khỏe khác đưa ra thông tin để đơn kháng nghị trở nên có sức thuyết phục hơn."
Làm thế nào để giữ bản sao của mọi thứ liên quan đến đơn kháng cáo?,"Hãy giữ bản sao của mọi thứ liên quan đến đơn kháng cáo, bao gồm những gì quý vị gửi cho Medicare hoặc chương trình của mình."
Làm cách nào để nộp đơn kháng nghị?,Hãy đọc phần hướng dẫn về cách nộp đơn kháng nghị.
Làm cách nào để nộp đơn kháng nghị?,Cách thức quý vị nộp đơn kháng nghị sẽ tùy thuộc vào loại hình bảo hiểm Medicare mà quý vị có.
"Tôi có Original Medicare, làm thế nào để nhận thông tin cần thiết để nộp đơn kháng nghị?",Nhận ‘Thông báo Tóm tắt của Medicare’ (MSN) cho biết về vật phẩm hoặc dịch vụ mà quý vị đang kháng nghị.
Tôi cần làm gì với MSN để nộp đơn kháng nghị?,Khoanh tròn (các) mục trên MSN mà quý vị không đồng ý và viết ra nội dung giải thích lý do.
Tôi có thể gửi phản hồi về quyết định đó như thế nào?,Quý vị có thể viết lên MSN hoặc lên một mảnh giấy riêng và đính kèm nó vào MSN.
Tôi cần phải gửi thông tin gì kèm theo phản hồi?,"Ghi kèm họ tên, số điện thoại, và Mã số Medicare lên MSN."
Tôi cần gửi phản hồi đến đâu?,Quý vị cần gửi MSN hoặc một bản sao đến công ty xử lý hóa đơn của Medicare được liệt kê trên MSN.
Tôi cần làm gì để nhận được biểu mẫu CMS-20027?,Quý vị có thể truy cập Medicare.gov/basics/forms-publications-mailings/forms/appeals hoặc gọi 1-800-MEDICARE (1-800-633-4227) để được gửi bản sao qua đường bưu điện.
Tôi có thể nộp đơn kháng nghị sau thời hạn quy định được không?,Quý vị vẫn có thể nộp đơn kháng nghị và nhận được quyết định nếu có thể.
Tôi cần gọi số điện thoại nào để được hỗ trợ TTY?,Quý vị có thể gọi số 1‑877‑486‑2048.
Tôi có thể gửi đơn khi bị bệnh tật không?,"Có, nếu quý vị bị bệnh tật, quý vị có thể gửi đơn khi có lý do chính đáng khiến quý vị bỏ lỡ thời hạn."
Quý vị thường nhận được quyết định từ Nhà thầu Hành chính Medicare trong bao lâu?,Quý vị thường sẽ nhận được quyết định từ Nhà thầu Hành chính Medicare trong vòng 60 ngày kể từ khi họ nhận được yêu cầu của quý vị.
"Nếu Medicare đài thọ cho vật phẩm hoặc dịch vụ nào, thì chúng sẽ được liệt kê ở đâu?","Nếu Medicare đài thọ cho (các) vật phẩm hoặc (các) dịch vụ nào, thì chúng sẽ được liệt kê trong MSN tiếp theo của quý vị."
Tôi có thể khiếu nại nhanh nếu dịch vụ Medicare của mình kết thúc quá sớm?,"Có, nếu quý vị cho rằng các dịch vụ Medicare của mình từ bệnh viện hoặc cơ sở điều trị khác sắp kết thúc quá sớm."
Khung thời gian để nộp đơn khiếu nại có thể khác với loại Medicare nào?,Chương trình Medicare Advantage hoặc chương trình sức khỏe Medicare khác
Tôi có thể nộp đơn kháng nghị nhanh khi nào?,"Trong một số trường hợp, để tìm hiểu thêm, hãy xem các tài liệu"
Tôi có thể nhận được giải thích bằng văn bản về các quyết định của bảo hiểm thuốc không?,"Có, quý vị có quyền nhận được giải thích bằng văn bản về các quyết định của bảo hiểm thuốc từ chương trình thuốc Medicare của quý vị."
Tôi có thể truy cập thông tin về chương trình thuốc Medicare của mình ở đâu?,Quý vị có thể truy cập thông tin về chương trình thuốc Medicare của mình tại Medicare.gov/ providers-services/claims-appeals-complaints/appeals/medicare-health-plans.
Tôi có thể biết được quyết định bảo hiểm của chương trình thuốc Medicare của mình trước khi mua thuốc không?,"Có, quý vị có quyền biết được quyết định bảo hiểm của chương trình thuốc Medicare của mình trước khi mua thuốc."
Quy trình đưa ra quyết định đầu tiên của chương trình thuốc Medicare?,"Chương trình đưa ra quyết định về việc liệu chương trình có đài thọ cho loại thuốc của quý vị hay không, liệu quý vị có đáp ứng các yêu cầu của chương trình để chi trả cho loại thuốc đó hay không, hoặc quý phải trả bao nhiêu tiền cho loại thuốc đó."
Quý vị sẽ nhận được quyết định nào nếu yêu cầu chương trình của?,Quý vị sẽ nhận được một quyết định bảo hiểm.
Quy trình đưa ra quyết định của chương trình thuốc Medicare liên quan đến quyền lợi của?,Quy trình đưa ra quyết định của chương trình thuốc Medicare liên quan đến quyền lợi của quý vị (không phải nhà thuốc).
Tôi có thể yêu cầu một trường hợp ngoại lệ khi nào?,Nếu quý vị hoặc người kê toa cho rằng quý vị cần một loại thuốc không có trong danh sách thuốc của chương trình được đài thọ.
Tôi cần phải làm gì để yêu cầu một trường hợp ngoại lệ?,Yêu cầu một trường hợp ngoại lệ.
Tôi có thể yêu cầu bỏ đi một quy tắc bảo hiểm khi nào?,Nếu quý vị hoặc người kê toa cho rằng chương trình của quý vị nên bỏ đi một quy tắc bảo hiểm.
Làm cách nào để tôi yêu cầu xác minh của bảo hiểm?,"Để biết thêm thông tin, hãy truy cập Medicare.gov/providers-services/claims-appeals-complaints/"
Tôi có thể yêu cầu trường hợp ngoại lệ nếu tôi không thể dùng loại thuốc bậc thấp hơn?,"Có, nếu quý vị cho rằng quý vị nên được trả ít hơn cho một loại thuốc bậc cao hơn vì quý vị hoặc người kê toa của quý vị cho rằng quý vị không thể dùng bất kỳ loại thuốc bậc thấp hơn nào để điều trị cho cùng một bệnh lý."
Tôi cần làm gì để yêu cầu trường hợp ngoại lệ?,Yêu cầu một trường hợp ngoại lệ nếu quý vị cho rằng quý vị nên được trả ít hơn cho một loại thuốc bậc cao hơn vì quý vị hoặc người kê toa của quý vị cho rằng quý vị không thể dùng bất kỳ loại thuốc bậc thấp hơn nào để điều trị cho cùng một bệnh lý.
Tôi cần làm gì khi nhà thuốc không thể cấp một loại thuốc kê toa?,Dược sĩ sẽ cung cấp cho quý vị một thông báo giải thích về cách để liên hệ với chương trình thuốc Medicare của quý vị.
Tôi có thể yêu cầu gì nếu dược sĩ không cung cấp thông báo?,Hãy yêu cầu một bản sao.
Tôi cần liên hệ với ai để yêu cầu đưa ra quyết định bảo hiểm hoặc trường hợp ngoại lệ?,Quý vị hoặc người kê toa của quý vị phải liên hệ với chương trình.
Tôi có thể yêu cầu toa thuốc cấp tốc được không?,"Có, quý vị hoặc người kê toa có thể đưa ra yêu cầu cấp tốc qua điện thoại hoặc bằng văn bản."
Tôi cần làm gì để yêu cầu hoàn lại tiền cho thuốc kê toa?,Chương trình của quý vị có thể đòi hỏi quý vị hoặc người kê toa thực hiện yêu cầu tiêu chuẩn bằng văn bản.
Tôi có thể liên hệ với chương trình bằng cách nào?,Quý vị hoặc người kê toa của quý vị có thể gọi điện hoặc viết thư gửi cho chương trình để thực hiện yêu cầu.
Tôi có thể yêu cầu cấp tốc không?,"Có, nếu tính mạng hoặc sức khỏe của tôi có thể gặp nguy hiểm do phải chờ đợi."
Tôi cần phải cung cấp lý do gì để yêu cầu trường hợp ngoại lệ?,Người kê toa của tôi phải cung cấp một tuyên bố giải thích lý do y tế tại sao chương trình của tôi nên chấp thuận trường hợp ngoại lệ đó.
Tôi có thể yêu cầu cấp tốc nếu tôi chưa nhận được thuốc kê toa?,"Có, nếu chương trình của tôi quyết định rằng, hoặc người kê toa báo cho chương trình rằng, tính mạng hoặc sức khỏe của tôi có thể gặp nguy hiểm do phải chờ đợi."
Làm cách nào để tôi nhận trợ giúp trong việc nộp đơn kháng nghị?,Quý vị có thể nhận được trợ giúp về việc nộp đơn kháng nghị từ Chương trình Hỗ trợ Bảo hiểm Y tế Tiểu bang hoặc truy cập Medicare.gov/providers-services/claims-appeals-complaints/appeals.
Tôi có thể chỉ định một người đại diện để giải quyết thay tôi không?,"Có, quý vị có thể chỉ định một người đại diện. Họ có thể là thành viên trong gia đình, bạn bè, người biện hộ, luật sư, cố vấn tài chính, bác sĩ hoặc người khác."
Tôi có thể nhận được trợ giúp về việc nộp đơn kháng nghị từ đâu?,Quý vị có thể nhận được trợ giúp về việc nộp đơn kháng nghị từ Chương trình Hỗ trợ Bảo hiểm Y tế Tiểu bang hoặc truy cập Medicare.gov/providers-services/claims-appeals-complaints/appeals.
Tôi có những quyền gì nếu tôi cho rằng các dịch vụ của mình kết thúc quá sớm?,Quý vị có quyền cho rằng các dịch vụ được Medicare đài thọ của mình kết thúc quá sớm.
Tôi đang nhận các dịch vụ Medicare từ cơ sở nào?,"Quý vị đang nhận các dịch vụ Medicare từ bệnh viện, cơ sở điều dưỡng chuyên môn, cơ sở chăm sóc sức khỏe tại nhà, cơ sở phục hồi chức năng ngoại trú toàn diện hoặc cơ sở chăm sóc cuối đời."
Tôi cần làm gì để biết số điện thoại của chương trình SHIP tại địa phương của mình?,Quý vị cần xem trang 114–117 để biết số điện thoại của chương trình SHIP tại địa phương của mình.
Khi nào tôi có thể yêu cầu khiếu nại nhanh?,Khi dịch vụ của tôi kết thúc hoặc được xuất viện quá sớm
Ai sẽ đánh giá đơn khiếu nại nhanh của tôi?,Một người bên đánh giá độc lập thuộc Tổ chức Cải thiện Chất lượng Chăm sóc Tập trung
Ai sẽ quyết định xem có nên tiếp tục các dịch vụ được bảo hiểm của tôi?,Trung tâm Người thụ hưởng và Gia đình (BFCC-QIO)
Một đơn kháng nghị nhanh bao gồm những gì?,Một đơn kháng nghị nhanh chỉ bao gồm quyết định kết thúc các dịch vụ hoặc xuất viện từ bệnh viện.
Tôi cần bắt đầu đơn khiếu nại khi nào?,Khi quý vị nhận được vật dụng hoặc dịch vụ mà quý vị có thể đã nhận được sau quyết định kết thúc các dịch vụ.
Tôi có thể tìm kiếm thông tin chi tiết về quy trình khiếu nại ở đâu?,Truy cập Medicare.gov/appeals hoặc Medicare.gov/publications để xem lại tập sách.
Tôi có quyền yêu cầu kháng cáo nhanh chóng khi đang ở bệnh viện không?,"Nếu quý vị có Original Medicare và đã nhập viện với tư cách là bệnh nhân nội trú, thì có."
Tôi phải có điều kiện gì để yêu cầu kháng cáo nhanh chóng?,Quý vị phải có Original Medicare và bệnh viện đã thay đổi tình trạng của quý vị thành bệnh nhân ngoại trú nhận dịch vụ quan sát.
Tôi nên làm gì để biết thêm thông tin về quyền yêu cầu kháng cáo nhanh chóng?,Hãy truy cập trang web để biết thêm thông tin.
Thông báo Trước cho Người thụ hưởng về Không Chi trả Bảo hiểm (ABN) là gì?,"Thông báo Trước cho Người thụ hưởng về Không Chi trả Bảo hiểm (ABN) là một thông báo bằng văn bản mà bác sĩ, nhà cung cấp dịch vụ chăm sóc sức khỏe khác, hoặc nhà cung cấp vật tư của quý vị có thể cung cấp nếu họ cho rằng Medicare không chi trả cho các vật dụng hoặc dịch vụ mà quý vị được nhận."
"Tôi có Original Medicare, thì có thể nhận được thông báo ABN không?","Có, nếu quý vị có Original Medicare, thì bác sĩ, nhà cung cấp dịch vụ chăm sóc sức khỏe khác, hoặc nhà cung cấp vật tư của quý có thể cung cấp cho quý vị một thông báo ABN."
Ai có thể cung cấp thông báo ABN cho tôi?,"Bác sĩ, nhà cung cấp dịch vụ chăm sóc sức khỏe khác, hoặc nhà cung cấp vật tư của quý vị có thể cung cấp cho quý vị một thông báo ABN."
Điều gì xảy ra nếu tôi nhận được thông báo ABN?,Quý vị sẽ được đề nghị chọn xem có nhận các vật phẩm hoặc dịch vụ được nêu trên thông báo hay không.
Thông báo ABN liệt kê những gì?,"Thông báo ABN liệt kê các vật phẩm hoặc dịch vụ mà nhà cung cấp của quý vị cho rằng Medicare sẽ không chi trả, cùng với ước tính các chi phí cho các vật phẩm và dịch vụ đó và lý do tại sao Medicare có thể không chi trả."
Lý do tại sao Medicare có thể không chi trả?,Lý do tại sao Medicare có thể không chi trả được nêu trong thông báo ABN.
"Nếu tôi chọn nhận các vật phẩm hoặc dịch vụ được nêu trong thông báo, tôi phải thanh toán bao nhiêu?",Khi Medicare không đài thọ
Tôi cần phải làm gì để chứng minh mình đã đọc và hiểu nội dung thông báo?,Ký tên vào thông báo
Bác sĩ và các nhà cung cấp dịch vụ chăm sóc sức khỏe khác có phải thông báo cho tôi về các dịch vụ mà Medicare không đài thọ không?,"Không phải, nhưng vẫn có thể thông báo"
Tôi có thể làm gì khi Medicare từ chối thanh toán?,Tôi có thể nộp đơn khiếu nại khi nhận được 'Thông báo Tóm tắt của Medicare' (MSN)
Nhà cung cấp dịch vụ của tôi có phải hoàn lại tiền cho tôi không?,Hầu hết các trường hợp đều có.
Tôi có thể nhận lại tiền nếu tôi đã trả cho vật phẩm hoặc dịch vụ không?,"Có, trong hầu hết các trường hợp."
Tôi có thể lấy thêm thông tin về Medicare ở đâu?,Truy cập Medicare.gov/basics/your-medicare-rights/your-protections
"Tôi đang tham gia Chương trình Medicare Advantage, tôi có thể hỏi trước về việc đài thọ cho dịch vụ, thuốc hay vật tư nào?","Có, bạn có quyền hỏi trước"
"Tôi nhận được một loại ABN, tôi cần làm gì?",Tìm hiểu thêm về các loại ABN khác nhau và những việc cần làm trên Medicare.gov/basics/your-medicare-rights/your-protections
Tôi cần làm gì để yêu cầu dịch vụ?,Liên hệ với chương trình của quý vị để yêu cầu và nộp đơn yêu cầu dịch vụ trước để nhận được xác minh tổ chức.
"Nếu chương trình từ chối yêu cầu của tôi, tôi có thể làm gì?","Nếu chương trình từ chối yêu cầu của quý vị, phản hồi của họ sẽ có hướng dẫn nộp đơn kháng nghị kịp thời."
Tôi có thể nhận được dịch vụ chăm sóc tự chọn không?,Quý vị cũng có thể nhận dịch vụ chăm sóc tự chọn trong chương trình.
Tôi có quyền xem xét thông tin sức khỏe cá nhân của mình không?,"Có, quý vị hoặc người đại diện hợp pháp của quý vị thường có quyền xem xét và/hoặc nhận các bản sao về thông tin sức khỏe cá nhân của quý vị."
Tôi có thể yêu cầu Medicare cung cấp thông tin cá nhân của mình cho người khác không?,"Có, nếu quý vị muốn Medicare cung cấp thông tin cá nhân của mình cho người khác, chẳng hạn như người chăm sóc."
Tôi có thể tạo hóa đơn cho Medicare về dịch vụ chăm sóc sức khỏe của mình không?,"Có, quý vị hoặc người đại diện hợp pháp của quý vị thường có quyền tạo hóa đơn cho Medicare về dịch vụ chăm sóc này."
Tôi có thể nhận thông tin sức khỏe cá nhân từ đâu?,"Quý vị có thể nhận thông tin này từ các chương trình y tế chi trả cho dịch vụ chăm sóc của mình, bao gồm cả Medicare."
Các loại thông tin về sức khỏe cá nhân bao gồm những gì?,"Các loại thông tin về sức khỏe cá nhân bao gồm Hồ sơ về yêu cầu bồi thường và hóa đơn, Hồ sơ liên quan đến việc ghi danh của quý vị vào các chương trình sức khỏe, bao gồm cả Medicare, Hồ sơ y tế và quản lý tình huống."
Tôi cần điền biểu mẫu gì để được quyền nhận thông tin sức khỏe cá nhân?,Giấy ủy quyền tiết lộ thông tin sức khỏe cá nhân
Tôi có thể nhận thông tin của mình dưới dạng gì?,"Thông thường, quý vị có thể nhận thông tin của mình bằng bản giấy hoặc phiên bản điện tử."
Tôi có quyền yêu cầu gì về thông tin của mình?,Quý vị có quyền yêu cầu các bản sao điện tử nếu được yêu cầu.
Hồ sơ y tế của tôi được lưu trữ dưới dạng gì?,Nếu nhà cung cấp hoặc chương trình của quý vị lưu trữ thông tin của quý vị dưới dạng điện tử.
Có thể yêu cầu gửi thông tin cho bên thứ ba nào?,"nhà cung cấp dịch vụ chăm sóc sức khỏe điều trị, thành viên gia đình hoặc nhà nghiên cứu"
Phí yêu cầu sao về thông tin của mình có thể cao đến mức nào?,không được cao hơn tổng chi phí
Tổng chi phí tối đa cho việc sao chép thông tin y tế là bao nhiêu?,"Tổng chi phí tối đa không được cao hơn chi phí lao động sao chép thông tin, vật liệu tạo ra bản sao và cước phí bưu chính (nếu có)"
"Tôi có bị tính phí khi xem xét, tìm kiếm, tải xuống hoặc gửi thông tin của mình qua cổng thông tin điện tử không?","Không, trong hầu hết các trường hợp, quý vị sẽ không bị tính phí"
"Tôi muốn biết thêm thông tin về việc sao chép thông tin y tế, nơi tôi có thể tìm kiếm?",Hãy truy cập HHS.gov/hipaa/for-individuals/guidance-materials-for-consumers
"Tôi cần trợ giúp để lấy và sử dụng hồ sơ sức khỏe của mình, thì tôi nên làm gì?",Tôi có thể tham khảo 'Hướng Dẫn Lấy & Sử Dụng Hồ Sơ Sức Khỏe' để tìm hiểu cách thực hiện.
Hướng dẫn lấy hồ sơ sức khỏe của tôi có thể giúp tôi như thế nào?,Hướng dẫn chỉ ra cách thức lấy hồ sơ sức khỏe của tôi và đảm bảo hồ sơ chính xác và đầy đủ.
"Tôi muốn xem lại hướng dẫn lấy hồ sơ sức khỏe của mình, thì tôi nên làm gì?",Tôi có thể truy cập vào trang healthit.gov/how-to-get-your-health-record để xem lại hướng dẫn.
Medicare sử dụng thông tin cá nhân của tôi như thế nào?,Medicare luôn bảo vệ quyền riêng tư cho thông tin sức khỏe của quý vị.
Tôi có thể xem lại hướng dẫn về cách Medicare sử dụng thông tin cá nhân của tôi không?,"Có, để xem lại hướng dẫn."
Tôi có thể nhận được thông tin về cách Medicare sử dụng và tiết lộ thông tin y tế của tôi không?,"Có, thông qua 3 trang tiếp theo."
Luật pháp yêu cầu Medicare bảo vệ quyền riêng tư cho thông tin y tế cá nhân của tôi như thế nào?,Luật pháp yêu cầu Medicare bảo vệ quyền riêng tư cho các thông tin y tế cá nhân của quý vị.
Tôi có thể tiếp cận thông tin nào về mình?,Quý vị có thể tiếp cận các thông tin này.
Chúng tôi phải cung cấp thông tin của tôi cho ai?,"Chúng tôi phải cung cấp thông tin của quý vị cho: quý vị, cho người mà quý vị nêu tên, hoặc người có quyền hợp pháp hành vi."
Ai có thể thay mặt quý vị?,"Bộ trưởng Bộ Y tế và Dịch vụ Nhân sinh, hoặc bất kỳ người nào khác mà luật pháp yêu cầu"
Chúng tôi có quyền sử dụng thông tin của quý vị để làm gì?,Chi trả cho dịch vụ sức khỏe của quý vị và vận hành Medicare
Vì sao nhà thầu Hành chính của Medicare sử dụng thông tin của quý vị?,"Để chi trả hoặc từ chối yêu cầu thanh toán của quý vị, thu phí bảo hiểm của quý vị, chia sẻ khoản thanh toán"
Chúng tôi có thể sử dụng thông tin của tôi như thế nào?,"Chúng tôi có thể sử dụng thông tin của quý vị để cung cấp cho quý vị các dịch vụ khách hàng, giải quyết khiếu nại của quý vị, liên hệ với quý vị về các nghiên cứu và đảm bảo quý vị nhận được dịch vụ chăm sóc chất lượng."
Chúng tôi có thể chia sẻ thông tin của tôi trong trường hợp nào?,Chúng tôi có thể sử dụng hoặc chia sẻ thông tin của quý vị trong những trường hợp hạn chế.
Chúng tôi có thể sử dụng thông tin của tôi trong trường hợp nào?,Chúng tôi có thể sử dụng thông tin của quý vị trong những trường hợp hạn chế sau.
Dữ liệu Medicare có thể được chia sẻ với cơ quan nào?,Cơ quan liên bang và tiểu bang khác có quyền hợp pháp nhận dữ liệu của Medicare
Dữ liệu Medicare có thể được sử dụng cho mục đích gì?,Để đảm bảo rằng Medicare đang thực hiện các khoản thanh toán phù hợp và để trợ giúp cho các chương trình Medicaid của liên bang/tiểu bang
Dữ liệu Medicare có thể được chia sẻ cho mục đích gì?,"Cho các hoạt động sức khỏe cộng đồng, giám sát chăm sóc sức khỏe của chính phủ và điều tra gian lận và lạm dụng"
Medicare có thể sử dụng thông tin của tôi cho mục đích gì?,"Medicare có thể sử dụng thông tin của bạn cho mục đích thực thi pháp luật, cho các nghiên cứu đáp ứng các yêu cầu về quyền riêng tư, để tránh một mối đe dọa nghiêm trọng và sắp xảy ra đối với sức khỏe hoặc an toàn, và để liên hệ với bạn nhằm thông báo về các quyền lợi Medicare mới hoặc được thay đổi."
Medicare có thể sử dụng thông tin của tôi cho các nghiên cứu gì?,Medicare có thể sử dụng thông tin của bạn cho các nghiên cứu nhằm ngăn ngừa bệnh tật hoặc khuyết tật.
Medicare có thể sử dụng thông tin của tôi để thông báo về điều gì?,Medicare có thể sử dụng thông tin của bạn để thông báo về các quyền lợi Medicare mới hoặc được thay đổi.
Tại sao tập hợp thông tin của tôi không thể truy dấu?,Để xây dựng một tập hợp thông tin mà không ai có thể truy dấu quý vị
Ai có thể được chia sẻ thông tin của tôi?,Các nhà cung cấp dịch vụ chăm sóc sức khỏe và các đối tác kinh doanh của họ
Tại sao thông tin của tôi không được sử dụng cho quảng cáo?,Chúng tôi không bán hoặc sử dụng và chia sẻ thông tin của quý vị để quảng cáo cho quý vị về các sản phẩm hoặc dịch vụ sức khỏe
Tôi có thể rút lại ý kiến cho phép sử dụng thông tin của mình không?,"Có, quý vị có thể rút lại ý kiến cho phép bằng văn bản của mình bất kỳ lúc nào, trừ khi chúng tôi đã chia sẻ thông tin vì quý vị đã cấp quyền cho chúng tôi."
Tôi có quyền yêu cầu thay đổi thông tin của mình không?,"Có, quý vị có quyền yêu cầu chúng tôi thay đổi thông tin của quý vị nếu quý vị cho rằng thông tin đó sai."
Tôi có thể xem xét và nhận bản sao thông tin mà công ty có của mình không?,"Có, quý vị có quyền xem xét và nhận bản sao thông tin mà chúng tôi có của quý vị."
Danh sách những người lấy thông tin của chúng tôi sẽ bao gồm ai?,"Những người lấy thông tin của chúng tôi, nhưng không bao gồm thông tin mà chúng tôi đã cung cấp cho quý vị, người đại diện cá nhân của quý vị, hoặc cơ quan thực thi pháp luật, hoặc thông tin mà chúng tôi đã sử dụng."
Thông tin nào sẽ không được bao gồm trong danh sách những người lấy thông tin của chúng tôi?,"Thông tin mà chúng tôi đã cung cấp cho quý vị, người đại diện cá nhân của quý vị, hoặc cơ quan thực thi pháp luật, hoặc thông tin mà chúng tôi đã sử dụng."
Tôi có thể yêu cầu đổi phương thức liên lạc với công ty không?,"Có, bạn có thể yêu cầu chúng tôi liên lạc với quý vị theo một phương thức khác hoặc theo một địa chỉ khác."
Tôi có thể yêu cầu công ty hạn chế sử dụng thông tin của mình không?,"Có, bạn có thể yêu cầu chúng tôi hạn chế cách mà chúng tôi sử dụng thông tin của quý vị và cách mà chúng tôi cung cấp thông tin đó."
Tôi có thể yêu cầu công ty gửi tài liệu đến hộp thư PO Box thay vì địa chỉ nhà riêng?,"Có, bạn có thể yêu cầu chúng tôi gửi tài liệu đến Hộp thư PO Box thay vì địa chỉ nhà riêng của quý vị."
Tôi có thể nhận được thông báo khi nào?,Khi có nguy cơ có thể xảy ra đối với quyền riêng tư của thông tin của quý vị.
Tôi có thể yêu cầu nhận được bản sao giấy riêng của thông báo này không?,"Có, quý vị có thể yêu cầu nhận được bản sao giấy riêng của thông báo này."
Tôi cần làm gì để nói chuyện với Đại diện Dịch vụ Khách hàng về thông báo quyền riêng tư của tôi?,Gọi số điện thoại 1-800-MEDICARE (1-800-633-4227) hoặc 1-877-486-2048 nếu quý vị là người dùng TTY.
Tôi cần gửi đơn khiếu nại về quyền riêng tư đến đâu?,"Trung tâm Dịch vụ Medicare & Medicaid (CMS) hoặc Hoa Kỳ. Bộ Y tế và Dịch vụ Nhân sinh (HHS), Văn phòng Dân Quyền (OCR)"
Tôi có thể liên hệ với CMS bằng cách nào?,Truy cập Medicare.gov hoặc gọi số 1-800-MEDICARE
"Nếu chúng tôi thay đổi cách sử dụng hoặc chia sẻ thông tin của quý vị, chúng tôi sẽ gửi thông báo cho quý vị như thế nào?",qua thư trong vòng 60 ngày kể từ ngày thay đổi
Thông báo về Biện pháp Bảo vệ Quyền riêng tư cho Original Medicare có hiệu lực từ ngày nào?,"ngày 23 Tháng Chín, 2013"
Làm cách nào để tôi có thể bảo vệ bản thân khỏi gian lận và việc bị đánh cắp danh tính y tế?,"Để bảo vệ bản thân khỏi gian lận và việc bị đánh cắp danh tính y tế, quý vị nên ghi lại ngày trên lịch khi nhận được các dịch vụ chăm sóc sức khỏe và lưu giữ hóa đơn."
Đánh cắp danh tính y tế là gì?,"Đánh cắp danh tính y tế là khi ai đó lấy cắp hoặc sử dụng thông tin cá nhân của quý vị (như họ tên, Mã số An sinh Xã hội, hoặc Mã số Medicare của quý vị) để gửi các yêu cầu thanh toán gian lận cho Medicare và các công ty bảo hiểm sức khỏe khác mà không có sự cho phép của quý vị."
Tôi nên lưu giữ hóa đơn như thế nào?,Quý vị nên lưu giữ hóa đơn khi nhận được các dịch vụ chăm sóc sức khỏe.
Tôi cần làm gì để kiểm tra các bản sao kê từ chương trình Medicare của mình?,Hãy đăng nhập (hoặc tạo) tài khoản Medicare bảo mật tại Medicare.gov để xem xét các yêu cầu bồi thường Medicare của quý vị.
Khi nào tôi có thể xem xét các yêu cầu thanh toán của mình?,Các yêu cầu thanh toán của quý vị thường có sẵn trực tuyến trong vòng 24 giờ sau khi xử lý.
Tôi có thể tải xuống dữ liệu yêu cầu bồi thường từ đâu?,Quý vị có thể tải xuống dữ liệu yêu cầu bồi thường từ tài khoản Medicare.gov của mình bằng cách chọn tên.
Tôi cần làm gì để tải xuống dữ liệu cá nhân và yêu cầu bồi thường của mình?,"Quý vị cần truy cập vào menu góc trên bên phải, sau đó chọn ‘Tải xuống dữ liệu cá nhân và yêu cầu bồi thường của tôi’ trong mục ‘Tài khoản của tôi.’"
Tôi có thể liên hệ với ai để yêu cầu cung cấp bản sao kê theo từng khoản mục?,"Nếu quý vị biết nhà cung cấp dịch vụ chăm sóc sức khỏe hoặc nhà cung cấp thiết bị đó, hãy gọi và yêu cầu cung cấp một bản sao kê theo từng khoản mục."
Tôi cần gọi số điện thoại nào để yêu cầu cung cấp bản sao kê theo từng khoản mục?,Quý vị có thể gọi số 1-800-MEDICARE (1‑800‑633‑4227) hoặc số 1‑877‑486‑2048 nếu quý vị sử dụng TTY.
Tôi cần phải làm gì để có bản sao kê trong vòng 30 ngày?,bản sao kê này trong vòng 30 ngày
Tôi cần liên hệ với ai nếu nghi ngờ rằng Medicare đang bị tính phí cho một dịch vụ hoặc vật tư mà tôi không nhận?,gọi số 1-800-MEDICARE
Tôi cần cung cấp thông tin cá nhân như Mã số Medicare của mình cho ai?,"chỉ cung cấp thông tin cá nhân, như Mã số Medicare của quý vị, cho các bác sĩ, công ty bảo hiểm"
Tôi có thể chia sẻ Số Medicare của mình với ai?,"Không, trừ khi quý vị cho phép trước."
Tôi có thể chia sẻ thông tin cá nhân của mình với người liên hệ qua điện thoại?,"Không, trừ khi quý vị cho phép trước."
Tôi có thể chia sẻ Số Medicare của mình với đại lý hoặc nhà môi giới được cấp phép?,"Có, hoặc các chương trình đang hành động thay mặt quý vị."
Chương trình Medicare sẽ gọi cho tôi trong trường hợp nào?,"Chương trình Medicare sẽ gọi cho quý vị nếu quý vị đã là thành viên của chương trình, đại lý đã giúp quý vị tham gia cũng có thể gọi cho quý vị, hoặc một đại diện của dịch vụ khách hàng từ 1-800-MEDICARE có thể gọi cho quý vị nếu quý vị để lại tin nhắn hoặc một đại diện nói rằng ai đó sẽ gọi lại."
Ai có thể gọi cho tôi từ chương trình Medicare?,"Chương trình Medicare, đại lý đã giúp quý vị tham gia và một đại diện của dịch vụ khách hàng từ 1-800-MEDICARE có thể gọi cho quý vị."
"Nếu tôi đã nộp báo cáo về nghi ngờ gian lận, tôi có thể nhận được cuộc gọi từ ai?",Người đại diện của Medicare
"Tôi muốn biết thêm thông tin về gian lận Medicare, tôi nên làm gì?",Truy cập Medicare.gov/basics/reporting-medicare-fraud-and-abuse hoặc liên hệ với Đội tuần tra Medicare Người cao niên tại địa phương
"Tôi muốn tìm hiểu thêm về Đội tuần tra Cấp cao của Medicare và trợ giúp của tiểu bang, tôi nên làm gì?",Tìm hiểu thêm về Đội tuần tra Cấp cao của Medicare và tìm trợ giúp của tiểu bang
Tôi cần làm gì để liên hệ với chương trình?,Bạn có thể đi đến smpresource.org hoặc gọi cho 1-877-808-2468.
Các chương trình Medicare có thể đăng ký cho tôi qua điện thoại không?,"Không, các chương trình Medicare chỉ có thể đăng ký cho bạn qua điện thoại nếu bạn gọi cho họ và yêu cầu đăng ký."
Các chương trình cần thông tin cá nhân của tôi để cung cấp báo giá không?,"Không, các chương trình không cần thông tin cá nhân của bạn để cung cấp báo giá."
Tôi cần làm gì khi nhận được cuộc gọi từ chương trình hoặc đại lý Medicare không rõ nguồn gốc?,Gọi số 1‑800‑MEDICARE để báo cáo
Tôi có nên cung cấp thông tin cá nhân của mình cho chương trình hoặc đại lý Medicare qua điện thoại hoặc email?,"Không, vì điều đó có thể là dấu hiệu của một chương trình hoặc đại lý không hợp lệ"
Tôi có thể nhận được cuộc gọi thăm khám bất ngờ từ chương trình hoặc đại lý Medicare không?,"Có, điều đó có thể là dấu hiệu của một chương trình hoặc đại lý không hợp lệ"
Tôi có thể báo cáo gian lận Medicare như thế nào?,Số điện thoại để báo cáo gian lận là 1-877-7SAFERX (1-877-772-3379)
Mọi báo cáo đều có giá trị không?,"Có, mọi báo cáo đều có giá trị và sẽ được xem xét nghiêm túc bởi Medicare"
Tôi có thể nhận được kết quả ngay lập tức khi báo cáo gian lận không?,"Không, cần có thời gian để điều tra báo cáo và xây dựng hồ sơ"
Làm cách nào để Thanh tra viên về Người thụ hưởng Medicare có thể giúp quý vị?,Làm cách nào để Thanh tra viên về Người thụ hưởng Medicare có thể giúp quý vị đang giúp chúng tôi bảo vệ Medicare.
Thanh tra viên về Người thụ hưởng Medicare giúp quý vị những vấn đề gì?,"Thanh tra viên về Người thụ hưởng Medicare giúp quý vị các vấn đề khiếu nại, phàn nàn, và các thông tin yêu cầu liên quan đến Medicare."
Thanh tra viên về Người thụ hưởng Medicare đảm bảo gì cho quý vị?,Thanh tra viên về Người thụ hưởng Medicare đảm bảo rằng quý vị có thông tin về các quyền và biện pháp bảo vệ của Medicare và hiểu cách thức giải quyết các mối quan ngại của quý vị.
Tôi cần liên hệ với ai để yêu cầu giải quyết lo ngại về Medicare?,Quý vị có thể gọi 1-800-MEDICARE (1-800-633-4227) để yêu cầu giải quyết.
Tôi có thể liên hệ với Thanh tra viên về Người thụ hưởng Medicare bằng cách nào?,Quý vị có thể gọi 1-800-MEDICARE (1-800-633-4227) hoặc 1-877-486-2048 (TTY) để gửi yêu cầu của mình.
"Tôi cần liên hệ với Medicare để nhận trợ giúp cá nhân hóa, làm thế nào?",Gọi cho chúng tôi theo số 1-800-MEDICARE (1-800-633-4227) hoặc Trò chuyện trực tiếp với chúng tôi tại Medicare.gov/talk-to-someone.
"Tôi muốn gửi thư cho Medicare, địa chỉ của họ là gì?","Gửi thư cho chúng tôi tại PO Box 1270, Lawrence, KS 66044."
"Tôi có thể liên hệ với Medicare vào bất kỳ thời điểm nào, bao gồm cả cuối tuần?","Có, bạn có thể nhận thông tin 24 giờ mỗi ngày, bao gồm cả cuối tuần."
Tôi cần phải chuẩn bị gì khi đến khám bệnh?,Để thẻ Medicare trước mặt và sẵn sàng cung cấp Mã số Medicare của mình.
Tôi có thể nhận Số Medicare của mình như thế nào?,Quý vị có thể nhận Số Medicare của mình bằng cách đăng nhập vào tài khoản Medicare an toàn của mình.
Tôi có thể nhận trợ giúp bằng ngôn ngữ khác ngoài tiếng Anh?,"Có, quý vị có thể nhận trợ giúp bằng ngôn ngữ khác ngoài tiếng Anh hoặc nhận ấn phẩm Medicare ở một định dạng dễ tiếp cận cho người khuyết tật."
Tôi cần hỏi đại diện dịch vụ khách hàng về vấn đề gì?,chữ lớn hoặc chữ nổi braille
Tôi có thể cho phép ai tiếp cận thông tin sức khỏe cá nhân của mình?,"như người thân, bạn bè hoặc người chăm sóc"
Tôi cần điền vào mẫu nào để cho phép Medicare tiết lộ thông tin sức khỏe cá nhân của mình?,mẫu “Cho phép Tiết lộ Thông tin Sức khỏe Cá nhân”
Tôi muốn nộp biểu mẫu này như thế nào?,Quý vị có thể nộp biểu mẫu này tại Medicare.gov trong tài khoản Medicare bảo mật của mình hoặc gọi 1-800-MEDICARE.
Tôi muốn chỉ nhận một bản sao của sổ tay này trong tương lai?,Hãy gọi cho 1-800-MEDICARE.
Tôi muốn ngừng nhận bản sao giấy qua đường bưu điện và nhận nó bằng điện tử?,Quý vị có thể thực hiện việc này bằng cách gọi cho 1-800-MEDICARE.
Tôi cần làm gì để yêu cầu điều này?,Yêu cầu điều này trong tài khoản của mình tại Medicare.gov trong phần “Chỉnh sửa cài đặt tài khoản của tôi”.
Tôi cần xem thêm thông tin về màu xanh dương ở đâu?,Xem trang 119–122 để biết định nghĩa của màu xanh dương từ.
"Tôi cần một bản sao mới của thẻ Medicare, làm thế nào?",Quý vị có thể truy cập Medicare.gov để đăng nhập vào (hoặc tạo) tài khoản Medicare bảo mật của mình để in hoặc yêu cầu một bản sao chính thức của thẻ Medicare.
"Tôi cần thay thế thẻ Medicare vì thẻ bị hỏng hoặc bị mất, làm thế nào?",Quý vị có thể gọi số 1-800-MEDICARE (1‑800‑633‑4227) và yêu cầu gửi thẻ thay thế qua đường bưu điện.
Tôi có thể yêu cầu gửi thẻ Medicare qua đường bưu điện như thế nào?,Quý vị có thể gọi số 1-800-MEDICARE (1‑800‑633‑4227) để yêu cầu gửi thẻ thay thế qua đường bưu điện.
Tôi cần tìm kiếm trợ giúp để thanh toán chi phí chăm sóc sức khỏe như thế nào?,"Gọi cho chương trình SHIP trong tiểu bang của quý vị để nhận trợ giúp miễn phí, cá nhân hóa cho các câu hỏi về Medicare."
Tôi muốn trở thành cố vấn tình nguyện của chương trình SHIP như thế nào?,Tìm hiểu cách thức trở thành cố vấn tình nguyện của chương trình SHIP.
Tôi cần tìm số điện thoại của chương trình SHIP tại địa phương của mình như thế nào?,Xem trang 114–117 để biết số điện thoại của chương trình SHIP tại địa phương của quý vị.
"Tôi muốn tìm kiếm thông tin chung về Medicare trực tuyến, làm thế nào?",Truy cập vào Medicare.gov
"Tôi muốn biết thông tin về các chương trình sức khỏe và thuốc trong khu vực của mình, làm thế nào?",Nhận thông tin tại Medicare.gov/plan-compare
"Tôi muốn tìm các bác sĩ hoặc nhà cung cấp dịch vụ chăm sóc sức khỏe tham gia Medicare, làm thế nào?",Tìm kiếm tại Medicare.gov/care-compare
Medicare cung cấp dịch vụ chăm sóc sức khỏe ở đâu?,"Medicare cung cấp dịch vụ chăm sóc sức khỏe tại các chương trình, viện dưỡng lão, bệnh viện, bác sĩ, cơ sở chăm sóc sức khỏe tại nhà, cơ sở lọc máu, cơ sở chăm sóc cuối đời, các cơ sở phục hồi chức năng nội trú, và các bệnh viện chăm sóc dài hạn."
Tôi có thể tìm hiểu thông tin về dịch vụ phòng ngừa của Medicare ở đâu?,Bạn có thể tìm hiểu thông tin về dịch vụ phòng ngừa của Medicare tại Medicare.gov/coverage.
Dịch vụ phòng ngừa của Medicare bao gồm những gì?,"Dịch vụ phòng ngừa của Medicare bao gồm tầm soát, chích ngừa hoặc vắc-xin, và thăm khám “Sức khỏe” hàng năm."
Tôi có thể tìm thông tin Medicare của mình ở đâu?,Quý vị có thể nhận thông tin Medicare của cá nhân trực tuyến.
Tôi cần phải làm gì để có thể truy cập vào tài khoản Medicare của mình?,Quý vị cần truy cập vào Medicare.gov để đăng nhập vào (hoặc tạo) tài khoản Medicare bảo mật của mình.
Tôi có thể thêm thông tin gì vào tài khoản Medicare của mình?,Quý vị có thể thêm các loại thuốc kê toa và nhà thuốc của mình để giúp quý vị so sánh tốt hơn các chương trình sức khỏe và thuốc của Medicare trong khu vực của quý vị.
Tôi có thể thanh toán phí bảo hiểm Medicare trực tuyến được không?,"Có, nếu quý vị nhận được hóa đơn từ Medicare."
Các ứng dụng được kết nối của Medicare được tạo bởi ai?,Bên thứ ba (không phải Medicare)
Tôi có thể sử dụng dịch vụ của ứng dụng được kết nối bằng thông tin tài khoản Medicare.gov của mình được không?,"Có, khi quý vị kết nối với ứng dụng và đăng nhập bằng thông tin tài khoản Medicare.gov của mình"
Tôi có thể chia sẻ dữ liệu Medicare của mình với các bên thứ ba không?,"Có, nhưng chỉ khi quý vị chọn chia sẻ dữ liệu đó."
Tôi có thể lựa chọn kết nối với ứng dụng của bên thứ ba không?,"Có, quý vị luôn có thể lựa chọn kết nối hoặc duy trì kết nối với ứng dụng của bên thứ ba."
Tôi có thể xem tất cả hồ sơ sức khỏe của mình ở một nơi không?,"Có, với những ứng dụng này quý vị có thể xem tất cả hồ sơ sức khỏe của mình ở một nơi."
Tôi cần cung cấp thông tin sức khỏe của mình để tham gia nghiên cứu lâm sàng như thế nào?,Cung cấp thông tin sức khỏe của quý vị để tham gia nghiên cứu lâm sàng.
"Nếu tôi đã ghi danh vào Chương trình Medicare Advantage, tôi có thể truy cập thông tin sức khỏe của mình như thế nào?",Sẽ chỉ có sẵn thông tin Phần D thông qua các ứng dụng đã kết nối của Medicare.
Tôi cần làm gì để bảo vệ thông tin sức khỏe của mình?,Quản lý thông tin cá nhân và sức khỏe của quý vị giống như cách quý vị quản lý các thông tin bảo mật khác.
Tôi muốn tìm hiểu về cách sử dụng các ứng dụng được kết nối với Medicare để lưu thông tin về các yêu cầu bồi thường dành cho Medicare của mình?,Tôi có thể truy cập vào trang Medicare.gov/providers-services/claims-appeals-complaints/claims/share-your-medicare-claims để tìm hiểu thêm.
Tôi muốn biết địa chỉ cụ thể để tìm hiểu về cách sử dụng các ứng dụng được kết nối với Medicare?,Tôi có thể truy cập vào trang Medicare.gov/providers-services/claims-appeals-complaints/claims/share-your-medicare-claims/connected-apps để tìm hiểu thêm.
Medicare đang làm gì để phối hợp chăm sóc?,Medicare đang nỗ lực để phối hợp chăm sóc quý vị tốt hơn
Lý do Medicare phối hợp chăm sóc?,để đảm bảo quý vị nhận được dịch vụ chăm sóc sức khỏe tốt nhất có thể
Các ví dụ về cách Medicare phối hợp chăm sóc?,Tổ chức Chăm sóc Có trách nhiệm
Một Tổ chức Chăm sóc Có trách nhiệm (ACO) là gì?,"Một nhóm các bác sĩ, bệnh viện và các nhà cung cấp dịch vụ chăm sóc sức khỏe khác chấp nhận Original Medicare và phối hợp làm việc cùng nhau để điều phối chăm sóc sức khỏe cho quý vị."
Làm thế nào để tìm các nhà cung cấp Medicare tham gia ACO?,Truy cập Medicare.gov/care-compare để tìm các nhà cung cấp Medicare và tìm hiểu xem họ có tham gia ACO hay không.
Làm việc với tư cách là một phần của ACO mang lại lợi ích gì?,Làm việc với tư cách là một phần của ACO giúp bác sĩ và các nhà cung cấp dịch vụ chăm sóc sức khỏe phối hợp làm việc cùng nhau để điều phối chăm sóc sức khỏe cho quý vị.
Phối hợp giữa các nhà cung cấp chăm sóc sức khỏe có thể mang lại lợi ích gì?,"Tiết kiệm thời gian, tiền bạc và giảm phiền toái bằng cách tránh việc kiểm tra và cuộc hẹn lặp đi lặp lại."
Phối hợp giữa các nhà cung cấp chăm sóc sức khỏe có thể giúp ngăn ngừa điều gì?,Các sai sót y khoa và tương tác thuốc không mong muốn.
Tại sao phối hợp giữa các nhà cung cấp chăm sóc sức khỏe lại quan trọng?,"Để tránh việc kiểm tra và cuộc hẹn lặp đi lặp lại, đồng thời ngăn ngừa các sai sót y khoa và tương tác thuốc không mong muốn."
"Tôi có thể lựa chọn bất kỳ bác sĩ, bệnh viện nào không?","Có, ACO sẽ không hạn chế sự lựa chọn của quý vị với các nhà cung cấp dịch vụ chăm sóc sức khỏe."
"Nếu bác sĩ chăm sóc chính tham gia vào Tổ chức Chăm sóc Có trách ACO, tôi có thể thăm khám bác sĩ khác không?","Có, quý vị vẫn có quyền thăm khám bất kỳ bác sĩ, bệnh viện hoặc nhà cung cấp dịch vụ khác chấp nhận Medicare vào bất kỳ lúc nào."
Tôi có thể thay đổi bác sĩ chăm sóc chính không?,Không có thông tin về việc thay đổi bác sĩ chăm sóc chính trong đoạn văn bản.
Tôi có thể nhận được những quyền lợi gì khi tham gia ACO?,"Quý vị có thể nhận được nhiều quyền lợi hơn, bao gồm việc nhận được nhiều dịch vụ chăm sóc sức khỏe từ xa hơn."
Tôi có thể nhận được dịch vụ chăm sóc sức khỏe từ xa như thế nào?,"Quý vị có thể nhận được một số dịch vụ tại nhà bằng cách sử dụng công nghệ, như điện thoại hoặc máy tính, để giao tiếp trong thời gian thực với nhà cung cấp dịch vụ chăm sóc sức khỏe."
Tôi có thể được gửi đến đâu khi tham gia ACO?,Bác sĩ hoặc nhà cung cấp khác là thành viên của ACO có thể gửi quý vị đến.
Tôi cần nằm viện bao lâu để được chăm sóc tại cơ sở điều dưỡng chuyên môn?,Quý vị chưa cần nằm viện đủ 3 ngày.
Tôi cần phải đáp ứng yêu cầu gì để đủ điều kiện nhận quyền lợi chăm sóc tại cơ sở điều dưỡng chuyên môn?,Quý vị cần được bác sĩ hoặc nhà cung cấp dịch vụ khác quyết định rằng quý vị cần được chăm sóc tại cơ sở điều dưỡng chuyên môn và đáp ứng một số yêu cầu về điều kiện hội đủ khác.
Tôi có thể nhận được quyền lợi chăm sóc tại cơ sở điều dưỡng chuyên môn nếu bác sĩ chăm sóc chính của tôi tham gia ACO và tôi có Original Medicare?,"Có, quý vị sẽ nhận được quyền lợi này."
Tôi nhận được thông báo về việc tham gia ACO như thế nào?,Thông báo được gửi bằng văn bản và/hoặc tìm thấy tấm áp phích trong văn phòng của bạn.
Có bao nhiêu ACO hiện đang hoạt động trên cả nước?,Hiện có hàng trăm ACO trên cả nước.
ACO có thể yêu cầu thông tin chăm sóc sức khỏe của tôi từ Medicare?,"Có, Medicare cho phép ACO của nhà cung cấp dịch vụ chăm sóc sức khỏe của quý vị yêu cầu một số thông tin nhất định về việc chăm sóc của quý vị."
Tại sao ACO cần thông tin chăm sóc sức khỏe của tôi?,Để giải quyết vấn đề các bác sĩ của quý vị và các nhà cung cấp dịch vụ khác có thể giao tiếp và điều phối dịch vụ chăm sóc cho quý vị.
ACO có thể chia sẻ dữ liệu chăm sóc sức khỏe của tôi với ai?,Các bác sĩ của quý vị và các nhà cung cấp dịch vụ khác
Tôi có thể ngăn chặn Medicare chia sẻ thông tin sức khỏe của mình với ACO không?,"Có, quý vị có thể gọi cho 1-800-MEDICARE (1-800-633-4227) và cho người đại diện biết."
Tôi có thể biết thông tin nào sẽ được chia sẻ với ACO?,Thông tin chung sẽ được chia sẻ để đánh giá chất lượng của nhà cung cấp.
Tôi có thể liên hệ với Medicare bằng cách nào nếu tôi không muốn chia sẻ thông tin sức khỏe?,Quý vị có thể gọi cho 1-800-MEDICARE (1-800-633-4227) hoặc 1-877-486-2048 (TTY) để liên hệ với Medicare.
Tôi có thể tìm hiểu thêm về ACO ở đâu?,Bạn có thể truy cập Medicare.gov/providers-services/coordinating-care hoặc gọi 1-800-MEDICARE để tìm hiểu thêm về ACO.
Hồ sơ Sức khỏe Điện tử là gì?,"Hồ sơ Sức khỏe Điện tử là tiền sử về các tình trạng bệnh lý, điều trị và chăm sóc sức khỏe của quý vị mà bác sĩ, nhà cung cấp dịch vụ chăm sóc sức khỏe khác, nhân viên văn phòng y tế, hoặc bệnh viện của quý vị lưu giữ trên máy tính."
Hồ sơ Sức khỏe Điện tử có thể giúp giảm nguy cơ mắc các vấn đề gì?,"Các hồ sơ này có thể giúp giảm nguy cơ mắc các sai sót y tế, loại bỏ việc thực hiện các xét nghiệm không cần thiết."
Lợi ích của hồ sơ sức khỏe điện tử là gì?,"Nghiệm trùng lặp, và có thể giúp cải thiện chất lượng chăm sóc tổng thể của quý vị."
Hồ sơ sức khỏe điện tử có thể liên kết với những tổ chức nào?,"Một bệnh viện, phòng thí nghiệm, nhà thuốc, các bác sĩ khác, hoặc hệ thống thông tin tiêm chủng."
Kê toa điện tử là gì?,Cách thức điện tử để người kê toa của quý vị (bác sĩ hoặc nhà cung cấp dịch vụ chăm sóc) có thể thực hiện.
Tôi có thể gửi toa thuốc điện tử được không?,"Có, kê toa thuốc điện tử có thể giúp quý vị tiết kiệm tiền bạc và thời gian, đồng thời giúp quý vị được an toàn."
Tôi có thể nhận được thông tin của Medicare qua email được không?,"Có, quý vị có thể nhận được thông tin quan trọng về Medicare qua email của Medicare."
Tôi cần phải làm gì để nhận được thông tin của Medicare?,Quý vị có thể truy cập Medicare.gov để tạo tài khoản Medicare bảo mật của mình và gửi kèm địa chỉ email để nhận được những lời nhắc và thông tin quan trọng về Medicare.
Tôi có thể tìm thấy các ấn phẩm Medicare ở đâu?,Truy cập Medicare.gov/publications
Tôi có thể nhận ấn phẩm Medicare ở định dạng dễ tiếp cận cho người khuyết tật không?,"Có, xem trang 124 để biết thông tin chi tiết"
Tôi có thể tìm thông tin mới nhất về Medicare ở đâu?,"Cập nhật thông tin mới nhất và kết nối với những người khác có Medicare bằng cách theo dõi chúng tôi trên Facebook (facebook.com/Medicare) và X, trước đây gọi là Twitter (x.com/MedicareGov)."
Tôi có thể tìm các video chính thức về Medicare và chăm sóc sức khỏe ở đâu?,Tìm các video chính thức về Medicare và các chủ đề chăm sóc sức khỏe khác tại YouTube.com/cmshhsgov.
Tôi cần phải làm gì để nộp đơn đăng ký Original Medicare?,Truy cập SSA.gov để nộp đơn đăng ký
Tôi có thể nhận Extra Help cho chi phí thuốc của Medicare không?,"Quý vị có hội đủ điều kiện để nhận Extra Help cho chi phí thuốc của Medicare hay không, quý vị có thể tìm hiểu trên SSA.gov"
Tôi có thể làm gì để xem Báo cáo An sinh Xã hội của mình?,Quý vị có thể xem Báo cáo An sinh Xã hội của mình khi mở tài khoản “my Social Security” cá nhân
Tôi cần làm gì để mở tài khoản cá nhân?,Truy cập SSA.gov/myaccount để mở tài khoản cá nhân của quý vị.
Tôi cần liên hệ với ai để báo cáo thay đổi thông tin bảo hiểm?,Liên hệ với Trung tâm Điều phối & Phục hồi Quyền lợi qua số 1-855-798-2627.
Tôi có thể gọi số điện thoại nào nếu tôi sử dụng TTY?,Người dùng TTY có thể gọi số 1-855-797-2627.
Tôi có thể làm gì nếu tôi cho rằng bảo hiểm Medicare cho dịch vụ của mình sắp kết thúc quá sớm?,Tôi có thể liên hệ với Tổ chức Cải thiện Chất lượng Chăm sóc Tập trung vào Người thụ hưởng và Gia đình (BFCC-QIO) của mình.
Tôi có quyền kháng nghị nhanh khi nào?,Tôi có quyền kháng nghị nhanh khi tôi cho rằng bảo hiểm Medicare cho dịch vụ của mình sắp kết thúc quá sớm.
Tôi có thể làm gì nếu tôi lo ngại về chất lượng chăm sóc của mình hoặc người thân tại một cơ sở chăm sóc sức khỏe?,Tôi có thể liên hệ với Tổ chức Cải thiện Chất lượng Chăm sóc Tập trung vào Người thụ hưởng và Gia đình (BFCC-QIO) của mình.
Tôi có thể làm gì nếu không hài lòng với phản hồi của nhà cung cấp dịch vụ?,Quý vị có thể nộp đơn khiếu nại chính thức trực tiếp tới cơ quan khảo sát của tiểu bang hoặc BFCC-QIO.
Tôi cần làm gì để biết số điện thoại của BFCC-QIO hoặc cơ quan khảo sát của tiểu bang?,Gọi cho 1-800-MEDICARE (1-800-633-4227) để lấy số điện thoại.
Tôi có thể liên hệ với ai nếu muốn biết thêm thông tin về khiếu nại?,Hãy truy cập Medicare.gov/providers-services/claims-appeals-complaints/complaints.
Tôi cần liên hệ với ai để nhận thông tin về TRICARE For Life (TFL)?,Bạn có thể liên hệ với Bộ Quốc phòng qua số điện thoại 1-866-773-0404 hoặc truy cập trang web tricare.mil/tfl.
Tôi cần liên hệ với ai để nhận thông tin về Chương trình Dược phẩm TRICARE?,Bạn có thể liên hệ với Bộ Quốc phòng qua số điện thoại 1-877-363-1303 hoặc truy cập trang web tricare.mil/pharmacy.
Tôi cần liên hệ với ai nếu tôi là cựu chiến binh hoặc đã từng phục vụ trong quân đội Hoa Kỳ?,Bạn nên liên hệ với Bộ Cựu Chiến binh (VA) để nhận thông tin và hỗ trợ phù hợp.
"Tôi muốn biết thông tin về Chương trình Quyền lợi Sức khỏe Nhân viên Liên bang, nhưng tôi không biết liên hệ nào?",Bạn có thể liên hệ với Văn phòng Quản lý Nhân sự hoặc truy cập vào trang VA.gov hoặc eBenefits.va.gov để biết thêm thông tin.
"Tôi đã nghỉ hưu ở liên bang và muốn biết thông tin về quyền lợi sức khỏe, nhưng tôi không biết liên hệ nào?","Bạn có thể liên hệ với số điện thoại 1-888-767-6738, TTY: 711 hoặc truy cập vào trang OPM.gov/healthcare-insurance/Guide-Me/Retirees-Survivors để biết thêm thông tin."
"Tôi đang làm việc ở liên bang và muốn biết thông tin về quyền lợi sức khỏe, nhưng tôi không biết liên hệ nào?","Bạn có thể liên hệ với số điện thoại 1-800-827-1000, TTY: 711 hoặc truy cập vào trang VA.gov hoặc eBenefits.va.gov để biết thêm thông tin."
"Tôi làm việc ở liên bang, phải làm gì?",Liên hệ với Cán bộ Quyền lợi của mình.
"Tôi nhận được quyền lợi từ RRB, làm thế nào để thay đổi địa chỉ hoặc tên?",Gọi cho họ tại số 1‑877‑772‑5772.
"Tôi muốn biết thông tin về Cán bộ Quyền lợi, nơi nào có danh sách?",Truy cập apps.opm.gov/abo.
"Tôi cần tìm thông tin về bảo hiểm sức khỏe, nơi nào tôi có thể tìm được?",Bạn có thể truy cập shiphelp.org hoặc sử dụng thông tin dưới đây để nhận trợ giúp cá nhân miễn phí.
"Tôi muốn tìm thông tin về chương trình hỗ trợ bảo hiểm y tế ở tiểu bang Georgia, thì tôi nên gọi số điện thoại nào?",1-866-552-4464 (tùy chọn 4)
"Tôi ở Oklahoma, số điện thoại nào tôi có thể gọi để được hỗ trợ về Medicare?","1-800-763-2828 (đối với mã vùng tiểu bang 405, 918 và 580) hoặc 405-521-6628 (tất cả các mã vùng khác)"
"Tôi ở Virgin Islands, số điện thoại của Chương trình Hỗ trợ Bảo hiểm Y tế là gì?",1-340-772-7368 (đối với khu vực St. Croix) hoặc 1-340-714-4354 (đối với khu vực St. Thomas)
Tổ chức Chăm sóc Có trách nhiệm (ACO) là gì?,"Nhóm các bác sĩ, bệnh viện và các chuyên gia chăm sóc sức khỏe khác làm việc cùng nhau để phối hợp chăm sóc cho quý vị và chịu trách nhiệm về chất lượng cũng như chi phí chăm sóc mà họ cung cấp cho quý vị."
Chỉ định là gì?,"Một thỏa thuận của bác sĩ, nhà cung cấp dịch vụ chăm sóc sức khỏe khác, hoặc nhà cung cấp thiết bị của quý vị để được thanh toán trực tiếp bởi Medicare, để chấp nhận số tiền thanh toán"
ACO chịu trách nhiệm về gì?,Chất lượng cũng như chi phí chăm sóc mà họ cung cấp cho quý vị
Medicare sẽ thanh toán cho dịch vụ như thế nào?,Medicare phê duyệt cho dịch vụ như là thanh toán đầy đủ.
Liệu quý vị cần lập hóa đơn cho các khoản ngoài khấu trừ và đồng bảo hiểm Medicare?,"Không, quý vị không cần lập hóa đơn cho bất kỳ khoản nào ngoài khoản khấu trừ và đồng bảo hiểm Medicare."
Giai đoạn quyền lợi của Original Medicare bắt đầu từ khi nào?,Một giai đoạn quyền lợi bắt đầu từ ngày quý vị được tiếp nhận vào làm bệnh nhân nội trú tại bệnh viện hoặc cơ sở điều dưỡng chuyên môn.
Khi nào sẽ kết thúc giai đoạn quyền lợi?,Khi quý vị không còn nhận được bất kỳ dịch vụ chăm sóc nội trú tại bệnh viện (hoặc chăm sóc chuyên môn tại cơ sở điều dưỡng chuyên môn) nào nữa trong 60 ngày liên tiếp.
"Nếu tôi vào bệnh viện sau khi một giai đoạn quyền lợi kết thúc, thì sẽ xảy ra gì?",Một giai đoạn quyền lợi mới sẽ bắt đầu.
Tôi phải thanh toán khoản khấu trừ bệnh viện nội trú cho mỗi giai đoạn quyền lợi?,"Có, quý vị phải thanh toán khoản khấu trừ bệnh viện nội trú cho mỗi giai đoạn quyền lợi."
Khoản khấu trừ là gì?,Là số tiền quý vị phải trả cho dịch vụ chăm sóc sức khỏe hoặc thuốc kê toa trước khi Original Medicare bắt đầu chi trả.
Các thử nghiệm là gì?,"Các dự án đặc biệt, đôi khi được gọi là các “chương trình thí điểm” hoặc “nghiên cứu”, nhằm thử kiểm tra những cải tiến về bảo hiểm, thanh toán, và chất lượng chăm sóc của Medicare."
Các chương trình thí điểm được gọi bằng cái tên nào khác?,Các “chương trình thí điểm” hoặc “nghiên cứu”
Chương trình nào của Medicare hỗ trợ những người có thu nhập và tài sản hạn chế thanh toán các chi phí trong chương trình thuốc kê toa của Medicare?,Trợ giúp Bổ sung (Extra Help)
Danh mục thuốc là gì?,Danh sách các loại thuốc kê toa được đài thọ bởi một chương trình thuốc kê toa hoặc một chương trình khác
Chúng thường chỉ hoạt động trong thời gian và khu vực nào?,"Một thời gian giới hạn, dành cho một nhóm người cụ thể, và trong các khu vực cụ thể"
Chương trình bảo hiểm khác cung cấp quyền lợi gì?,các quyền lợi về thuốc kê toa
Cơ sở phục hồi chức năng nội trú là gì?,"Một bệnh viện, hoặc một phần của bệnh viện, cung cấp một chương trình phục hồi chức năng chuyên sâu cho các bệnh nhân nội trú"
Ngày dự phòng trọn đời là gì?,Những ngày bổ sung mà Medicare sẽ chi trả khi quý vị nằm viện trong hơn 90 ngày
Medicare sẽ chi trả bao nhiêu cho mỗi ngày dự phòng trọn đời?,Tất cả các chi phí được đài thọ ngoại trừ khoản đồng bảo hiểm hàng ngày.
Các bệnh viện chăm sóc dài hạn cung cấp dịch vụ điều trị cho những bệnh nhân nằm viện bao lâu?,Trung bình hơn 25 ngày.
Medicaid có liên quan gì với các bệnh viện chăm sóc dài hạn?,Không có thông tin liên quan trong đoạn văn bản.
Medicaid là chương trình gì?,Medicaid là một chương trình liên kết của liên bang và tiểu bang để giúp đỡ về chi phí y tế cho những người có giới hạn về thu nhập và (trong một số trường hợp) tài sản.
Ai đủ tiêu chuẩn nhận Medicaid?,Những người có giới hạn về thu nhập và (trong một số trường hợp) tài sản đủ tiêu chuẩn nhận Medicaid.
Các chi phí chăm sóc sức khỏe nào được đài thọ khi nhận Medicaid?,Hầu hết các chi phí chăm sóc sức khỏe đều được đài thọ nếu quý vị đủ tiêu chuẩn nhận cả Medicare và Medicaid.
Dịch vụ chăm sóc sức khỏe nào được coi là cần thiết về mặt y tế?,"Dịch vụ chăm sóc sức khỏe hoặc vật liệu cần thiết để chẩn đoán hoặc điều trị bệnh tật, chấn thương, tình trạng, bệnh tật hoặc các triệu chứng của bệnh."
Tiêu chuẩn nào được chấp nhận để xác định dịch vụ chăm sóc sức khỏe là cần thiết về mặt y tế?,Tiêu chuẩn y khoa được chấp nhận.
Chương trình Medicare Advantage là gì?,Một loại hình chương trình bảo hiểm sức khỏe Medicare được cung cấp bởi một công ty tư nhân có hợp đồng với Medicare.
Các chương trình Medicare Advantage cung cấp quyền lợi gì?,"Cung cấp cho tất cả quyền lợi trong Phần A và Phần B, với một số ngoại lệ."
Các chương trình Medicare Advantage bao gồm?,Các Chương trình Medicare Advantage bao gồm các chương trình được cung cấp bởi các công ty tư nhân có hợp đồng với Medicare.
"Nếu tôi đã ghi danh vào một Chương trình Medicare Advantage, thì dịch vụ nào sẽ được đài thọ?",Hầu hết các dịch vụ Medicare
"Nếu tôi đã ghi danh vào một Chương trình Medicare Advantage, thì dịch vụ nào sẽ không được thanh toán theo Original Medicare?",Hầu hết các dịch vụ Medicare
Phần lớn các chương trình Medicare Advantage cung cấp bảo hiểm thuốc gì?,bảo hiểm thuốc kê toa
Số tiền Medicare chấp thuận là gì?,Khoản thanh toán mà Original Medicare đặt ra cho một dịch vụ hoặc mặt hàng được đài thọ.
Medicare sẽ thanh toán bao nhiêu?,Medicare sẽ thanh toán phần của mình với số tiền được chấp thuận.
Chương trình bảo hiểm sức khỏe Medicare là gì?,"Các chương trình do các công ty tư nhân cung cấp, hợp tác với Medicare để cung cấp quyền lợi Phần A, Phần B và trong nhiều trường hợp, cả Phần D."
Chương trình Medicare là gì?,Là bất kỳ cách thức nào khác với Original Medicare để quý vị có thể nhận được bảo hiểm sức khỏe hoặc thuốc Medicare.
Medigap là gì?,Bảo hiểm bổ sung Medicare do các công ty bảo hiểm tư nhân bán để lấp đầy ‘những giai đoạn’.
Advantage là gì?,"Advantage và một số loại bảo hiểm nhất định khác (như Chương trình Chi phí của Medicare, các chương trình PACE và chương trình thử nghiệm/thí điểm)."
Original Medicare có bao gồm hai phần nào?,Phần A (Bảo hiểm Bệnh viện) và Phần B (Bảo hiểm Y tế)
Tôi thường phải trả bao nhiêu chi phí khi nhận được dịch vụ?,Một phần chi phí cho các dịch vụ được đài thọ
Phí bảo hiểm là gì?,"Khoản thanh toán định kỳ cho Medicare, một công ty bảo hiểm, hoặc một chương trình chăm sóc sức khỏe để được hưởng bảo hiểm sức khỏe hoặc bảo hiểm thuốc kê toa."
Dịch vụ phòng ngừa là gì?,"Chăm sóc sức khỏe để ngăn ngừa bệnh tật hoặc phát hiện bệnh ở giai đoạn sớm, khi việc điều trị có khả năng mang lại hiệu quả tốt nhất."
Bác sĩ chăm sóc chính là gì?,Không có thông tin về bác sĩ chăm sóc chính trong đoạn văn bản này.
Bác sĩ nào mà quý vị đến thăm khám đầu tiên khi gặp các vấn đề sức khỏe?,Bác sĩ chăm sóc chính
Giới thiệu là gì?,Một yêu cầu bằng văn bản từ bác sĩ chăm sóc chính của quý vị để đến gặp bác sĩ chuyên khoa hoặc nhận các dịch vụ y tế nhất định
"Nếu không có giấy giới thiệu, chương trình của quý vị có...",chương trình của quý vị có
Bệnh viện cấp cứu nông thôn có cung cấp dịch vụ từ bác sĩ chuyên khoa không?,Thể không thanh toán cho các dịch vụ từ bác sĩ chuyên khoa.
Bệnh viện cấp cứu nông thôn có cung cấp dịch vụ y tế và sức khỏe ngoại trú không?,Một số dịch vụ y tế và sức khỏe ngoại trú được chỉ định khác cho bệnh nhân thường ở dưới 24 giờ.
Khu vực nào được chấp nhận để trở thành thành viên của chương trình?,Khu vực quý vị phải sinh sống để chương trình chấp nhận quý vị là thành viên.
Các chương trình có thể hủy ghi danh của tôi nếu tôi chuyển ra khỏi khu vực dịch vụ của họ không?,"Có, trong một số trường hợp phải hủy ghi danh của quý vị."
Tôi có thể nhận các dịch vụ định kỳ ở bất kỳ khu vực nào không?,"Không, thường cũng giới hạn khu vực mà quý vị có thể nhận các dịch vụ định kỳ."
Cơ sở điều dưỡng chuyên môn (SNF) có thể cung cấp dịch vụ chăm sóc sức khỏe liên quan khác không?,"Có, trong hầu hết các trường hợp, các dịch vụ phục hồi chức năng chuyên môn và các dịch vụ chăm sóc sức khỏe liên quan khác."
Dịch vụ chăm sóc điều dưỡng chuyên môn được cung cấp ở đâu?,Cơ sở điều dưỡng chuyên môn
Dịch vụ chăm sóc điều dưỡng chuyên môn bao gồm những gì?,Điều dưỡng chuyên môn và phục hồi chức năng
Ai mới có thể thực hiện các dịch vụ chăm sóc tại cơ sở điều dưỡng chuyên môn?,Y tá chuẩn định hoặc bác sĩ vật lý trị liệu
Trung tâm Dịch vụ Medicare & Medicaid (CMS) có phân biệt đối xử với người dựa trên cơ sở nào?,"chủng tộc, màu da, quốc gia xuất xứ, khuyết tật, giới tính hoặc độ tuổi"
Tôi có thể liên hệ với CMS như thế nào nếu có quan ngại về việc nhận thông tin?,Quý vị có thể liên hệ với CMS theo bất kỳ cách nào có trong thông báo này.
Tôi có thể nộp đơn khiếu nại nếu mình đã bị phân biệt đối xử trong chương trình của CMS?,"Có, quý vị cũng có thể nộp đơn khiếu nại nếu cho rằng mình đã bị phân biệt đối xử trong một chương trình hoặc hoạt động của CMS."
Tôi có thể nhận thông tin ở định dạng dễ tiếp cận cho người khuyết tật từ CMS?,"Có, quý vị có thể nhận thông tin ở định dạng dễ tiếp cận cho người khuyết tật từ bất kỳ Chương trình Medicare nào."
Tôi có thể nộp đơn khiếu nại với Bộ Bộ Y tế và Dịch vụ Nhân sinh bằng cách nào?,"Có, có 3 cách để nộp đơn khiếu nại: trực tuyến, qua điện thoại hoặc bằng văn bản."
Tôi cần gọi số điện thoại nào để nộp đơn khiếu nại qua điện thoại?,Bạn cần gọi số 1-800-368-1019. Người dùng TTY có thể gọi số 1-800-537-7697.
Tôi cần gửi thông tin khiếu nại của mình đến địa chỉ nào?,Bạn cần gửi thông tin về khiếu nại của mình đến địa chỉ không được cung cấp trong văn bản.
"Tôi cần yêu cầu thông tin về Medicare ở định dạng dễ tiếp cận cho người khuyết tật, tôi nên làm gì?",Gọi cho chúng tôi tại số 1-800-MEDICARE (1-800-633-4227) hoặc gửi email cho chúng tôi tại địa chỉ altformatrequest@cms.hhs.gov
"Tôi cần yêu cầu thông tin về Thị trường ở định dạng dễ tiếp cận cho người khuyết tật, tôi nên làm gì?",Gọi cho chúng tôi tại số 1-800-318-2596 hoặc gửi email cho chúng tôi tại địa chỉ altformatrequest@cms.hhs.gov
"Tôi có thể gửi yêu cầu thông tin về Medicare hoặc Thị trường bằng fax, tôi nên gửi đến số nào?",Bạn nên gửi fax cho chúng tôi tại số 1-844-530-3676
Tôi cần gửi thư đến đâu để liên hệ với Centers for Medicare & Medicaid Services?,"7500 Security Boulevard, Mail Stop DO-01-20, Baltimore, MD 21244-1850"
Tôi cần bao gồm thông tin gì khi gửi thư?,"Họ tên, số điện thoại, loại thông tin cần và địa chỉ gửi thư"
Chúng tôi có thể liên lạc với tôi để hỏi thêm thông tin không?,"Có, chúng tôi có thể liên lạc với quý vị để hỏi thêm thông tin"
"Tôi đã ghi danh vào Chương trình Medicare Advantage, làm thế nào để hỏi thêm thông tin?",Hãy liên hệ với chương trình của quý vị để yêu cầu thông tin ở định dạng dễ tiếp cận.
"Tôi muốn hỏi thêm thông tin về Medicaid, làm thế nào để liên hệ?",Hãy liên hệ với văn phòng Medicaid của tiểu bang quý vị.
Tôi có thể nhận được thông tin về Medicare bằng tiếng Việt không?,"Không có thông tin cụ thể về tiếng Việt trong đoạn văn bản, nhưng có thể liên hệ với số điện thoại 1-800-MEDICARE để nhận được thông tin."
Tôi có thể nói chuyện với một phiên dịch viên không?,"Có, bạn có thể nói chuyện với một phiên dịch viên bằng cách gọi điện cho số 1-800-MEDICARE."
Tôi có thể nhận được thông tin về Medicare mà không phải trả phí không?,"Có, bạn có thể nhận được thông tin về Medicare mà không phải trả phí bằng cách gọi điện cho số 1-800-MEDICARE."
Tôi có thể nói chuyện với người phiên dịch miễn phí không?,"Có, bạn có quyền miễn phí nói chuyện với người phiên dịch bằng ngôn ngữ mẹ đẻ của mình."
Tôi cần gọi điện thoại nào để nói chuyện với người phiên dịch?,Bạn cần gọi điện thoại 1-800-MEDICARE (1-800-633-4227)
Tôi có thể nói chuyện với người phiên dịch bằng ngôn ngữ mẹ đẻ của mình không?,"Có, bạn có thể nói chuyện với người phiên dịch bằng ngôn ngữ mẹ đẻ của mình."
Tôi có thể nói chuyện với người dịch không?,"Có, bạn có thể nói chuyện với người dịch bằng cách gọi số 1-800-MEDICARE (1-800-633-4227)."
Tôi có thể nhận được thông tin về bảo hiểm y tế Medicare trong ngôn ngữ của mình không?,"Có, bạn có thể nhận được thông tin về bảo hiểm y tế Medicare trong ngôn ngữ của mình mà không phải trả phí."
Ai có thể nhận được thông tin về bảo hiểm y tế Medicare?,"Bất kỳ ai, hoặc người mà bạn đang giúp đỡ, có thể nhận được thông tin về bảo hiểm y tế Medicare."
"Tôi muốn nói chuyện với một người dịch, làm thế nào?",Vui lòng gọi số điện thoại 1-800-MEDICARE (1-800-633-4227)
Tôi có thể nhận được thông tin Medicare mà không phải trả phí không?,"Có, bạn có thể nhận được thông tin Medicare mà không phải trả phí"
"Tôi muốn nhận thông tin Medicare bằng ngôn ngữ của mình, làm thế nào?",Bạn có thể nhận được thông tin Medicare bằng ngôn ngữ của mình mà không phải trả phí
Tôi có thể yêu cầu thông tin Medicare bằng ngôn ngữ của mình không?,"Có, bạn có quyền yêu cầu thông tin Medicare bằng ngôn ngữ của mình miễn phí."
Tôi cần làm gì để nói chuyện với một người phiên dịch?,Bạn cần gọi số điện thoại 1-800-MEDICARE (1-800-633-4227)
Tôi có thể nhận được hỗ trợ Medicare miễn phí không?,"Có, bạn có quyền nhận được hỗ trợ Medicare miễn phí."
Tôi có thể nhận trợ giúp bằng ngôn ngữ khác không?,"Có, quý vị có quyền được nhận các trợ giúp và thông tin bằng ngôn ngữ của mình miễn phí."
Tôi cần gọi số điện thoại nào để trao đổi với phiên dịch viên?,Gọi 1-800-MEDICARE (1-800-633-4227)
Tôi có quyền được giúp đỡ và thông tin về Medicare không?,"Có, bạn có quyền được giúp đỡ và thông tin về Medicare mà không phải chịu chi phí."
"Tôi cần nói chuyện với một người phiên dịch, tôi làm thế nào?",Bạn hãy gọi điện đến số 1-800-MEDICARE (1-800-633-4227) để nói chuyện với một người phiên dịch.
Tôi có phải trả tiền cho dịch vụ giúp đỡ và thông tin về Medicare không?,"Không, bạn không phải trả tiền cho dịch vụ giúp đỡ và thông tin về Medicare."
Tôi có thể nhận được thông tin về Medicare bằng tiếng Việt không?,"Có, bạn có thể nhận được thông tin về Medicare bằng tiếng Việt miễn phí."
Tôi cần làm gì để nói chuyện với một người phiên dịch?,Bạn cần gọi điện cho số 1-800-MEDICARE (1-800-633-4227).
Tôi có thể nhận được thông tin về Medicare miễn phí không?,"Có, bạn có thể nhận được thông tin về Medicare miễn phí."
Tôi có thể nói chuyện với người dịch không?,"Có, bạn có thể nói chuyện với người dịch bằng cách gọi điện đến 1-800-MEDICARE (1-800-633-4227)."
Tôi có thể nhận được thông tin về Medicare bằng tiếng mẹ đẻ không?,"Có, bạn có quyền nhận được thông tin về Medicare bằng tiếng mẹ đẻ mà không phải trả phí nào."
Ai có thể nhận được thông tin về Medicare?,"Bất kỳ ai, hoặc người giúp đỡ, có câu hỏi về Medicare đều có thể nhận được thông tin và hỗ trợ."
Tôi có thể nói chuyện với người dịch viên miễn phí không?,"Có, quý vị sẽ có quyền được giúp và có thêm thông tin bằng ngôn ngữ của mình miễn phí."
Tôi cần gọi số điện thoại nào để nói chuyện với người dịch viên?,Gọi số 1-800-MEDICARE (1-800-633-4227).
"Tôi cần thay đổi địa chỉ của mình, phải làm gì?",Truy cập SSA.gov để thay đổi địa chỉ của bạn.
"Tôi đang nhận trợ cấp RRB, cần làm gì?",Truy cập RRB.gov hoặc gọi RRB theo số 1‑877‑772‑5772.
"Tôi cần thay đổi địa chỉ của mình vì chuyển nhà, phải làm gì?",Truy cập SSA.gov để thay đổi địa chỉ của bạn.
Sound Transit đang tiến hành nghiên cứu dự án gì?,"Mở Rộng Tuyến Ballard Link, gồm cả Chinatown-International District"
Mục đích của việc thu hút sự tham gia của cộng đồng?,Để định hình các bước tiếp theo cho dự án Link light rail và khu vực trạm Chinatown-International District (CID)
Lý do Sound Transit thực hiện bước đầu tiên là thu hút sự tham gia của cộng đồng?,Để định hình các bước tiếp theo cho dự án Link light rail và khu vực trạm Chinatown-International District (CID)
Dự án WSBLE thuộc dự án nào?,Dự án Sound Transit 3 (ST3)
Dự án WSBLE bao gồm mở rộng tuyến gì?,Tuyến West Seattle Link
Tâm thành phố Seattle đến West Seattle có bao nhiêu trạm mới?,4 trạm mới từ SODO đến Alaska Junction.
Dự án đại diện nào là nơi khởi đầu cho các nỗ lực lập kế hoạch và phát triển dự án kể từ năm 2017?,Mở Rộng Tuyến Ballard Link
Đường nào đi qua Kenmore?,Đường Shoreline South/ 148th
Tên của khu vực nào được nhắc đến nhiều lần?,University of Washington
Tên của một khu vực ở Tacoma được nhắc đến?,Tacoma Community College
Địa điểm của bốn dự án đường sắt nhẹ hiện đang xây dựng?,"Không rõ, nhưng có thể liên quan đến các thành phố như Tukwila, Tacoma, Seattle, Everett và Bellevue."
Lịch trình dự án đường sắt nhẹ được công bố vào tháng 8 năm 2022?,"Có, đang được làm việc để xác định các mốc thời gian phục vụ mới."
Địa chỉ để biết thêm chi tiết về dự án đường sắt nhẹ?,soundtransit.org/system
Tuyến đường sắt nào đang hoạt động?,"Northgate–Angle Lake, Tacoma Dome–Theater District, Tuyến N  EvereƩ–SeaƩle, Tuyến S  Lakewood–SeaƩle"
Tuyến đường sắt nào đang được xây dựng?,"Tuyến 1  Ballard–Tacoma, Tuyến 2  Mariner–Redmond, Tuyến 3  EvereƩ–West SeaƩle, Tuyến 4  South Kirkland–Issaquah, Tuyến T  Tacoma Dome–Tacoma Community College, Tuyến S  DuPont–Lakewood, Stride BRT"
Tuyến đường sắt nào kết nối Tacoma Dome và Theater District?,Tacoma Dome–Theater District
Tuyến BRT nào đang hoạt động?,Không có thông tin về tuyến BRT đang hoạt động trong đoạn văn bản này.
Các hoạt động nào đang được thực hiện để cải thiện dịch vụ?,"Dịch vụ được đánh giá lại hàng năm, trạm hoặc bến xe buýt mới, bãi đậu xe bổ sung, công trình cải tạo khu vực trạm."
Có bao nhiêu tuyến BRT được đề cập trong đoạn văn bản?,"Có 3 tuyến BRT được đề cập: S1 Bellevue–Burien, S2 Lynnwood–Bellevue, S3 Shoreline–Bothell."
Các khu vực nào sẽ có dịch vụ đường sắt?,"Các khu vực bao gồm Ballard, Everett, West Seattle, Kirkland, International District/Chinatown, Bellevue, Angle Lake, SeaTac Airport, Seattle, Northgate, Issaquah, Tacoma."
Dự án đường sắt nào đang được xây dựng?,Dự án Lynnwood-Federal Way và dự án mở rộng tuyến Lynnwood-Redmond đang được xây dựng.
Đường hầm có liên quan đến dự án đường sắt nào?,Không có thông tin cụ thể về đường hầm trong đoạn văn bản.
Các dự án đường sắt nào đang được xây dựng?,Lynnwood–Federal Way và Lynnwood–Redmond
Đường hầm có ở đâu?,Đường hầm có ở Trung Chuyển
Có bao nhiêu tuyến đường?,"Không rõ ràng, nhưng có thể thấy có ít nhất 5 tuyến đường được đề cập"
Tới đâu có thể sử dụng tuyến đường Ballard–Tacoma Dome?,"Không rõ ràng, nhưng có thể thấy tuyến đường này liên quan đến các điểm đến như Ballard và Tacoma Dome"
Các phép đo trên sơ đồ đường sắt có ý nghĩa gì?,Các phép đo chỉ dành cho mục đích thảo luận
Các trạm trung chuyển giữa các đường hầm sẽ được đặt ở đâu?,hầm trung tâm thành phố
Chúng ta đang ở đâu?,Bây giờ chúng ta đang ở đâu và chúng ta đến đây bằng cách nào?
Tại sao Sound Transit thuê một đội ngũ cố vấn?,"Sound Transit đã thuê một đội ngũ cố vấn để hỗ trợ trong việc lập kế hoạch, thiết kế ban đầu, và đánh giá môi trường"
Sound Transit phát triển và cải tiến những lựa chọn thay thế trong khoảng thời gian nào?,Tháng 3 năm 2018 – Tháng 4 năm 2019
Sound Transit tổ chức các nhà mở vào tháng nào năm 2018?,Tháng 2/tháng 3 năm 2018
Mục đích của các nhà mở tổ chức bởi Sound Transit vào tháng 2/tháng 3 năm 2019?,"Thu thập ý kiến góp ý của cộng đồng về các địa điểm tuyến đường và trạm tới hiện tại, cũng như các chủ đề cần nghiên cứu trong báo cáo tác động môi trường"
Sound Transit tổ chức các nhà mở vào tháng nào năm 2019?,Tháng 2/tháng 3 năm 2019
Sound Transit tiến hành các hoạt động tương tác cộng đồng và nghiên cứu bổ sung vào thời gian nào?,Tháng 10 năm 2022 – tháng 1 năm 2023
Ban Quản Trị Sound Transit xác định các địa điểm tuyến đường và trạm cần nghiên cứu vào thời gian nào?,Tháng 5 và tháng 10 năm 2019
Sound Transit xây dựng Bản thảo EIS trong khoảng thời gian nào?,Tháng 5 năm 2019 – tháng 12 năm 2021
Ban Quản Trị Sound Transit có thể xác định lựa chọn thay thế ưu tiên cho dự án Mở Rộng Tuyến Ballard Link khi nào?,Sau khi nhận thông tin cập nhật về việc nghiên cứu bổ sung trong CID (và địa điểm khác)
Tên gọi của công cụ này là gì?,Seattle Chinatown International District (CID) Community Engagement Toolkit
Công cụ này được phát triển bởi ai?,Các bên liên quan trong Khu phố Tàu-Quốc Tế tại Seattle
Mục đích của toolkit là gì?,Toolkit được sử dụng để định hình và lên kế hoạch một quá trình cố ý cho cộng đồng để cùng nhau giải quyết một vấn đề hoặc dự án cụ thể.
Ai có thể sử dụng toolkit?,Toolkit được cung cấp cho cộng đồng và các đối tác chính quyền để sử dụng như một nguồn tài nguyên.
Toolkit được sử dụng để làm gì?,"Toolkit được sử dụng để định hình và lên kế hoạch một quá trình cố ý cho cộng đồng để cùng nhau giải quyết một vấn đề hoặc dự án cụ thể, đồng thời cho phép tùy chỉnh việc tham gia và quyết định của cộng đồng."
Toolkit được thiết kế để phục vụ cho vấn đề gì?,Toolkit được thiết kế để phục vụ cho các vấn đề hoặc dự án khác nhau của cộng đồng.
Mục tiêu khi sử dụng Toolkit là gì?,"Mục tiêu khi sử dụng Toolkit là đảm bảo cơ hội tham gia có ý nghĩa của các cộng đồng đa dạng trong CID, tạo ra tiếng nói và vận động mạnh mẽ của cộng đồng về các dự án và chính sách ảnh hưởng đến CID, và thực hiện các dự án theo hướng hỗ trợ mục tiêu và nhu cầu của cộng đồng."
Toolkit có phù hợp với mọi tình huống?,"Không, Toolkit không phải là một mô hình cookie-cutter, vì vậy nó không phù hợp với mọi tình huống hoặc vấn đề."
Toolkit gồm bao nhiêu tài liệu?,Toolkit gồm 3 tài liệu.
Tài liệu Workbook bao gồm các phần nào?,"Tài liệu Workbook bao gồm Introduction, Initial Scope và Core Elements."
Tài liệu này có mục đích gì?,Tài liệu này được thiết kế để đi kèm với Workbook và cung cấp thông tin bổ sung để hỗ trợ Phần 1
Phần nào của tài liệu này cung cấp một cái nhìn tổng quan chi tiết về quy trình?,Phần 3. Planning Guide
Tôi có thể sử dụng tài liệu này như một nguồn độc lập không?,"Có, tài liệu này có thể được sử dụng như một nguồn độc lập."
Tài liệu này có thể được sử dụng cùng với Workbook và Research & Resources?,"Có, tài liệu này được khuyến khích sử dụng sau khi đã xem xét Workbook và Research & Resources."
Tài liệu này có sẵn dưới dạng file Microsoft Word?,"Có, tài liệu này có sẵn dưới dạng file Microsoft Word."
Đội ngũ tư vấn cho dự án này bao gồm những công ty nào?,Tu Consulting và MEM Consultants
Dự án này thuộc khu vực nào?,Chinatown International District
Quy trình này có thể được mô tả như thế nào?,"Quy trình này có thể được mô tả bằng các bước: đưa ra vấn đề và đánh giá, nhóm thảo luận, khám phá những thách thức và cơ hội, đồng thời xác định những điểm thay đổi kế hoạch."
Điều gì không hiệu quả trong lần tương tác trước?,Không có thông tin cụ thể về điều gì không hiệu quả trong lần tương tác trước.
Quý vị muốn biết điều gì trong quy trình này?,Không có thông tin cụ thể về điều gì quý vị muốn biết trong quy trình này.
Hội thảo 4 sẽ tập hợp tất cả mọi người để thảo luận về vấn đề gì?,hướng giải quyết của Ban Quản Trị Sound Transit
Cách thức tiếp cận để thu hút sự tham gia của cộng đồng?,"Liên Kết Cộng Đồng, Nâng cao nhận thức chung bao gồm phương tiện truyền thông, bài đăng trên mạng xã hội, phương tiện truyền thông dành cho dân tộc"
Mục tiêu của việc thu hút sự tham gia của cộng đồng?,Hướng tới thu hút sự tham gia ở mức độ Cộng Tác bất cứ khi nào có thể
Quy trình Cộng Đồng CID có những giá trị cốt lõi nào?,"Minh Bạch và Tin Cậy, Cộng Tác và Mục Đích Chung, Hồi tưởng quá khứ để tiến về tương lai, Tập trung cùng nhau làm việc vì lợi ích chung."
Giá trị Minh Bạch và Tin Cậy của Quy Trình Cộng Đồng CID bao gồm những gì?,"Rõ ràng và công khai về quy trình cũng như việc ra quyết định, Báo cáo lại cách dữ liệu nhận được và ý kiến góp ý đã được sử dụng hoặc cung cấp thông tin về công việc."
Mục tiêu chung của Quy Trình Cộng Đồng CID là gì?,Tập trung cùng nhau làm việc vì lợi ích chung.
Làm thế nào để chúng ta có thể chấp nhận những khác biệt về quan điểm một cách tôn trọng?,Chấp nhận những khác biệt về quan điểm một cách tôn trọng và mang tính xây dựng.
Tại sao chúng ta cần cởi mở với những sai lầm?,"Cởi mở với những sai lầm, học hỏi và cải thiện theo thời gian."
Làm thế nào để chúng ta có thể tạo không gian để mọi người thoải mái chia sẻ ý kiến?,Tạo không gian để mọi người thoải mái chia sẻ ý kiến.
Mục tiêu chính của công việc là gì?,Xây dựng sự hiểu biết chung về gốc rễ của sự bất bình đẳng và hệ thống quyền lực.
Công việc ưu tiên những cộng đồng nào?,Những người và cộng đồng thiểu số cũng như những người bị ảnh hưởng nhiều nhất.
Công việc bao gồm những yếu tố nào?,"Bao gồm những cộng đồng đa dạng, tiếng nói, ý tưởng và thông tin cũng như công nhận các cộng đồng khác nhau một cách bình đẳng."
Cơ hội tham gia đa dạng được cung cấp như thế nào?,"Cung cấp nhiều cơ hội tham gia đa dạng, bao gồm đáp ứng nhu cầu của các nhóm và/hoặc nền văn hóa cụ thể."
Sự tham gia của mọi người được đảm bảo như thế nào?,Tạo ra sân chơi bình đẳng. Đảm bảo mọi người có thể tham gia một cách có ý nghĩa.
Rào cản đối với sự tham gia được giải quyết như thế nào?,"Giải quyết các rào cản đối với sự tham gia, chẳng hạn như ngôn ngữ, lỗ hổng kiến thức, logistics và vận chuyển và hỗ trợ gia đình."
Giá trị cốt lõi của CID là gì?,"Giá trị cốt lõi của CID bao gồm đầu tư vào việc xây dựng năng lực và kiến thức cộng đồng, đảm bảo hỗ trợ ngôn ngữ chất lượng cao và quý trọng thời gian của các thành viên trong cộng đồng."
Quy trình của CID phản ánh các giá trị cốt lõi như thế nào?,"Quy trình của CID có thể phản ánh các giá trị cốt lõi của khu, bao gồm đầu tư vào việc xây dựng năng lực và kiến thức cộng đồng, đảm bảo hỗ trợ ngôn ngữ chất lượng cao và quý trọng thời gian của các thành viên trong cộng đồng."
Tại sao CID trả thù lao cho việc tham gia?,CID trả thù lao cho việc tham gia để quý trọng thời gian của các thành viên trong cộng đồng.
Những giá trị này có ý nghĩa thế nào đối với dự án này?,Những giá trị này có ý nghĩa quan trọng đối với dự án này.
Chúng ta nên chú ý điều gì để đảm bảo các giá trị và nguyên tắc này hoạt động hiệu quả trong dự án này?,Chúng ta nên chú ý điều gì để đảm bảo các giá trị và nguyên tắc này hoạt động hiệu quả trong dự án này.
Dự án này có thể giúp đáp ứng các mục tiêu cho khu vực của quý vị như thế nào?,Dự án này có thể giúp đáp ứng các mục tiêu cho khu vực của quý vị như Chinatown - International District - Neighborhood Strategic Plan 2022 - 2032.
Lĩnh vực vấn đề và mối quan tâm hàng đầu của cộng đồng là gì?,An toàn công cộng là mối quan tâm thường xuyên nhất và được cộng đồng lên tiếng mạnh mẽ nhất cho đến nay.
An toàn công cộng là vấn đề gì?,An toàn công cộng phải được giải quyết trước tiên.
Cộng đồng CID coi trọng vấn đề gì?,Các hoạt động tôn vinh truyền thống văn hóa.
Văn hóa của CID được thể hiện như thế nào?,Bằng việc duy trì bản sắc văn hóa và tôn vinh lịch sử và văn hóa của khu.
Tại sao tập trung vào trải nghiệm của cư dân và doanh nghiệp ở CID?,Tập trung vào trải nghiệm của cư dân và doanh nghiệp ở CID là điều quan trọng.
Những lĩnh vực nào được xác định là ưu tiên?,"Sức mạnh kinh doanh và kinh tế; đặc điểm, văn hóa & lịch sử của khu; nhà ở; giao thông vận tải và tính di động; không gian công cộng; và sự năng động của cộng đồng."
Tại sao những người trả lời khảo sát cộng đồng muốn ưu tiên tiếng nói và nhu cầu của những người sống trong và/hoặc sở hữu các doanh nghiệp ở CID?,Những người trả lời khảo sát cộng đồng thường bày tỏ mong muốn ưu tiên tiếng nói và nhu cầu của những người sống trong và/hoặc sở hữu các doanh nghiệp ở CID.
Mục tiêu chính của chiến lược BES là gì?,"Phát triển các doanh nghiệp trong khu, bao gồm cả việc duy trì các doanh nghiệp lâu đời/kế thừa mong muốn ở lại CID."
Chiến lược nào được đề cập trong mục tiêu 2 của BES?,Chiến lược 2-A và 2-B
Mục đích của chiến lược 2-A là gì?,"Ổn định, hỗ trợ, củng cố và ngăn chặn sự di dời của các doanh nghiệp ở CID"
Khu vực này có gì đặc biệt về hoạt động xã hội?,"Khu thông qua tăng cường các hoạt động xã hội, cộng đồng và kinh doanh vào ban ngày cũng như buổi tối."
Mục tiêu của khu vực này là gì?,Trung tâm văn hóa và lịch sử Châu Á cho bản sắc của CID được bảo tồn và tôn vinh.
Khu vực này muốn thu hút những loại doanh nghiệp nào?,"Các doanh nghiệp bổ sung và đa dạng về sắc tộc trong khu góp phần tạo nên nét riêng biệt, giàu bản sắc văn hóa cho khu."
Mục tiêu của việc cải thiện và xây dựng các không gian công cộng là gì?,"Cải thiện và xây dựng các không gian công cộng để các không gian đó thân thiện và an toàn, tôn vinh lịch sử và văn hóa của CID, nuôi dưỡng sức khỏe và tinh thần, cho phép kết nối cộng đồng và thu hút khách hàng."
Các không gian công cộng được xây dựng để phục vụ mục đích gì?,"Các không gian công cộng được xây dựng để thân thiện và an toàn, tôn vinh lịch sử và văn hóa của CID, nuôi dưỡng sức khỏe và tinh thần, cho phép kết nối cộng đồng và thu hút khách hàng."
Mục tiêu của việc khuyến khích sử dụng đất hỗn hợp có chủ đích là gì?,"Khuyến khích sử dụng đất hỗn hợp có chủ đích (khu dân cư, thương mại, không gian công cộng) để nuôi dưỡng sức khỏe và tinh thần, cho phép kết nối cộng đồng và thu hút khách hàng."
Mục tiêu của việc cải tạo các tòa nhà lịch sử là gì?,Khai thác sự phát triển mong muốn đồng thời tránh sự di dời của cư dân và doanh nghiệp hiện có.
Các chiến lược mới nào sẽ được xem xét để hỗ trợ chủ sở hữu tòa nhà?,"Các chiến lược mới để cung cấp hỗ trợ tài chính, khuyến khích và hỗ trợ kỹ thuật."
Hướng dẫn nào sẽ được triển khai để hỗ trợ các giá trị cộng đồng?,Các hướng dẫn đã sửa đổi cho Khu Vực Đánh giá Đặc Biệt Quốc Tế (ISRD).
Mục tiêu của lĩnh vực nhà ở là gì?,"Cung cấp nhà ở cho cả cư dân lâu năm/hiện tại, đặc biệt là người lớn tuổi và các gia đình, và cho những cư dân có thể củng cố cơ sở khách hàng để hỗ trợ các doanh nghiệp của khu."
Chiến lược nào được đề cập để ngăn chặn việc di dời dân cư?,"Ngăn chặn việc di dời dân cư, đặc biệt là những người lớn tuổi lâu năm và dễ bị tổn thương; và cung cấp các cơ hội để sửa chữa/hoàn tác sự di dời đã xảy ra."
Mục tiêu của chiến lược 4-B là gì?,Giảm thiểu rủi ro và giải quyết tình trạng vô gia cư cũng như trục xuất.
Hướng tới sự kết hợp nhà ở cân bằng như thế nào?,Hướng tới sự kết hợp nhà ở cân bằng giữa khả năng chi trả và loại hình nhà ở.
Giải quyết mối quan tâm của người thuê nhà như thế nào?,Giải quyết các mối quan tâm của người thuê nhà về việc bảo trì và an ninh tòa nhà.
Hỗ trợ chủ sở hữu tòa nhà như thế nào?,Hỗ trợ và giải quyết nhu cầu của chủ sở hữu tòa nhà trong mối quan hệ của họ với khách thuê.
Mục tiêu chính của lĩnh vực Giao Thông và Tính Di Động là gì?,"Dễ dàng đi lại bên trong, đến và từ khu, ưu tiên cư dân, đặc biệt là người lớn tuổi."
Nhu cầu nào được cân đối trong lĩnh vực Giao Thông và Tính Di Động?,Nhu cầu đậu xe của nhiều loại người dùng khác nhau; an toàn cho người đi bộ; và giao thông công cộng.
Giải pháp nào được đề cập để giải quyết vấn đề về giao thông và tắc nghẽn?,Giải quyết vấn đề về giao thông và tắc nghẽn có tác động tiêu cực đến CID.
Mục tiêu của Lĩnh Vực Vấn Đề 6 là gì?,"Một CID bao gồm các nhóm đa dạng và qua nhiều thế hệ, những người sử dụng tiếng nói và quyền lực tập thể để cộng đồng tự quyết trong quá trình tăng trưởng và phát triển của CID."
Chiến lược nào được đề cập trong Lĩnh Vực Vấn Đề 6 để giải quyết sự chia rẽ?,"Giải quyết sự chia rẽ giữa các cộng đồng và giữa các thế hệ, thúc đẩy sự hợp tác và xây dựng CID đa dạng."
Mục tiêu của Chiến lược 6-A là gì?,Thúc đẩy sự hợp tác và xây dựng CID đa dạng.
Mục tiêu của việc hỗ trợ lãnh đạo cộng đồng là gì?,Gắn kết công dân và xây dựng kiến thức.
Cộng đồng sẽ mang đến tiếng nói và sự ủng hộ mạnh mẽ cho những gì?,Các dự án và chính sách bên ngoài.
Cơ sở hạ tầng công cộng sẽ được duy trì bao gồm những gì?,"Đường, vỉa hè, công viên và không gian công cộng."
Mục tiêu chính của lĩnh vực An Toàn và Sức khỏe Cộng đồng là gì?,"An toàn, sức khỏe và tinh thần của cá nhân cũng như cộng đồng."
Lĩnh vực An Toàn và Sức khỏe Cộng đồng bao gồm mục tiêu nào?,Giải quyết các vấn đề an toàn công cộng của cộng đồng.
Một phương tiện khả thi để kiểm soát cộng đồng và tự quyết nhiều hơn là gì?,Khám phá quyền sở hữu của cộng đồng đối với tài sản thương mại và nhà ở.
Vai trò và cấp độ mong muốn của cộng đồng và chính quyền Thành phố là gì?,"Đồng, bao gồm các vai trò và cấp độ mong muốn của cộng đồng và/hoặc chính quyền Thành phố."
Dự án này có mục tiêu gì?,Dự án này có thể giúp đáp ứng các mục tiêu cho khu vực
Chúng tôi hỗ trợ dự án như thế nào?,"Chúng tôi hỗ trợ các dự án thực tế và cải thiện vật chất trong khu để tạo ra không gian sôi động kết nối với phương tiện giao thông, đường phố và công viên"
Các hoạt động cụ thể mà chúng tôi hỗ trợ?,"Duy trì và cải thiện diện mạo và duy trì khu vực bằng cách giải quyết việc xóa hình vẽ bậy, bảo tồn sức khỏe của cây cối, duy trì các con hẻm và bảo tồn các di sản lịch sử"
Mục tiêu của việc làm việc với Ban Bảo Tồn Pioneer Square là gì?,"Làm cho quá trình dễ tiếp cận, minh bạch và hiệu quả hơn"
Mục tiêu của việc nuôi dưỡng và thúc đẩy các kết nối vùng lân cận là gì?,Nuôi dưỡng và thúc đẩy các kết nối vùng lân cận với bờ sông và Chinatown International District thông qua đường dành cho người đi bộ và kích hoạt không gian công cộng
Mục tiêu của việc liên hệ với Thành Phố Seattle là gì?,"Điều phối tốt hơn các mốc thời gian và sự gián đoạn xây dựng, quản lý không gian hạn chế, đường cho người đi bộ và phương tiện, vệ sinh địa điểm và cân nhắc về an toàn"
Các kế hoạch dự án công cộng nào sẽ tiếp tục được thực hiện?,Công Viên & Cổng Vào Pioneer Square và Dự Án Cảnh Quan Pioneer Square
Mục tiêu của việc hỗ trợ các sáng kiến khu vực lân cận?,Cải thiện các con hẻm thành không gian công cộng
Các vấn đề nào sẽ được giải quyết khi kết nối với chủ sở hữu bất động sản và những người khác?,"Tình trạng các tòa nhà bỏ trống, đổ nát và không được sử dụng"
Chúng tôi ủng hộ khu vực lân cận và các vấn đề ảnh hưởng đến Pioneer Square ở cấp nào?,"thành phố, quận và tiểu bang"
Chúng tôi ủng hộ các quy trình gì?,các quy trình cân bằng và thúc đẩy việc lập kế hoạch cũng như thiết kế công tốt
Chúng tôi ủng hộ các dự án nào?,"các dự án trong tương lai, bao gồm Bến Cảng/Pier 46, Điểm Kết Nối Thành Phố Trung Tâm, Sound Transit 3, Chương Trình Bờ Sông Seattle và những dự án khác khi cần"
Mục tiêu chính của công việc là gì?,"Nỗ lực để không ngừng nâng cao tính văn minh, sức khỏe cộng đồng và an toàn công cộng"
Làm thế nào để giải quyết các vấn đề về văn minh và trật tự đường phố?,Xây dựng các biện pháp hỗ trợ bổ sung để cung cấp cho tất cả các bên liên quan các lộ trình hành động rõ ràng
Công việc có liên quan đến việc hỗ trợ quyền sử dụng nhà vệ sinh công cộng không?,Ủng hộ quyền sử dụng nhà vệ sinh công cộng
Mục tiêu của tổ chức là gì?,Phát triển nguồn lực và hỗ trợ cho các doanh nghiệp trong khu vực.
Tổ chức muốn tạo điều kiện gì cho các doanh nghiệp?,Tạo điều kiện thuận lợi cho các kết nối giữa các doanh nghiệp để thúc đẩy xúc tiến và hợp tác chéo.
Tổ chức muốn làm gì với các cơ hội kinh doanh?,Xác định và tận dụng các cơ hội kinh doanh trong các dự án hiện tại và tương lai.
Bạn làm việc với ai để giúp họ hiểu và làm việc hiệu quả trong khu lịch sử?,"Các doanh nghiệp hiện tại và tiềm năng, chủ sở hữu bất động sản, nhà phát triển và nhà đầu tư"
Bạn xây dựng mối quan hệ với ai?,Nhân viên của các doanh nghiệp trong khu
Bạn tạo ra một nền văn hóa như thế nào?,Một nền văn hóa cải tiến và điều chỉnh liên tục xung quanh các mục tiêu chung
Mục tiêu chính của khu vực công cộng này là gì?,Nâng cao năng lực lãnh đạo và sự tham gia của khu vực lân cận thông qua hội đồng quản trị của chúng tôi.
Khu vực công cộng này sẽ tập trung vào việc hỗ trợ những nhóm nào?,"Những người khuyết tật, người da màu và các nhóm bị thiệt thòi trước đây."
Khu vực công cộng này sẽ có một trang tổng quan như thế nào?,Trang tổng quan có tổ chức để theo dõi tiến trình.
Các chủ đề phổ biến nào đang tồn tại?,Di sản trong quá khứ làm tổn hại đến cộng đồng do các dự án và chính sách công gây ra vẫn đang tồn tại cho đến ngày nay và mối quan ngại lớn về việc di dời cư dân và doanh nghiệp trong Khu Phố Tàu-Quốc Tế (CID)
Tại sao Khu Phố Tàu-Quốc Tế (CID) được coi trọng?,Khu Phố Tàu-Quốc Tế (CID) được coi trọng vì là nơi tập trung và xây dựng của cải cộng đồng
Mối quan ngại lớn về Khu Phố Tàu-Quốc Tế (CID) là gì?,Mối quan ngại lớn về Khu Phố Tàu-Quốc Tế (CID) là tiềm ẩn khả năng mất bản sắc văn hóa và quyền sở hữu đất đai của cộng đồng
Mục tiêu của việc hỗ trợ đầu tư vào các không gian công cộng là gì?,"Cải thiện khả năng kết nối giữa hai khu CID và Pioneer Square, nâng cao độ an toàn và cảm giác thân thuộc, đồng thời hỗ trợ cải thiện trải nghiệm cho hành khách khi sử dụng các dịch vụ vận tải."
Liên quan đến việc Union Station và quảng trường hoạt động trở lại?,"Có, mối quan tâm đến việc đưa Union Station và quảng trường hoạt động trở lại."
"Những thắc mắc và quan ngại của khu phố, cộng đồng và nền kinh tế là gì?","Những thắc mắc và quan ngại về các tác động trực tiếp, gián tiếp và tích lũy đến khu phố, cộng đồng và nền kinh tế."
Những thắc mắc và quan ngại về các tác động của việc xây dựng 4th Avenue South là gì?,"Những thắc mắc và quan ngại về các tác động về xây dựng của những lựa chọn thay thế khác cho 4th Avenue South, bao gồm cả mối quan tâm đến việc tìm cách giảm thời gian, chi phí xây dựng và các tác động đến giao thông và vận tải."
Những sự kiện nào có thể làm tăng lượng người sử dụng từ các sân vận động và các sự kiện cộng đồng?,Những sự kiện làm tăng lượng người sử dụng từ các sân vận động và các sự kiện cộng đồng.
Mọi người sẽ đi lại và tiếp cận các công trình xây dựng như thế nào?,Mọi người sẽ đi lại và tiếp cận các công trình xây dựng.
Dịch vụ trong quá trình xây dựng có ảnh hưởng đến vận tải và khả năng lưu thông dành cho người đi bộ không?,"Có, dịch vụ trong quá trình xây dựng có ảnh hưởng đến vận tải và khả năng lưu thông dành cho người đi bộ."
Dịch vụ trong quá trình xây dựng có ảnh hưởng đến chất lượng không khí không?,"Có, dịch vụ trong quá trình xây dựng có ảnh hưởng đến chất lượng không khí."
Dịch vụ trong quá trình xây dựng có ảnh hưởng đến sức khỏe của người dân không?,"Có, dịch vụ trong quá trình xây dựng có ảnh hưởng đến sức khỏe của người dân."
Tại sao cần áp dụng Bộ Công Cụ Tương Tác CID?,"hợp về văn hóa đối với các câu hỏi, ý tưởng, giải pháp và biện pháp giảm thiểu còn lại"
Có những lựa chọn thay thế nào được nghiên cứu?,Hỗ trợ cho một trạm trong tuyến đường hầm nông và nhiều yêu cầu làm trạm nông hơn
Tại sao có nhiều mối quan tâm hơn đến việc di dời địa điểm kinh doanh?,Do việc di dời địa điểm kinh doanh và tác động về xây dựng đối với khu phố CID.
Mối quan tâm nào được đặt ra với việc xây dựng trạm mới?,Mối quan tâm đến việc tiếp tục tìm cách giải quyết những khó khăn có thể xảy ra với bất kỳ trạm mới nào đang được xây dựng.
Có bao nhiêu lối vào Weller Street?,"3 lối vào (thang máy, thang cuốn, thang bộ)"
Tên của 2 ga tàu điện ngầm gần nhất?,Union Station và King Street Station
Trạm có bao nhiêu lối vào?,"Có ít nhất 3 lối vào: 4th Ave S, 5th Ave S và Lối vào Union Station"
Sơ đồ trạm được tạo ra để phục vụ mục đích gì?,Sơ đồ trạm được tạo ra để minh họa và không phải là bản sao chính xác của trạm
Trạm có thiết kế kiến trúc và cảnh quan chưa hoàn thiện?,"Có, thiết kế kiến trúc và cảnh quan của trạm chưa hoàn thiện"
Có bao nhiêu lối vào cho Trạm?,"3 lối vào: Weller Street (thang máy), Weller Street (thang bộ), Union Station (thang cuốn, thang bộ, thang máy trong tòa nhà)"
Lối vào Weller Street ở đâu?,Lối vào Weller Street (thang cuốn)
Thang máy đến thềm đứng chờ ở đâu?,80' từ 4th Avenue South đến thềm đứng chờ
Lối vào trạm Weller Street có gì?,Lối vào Weller Street có thang cuốn.
Sơ đồ trạm Weller Street được sử dụng cho mục đích gì?,Sơ đồ trạm Weller Street được sử dụng cho mục đích minh họa.
Thiết kế kiến trúc và cảnh quan của trạm Weller Street đã hoàn thiện chưa?,Thiết kế kiến trúc và cảnh quan của trạm Weller Street chưa hoàn thiện.
Trạm Sounder có lối vào ở đâu?,Lối vào trạm Sounder
Trạm hiện tại có tên là gì?,Trạm 4th Ave Shal-low
Tại sao cần nghiên cứu thêm về ý tưởng thiết kế và xây dựng ở Vùng 4th Ave?,Để giảm thiểu tác động xây dựng đến khu dân cư
Mục tiêu của việc khám phá các phương pháp giảm chi phí và thời gian xây dựng?,Để giảm thiểu chi phí và thời gian xây dựng
Mục tiêu của việc xác định các chiến lược cho các tuyến đường vòng và bảo trì lối vào?,Để xác định các chiến lược cho các tuyến đường vòng và bảo trì lối vào trong quá trình xây dựng
Mục đích của các biểu đồ trong văn bản?,Các biểu đồ chỉ là một đại diện khoảng đúng về cấu hình của trạm để minh họa mục đích chỉ dẫn.
Trạng thái của thiết kế kiến trúc và cảnh quan của trạm?,Thiết kế kiến trúc và cảnh quan của trạm chưa được hoàn thành.
Cầu cho người đi bộ nào được đề cập?,Cầu Cho Người Đi Bộ Weller Street
Mục tiêu của dự án là gì?,"Hướng tới cộng đồng, cải tiến thiết kế và an toàn đối với phần đường dành cho người đi bộ của 4th Avenue South."
Dự án sẽ tập trung vào khu vực nào?,Khu mua sắm công cộng và không gian xung quanh Union Station.
Sơ đồ trong dự án có ý nghĩa gì?,"Sơ đồ chỉ thể hiện gần đúng hình dạng của trạm với mục đích minh họa, thiết kế kiến trúc và cảnh quan của trạm chưa hoàn thiện."
Địa điểm King Street Station nằm ở đâu?,King Street Station nằm ở đường 1st Ave S và 2nd Ave S
Cơ sở Lumen Field nằm ở đâu?,Lumen Field nằm ở đường 1st Ave S và 2nd Ave S
Tôi cần liên lạc với Sound Transit bằng cách nào?,Bạn có thể liên lạc với Sound Transit qua email wsblink@soundtransit.org hoặc số điện thoại 206-903-7229.
"Tôi muốn đăng ký nhận email dự án của Sound Transit, làm thế nào?",Bạn có thể truy cập trang web của Sound Transit và đăng ký nhận email dự án.
"Tôi muốn biết thông tin về Sound Transit bằng ngôn ngữ khác, có thể nào?","Có, bạn có thể chọn ngôn ngữ khác như Español, Tagalog hoặc Thông Dịch Viên thông qua trang web của Sound Transit."
Địa chỉ của sự kiện nhà mở trực tuyến là?,https://wsblink-vietnamese.participate.online/#further-studies
Sự kiện tham quan được tổ chức vào ngày nào?,Ngày 13 tháng 10 năm 2022
Ai phụ trách tổ chức sự kiện?,"Đội ngũ nhân viên của Sound Transit cùng các cơ quan đối tác, cố vấn, Nhân Viên Kết Nối Cộng Đồng và thông dịch viên tiếng Quảng Đông và Quan Thoại"
Những người tham gia hội thảo được mời chia sẻ về điều gì?,Cách quy trình này phản ánh các giá trị cốt lõi và hỗ trợ các mục tiêu của khu phố
Ý kiến của quý vị sẽ được sử dụng để làm gì?,Định hình cách xây dựng trạm trung chuyển Link ở South Downtown
Cộng đồng có thể góp ý về các vấn đề gì?,"Thiết kế, xây dựng, thiết kế đô thị và cơ hội giữ chỗ cho lựa chọn thay thế 4th Shallow"
Quy trình tương tác này có thể phản ánh các giá trị cốt lõi của khu phố như thế nào?,Quy trình tương tác này có thể phản ánh các giá trị cốt lõi của khu phố thông qua việc áp dụng Bộ Công Cụ Tương Tác CID và các giá trị cốt lõi của khu phố được bao gồm trong bộ công cụ này.
Bộ Công Cụ Tương Tác CID có vai trò gì trong quy trình tương tác?,Bộ Công Cụ Tương Tác CID được áp dụng để phục vụ dự án.
Ý kiến phản hồi của cộng đồng sẽ được sử dụng như thế nào?,"Ý kiến phản hồi của cộng đồng sẽ định hình cách tiếp cận, nội dung và các hoạt động tương tác cộng đồng trong tương lai và những điều chúng tôi nghiên cứu thêm."
Các dự án nào đã được xem xét để rút ra bài học kinh nghiệm?,Các dự án quy hoạch trạm đường sắt nhẹ trước đây (như ở Rainier Valley) và các dự án cơ sở hạ tầng khác tại CID (như First Hill Streetcar).
Tại sao cần tương tác và thu thập ý kiến đóng góp trong dự án?,Để nhờ đó các mối quan hệ và quyết định được đưa ra tốt hơn.
Địa chỉ của sự kiện nhà mở trực tuyến là gì?,https://wsblink-vietnamese.participate.online/#further-studies
Tại sao chúng ta nên ưu tiên tương tác dựa trên tiêu chí bình đẳng?,Để tập trung vào các kết quả bình đẳng và xem xét tiêu chí bình đẳng chủng tộc và di sản của các tác động tích lũy trong cả ngắn hạn và dài hạn.
Tại sao chúng ta nên thường xuyên tương tác và tìm cách trở thành một thành viên của cộng đồng?,Để tạo dựng lòng tin.
Khi nào thì tôi sẽ hiểu được những tác động tiềm ẩn của từng phương án?,Khi đi vào hoạt động trong quy trình sắp tới.
Cách nào để làm cho các tài liệu và hoạt động trở nên hấp dẫn và dễ tiếp cận?,"Tập trung vào các giá trị của cộng đồng, tính dễ hiểu và cung cấp bản dịch và dịch vụ thông dịch."
Dự án này có thể giúp đáp ứng các mục tiêu cho khu vực của tôi như thế nào?,Dự án này có thể giúp đáp ứng các mục tiêu cho khu vực của quý vị.
Mục tiêu chính của dự án là gì?,"Kết nối Pioneer Square và CID hiệu quả hơn, đồng thời cung cấp các công trình cải tạo quy mô lớn cho người đi bộ và công trình cải tạo khả năng tiếp cận."
Các trạm nào sẽ được mở cửa trong dự án?,"Trạm Union, Trạm King Street, quảng trường phía trên trạm hiện có và các không gian công cộng khác có người đi bộ qua lại."
Có mối quan ngại gì trong dự án?,Mối quan ngại về việc làm thế nào để cân bằng các tác động ngắn hạn của công trình xây dựng tại CID với các lợi ích dài hạn của phương tiện công cộng trong khu vực.
Mong muốn của cộng đồng là gì?,Duy trì và bảo tồn các công viên trong khu phố và không gian tụ họp cộng đồng.
Cộng đồng quan tâm đến vấn đề gì?,Trải nghiệm trung chuyển dễ dàng và trạm dễ tiếp cận.
Dự án cần đáp ứng điều kiện gì?,Phù hợp với các khoản đầu tư của Thành Phố cho nhà ở và các cơ hội kinh doanh.
Mục tiêu dài hạn của thiết kế trạm là gì?,Cung cấp khả năng tiếp cận CID với giá cả phải chăng và bình đẳng cho các thế hệ tương lai
Thiết kế trạm nên có những đặc điểm gì?,"Dễ tiếp cận, không sâu, kết nối với các phương tiện công cộng khác và nâng cao cảm giác an toàn"
Sự kiện nhà mở trực tuyến của công ty sẽ diễn ra vào ngày tháng 10 năm 2022 tại địa chỉ nào?,https://wsblink-vietnamese.participate.online/#further-studies
Những quan ngại lớn của cộng đồng liên quan đến việc chỉnh trang đô thị và di dời là gì?,Khả năng cộng đồng sẽ không còn khả năng chi trả cho các sản phẩm và dịch vụ trong khu phố và cơ hội tiếp cận các phương tiện công cộng được mở rộng trong khu vực.
Mối quan tâm của cộng đồng về việc cải tạo là gì?,Lựa chọn thay thế 4th Avenue
Mối quan ngại về lựa chọn thay thế 5th là gì?,"Tạo ra các rào cản thực tế và rào cản quan sát trong quá trình xây dựng, ảnh hưởng đến các hoạt động kinh doanh và vấn đề an toàn"
Trạm thứ hai tại CID được sử dụng để làm gì?,Cung cấp trung tâm phương tiện công cộng trong khu vực
Tại sao không nên đặt trạm ở nơi khác?,Để tránh các tác động và bảo vệ cộng đồng.
Tại sao mối quan ngại về việc đặt trạm ở nơi khác?,Mối quan ngại về việc một trạm ở nơi khác sẽ quá xa để có thể kết nối.
Tại sao cần đặt trạm ở vị trí trung tâm?,Để có thể kết nối các phương tiện công cộng trong khu vực.
Mối quan ngại về trạm trong CID là gì?,Một trạm trong CID không hỗ trợ các mục tiêu hoặc giá trị của khu phố.
Các nghiên cứu tiếp theo sẽ tập trung vào vấn đề gì?,Các ý tưởng thiết kế và xây dựng 4th Shallow
Mối quan tâm về việc di dời lối thoát hiểm và hệ thống thông gió là gì?,Di dời lối thoát hiểm và hệ thống thông gió của tòa nhà từ mặt tiền Trạm Union đến vị trí khác trong quá trình thay đổi kế hoạch thực hiện lựa chọn thay thế 4th Shallow
Mối quan ngại của nhân viên về dự án xây dựng là gì?,Mối quan ngại về thời gian thi công và tác động của công trình xây dựng
Nhân viên có đề xuất gì để giảm thiểu tác động của dự án?,Kiến nghị để xem xét các phương pháp thi công khác nhau
Mối quan tâm của nhân viên về dịch vụ phương tiện công cộng là gì?,Mối quan tâm về việc khám phá cách di dời dịch vụ phương tiện công cộng trong quá trình xây dựng
Phương tiện công cộng đi qua khu vực nào?,phương tiện công cộng dọc 1st Avenue từ Edgar Martinez Drive S đến S Jackson Street
Tại sao cần đi đường vòng?,hạn chế tác động đến khu phố CID trong quá trình xây dựng
Làm thế nào để chuẩn bị không gian cộng đồng?,lắp đặt nắp đậy cho các đường ray xe lửa hiện có và sử dụng nắp đậy đó làm đường đi trong quá trình xây dựng
Mối quan tâm của công trình xây dựng là gì?,Mối quan tâm đến cơ hội tiềm năng với 4th Shallow để kết hợp các tác động của công trình xây dựng đến cộng đồng.
Địa chỉ của sự kiện nhà mở trực tuyến là gì?,https://wsblink-vietnamese.participate.online/#further-studies
Sự kiện nhà mở trực tuyến liên quan đến việc gì?,"đựng một trạm đường sắt nhẹ mới và cải tạo giao lộ của S Jackson St, 4th Avenue S, và 2nd Avenue S"
Tại sao cần có thang máy và thang cuốn?,Để đáp ứng khả năng tiếp cận theo Đạo Luật Người Mỹ Khuyết Tật (ADA) và thuận tiện cho việc đi lại.
Thế nào là ưu tiên khi tuyển dụng?,Ưu tiên kinh nghiệm lái xe lâu năm và khả năng tiếp cận khu phố.
Mục tiêu chính của dự án?,Tập trung vào việc trung chuyển và khả năng tiếp cận.
Mục tiêu chính của dự án là gì?,"Phòng, tập trung vào khả năng tiếp cận theo ADA, thiết kế hợp lý công trình kết nối giữa các trạm đường sắt nhẹ mới và hiện có và xem xét áp dụng cấp độ sảnh chờ để giúp sảnh chờ trở nên hấp dẫn, tạo cảm giác an toàn và thu hút hành khách ghé thăm CID."
Đối tượng trọng tâm trong các nghiên cứu tiếp theo là gì?,Cơ hội giữ chỗ trong đô thị và thiết kế 4th Shallow
Sử dụng và thiết kế 4th Avenue ưu tiên phương tiện nào?,"Phương tiện công cộng, người đi bộ"
Mục tiêu của việc cải tiến thiết kế và an toàn cho khu vực đường phố công cộng là gì?,Cải tiến thiết kế và an toàn cho khu vực đường phố công cộng để khuyến khích người dân đi xe đạp.
Mối quan tâm về việc mở cửa Trạm Union là gì?,Mở cửa Trạm Union để tạo không gian cho các sự kiện cộng đồng và dịch vụ cho hành khách trung chuyển.
Mục tiêu của việc xây dựng tính hấp dẫn cho không gian trong Great Hall là gì?,Cung cấp không gian cho các sự kiện cộng đồng và dịch vụ cho hành khách trung chuyển.
Trạm mới có thể góp phần vào vấn đề an toàn như thế nào?,Các câu hỏi về cách một trạm mới có thể góp phần vào những quan ngại hiện có về vấn đề an toàn.
Trạm mới có thể ưu tiên những yếu tố gì?,Ưu tiên các cân nhắc về an toàn và khả năng dễ dàng tiếp cận cho người đi bộ hoặc người đi xe lăn.
Trạm mới có thể tạo không gian xanh như thế nào?,"Tận dụng các cơ hội để tạo không gian xanh, tăng độ che phủ của cây cối hoặc thêm cảnh quan trong không gian công cộng."
Mục tiêu của việc thêm cảnh quan trong không gian công cộng là gì?,Không có thông tin cụ thể về mục tiêu của việc thêm cảnh quan trong không gian công cộng.
Các lối ra vào và lối thoát hiểm của trạm có thể phục vụ tốt nhất cho các doanh nghiệp cộng đồng như thế nào?,Các lối ra vào và lối thoát hiểm của trạm có thể phục vụ tốt nhất cho các doanh nghiệp cộng đồng thông qua việc xem xét cách chúng có thể được sử dụng.
Địa chỉ truy cập sự kiện nhà mở trực tuyến là gì?,https://wsblink-vietnamese.participate.online/#further-studies
Mong muốn chung của các trạm là gì?,Các kết cấu đảm bảo an toàn và bảo mật mạnh mẽ
Mối quan ngại của nhân viên về việc xây dựng CID?,Mối quan ngại về nhà ở giá cả phải chăng và cách trạm đường sắt nhẹ mới có thể góp phần làm tăng giá trị bất động sản trong CID.
Mong muốn của nhân viên về việc xây dựng CID?,Mong muốn đơn giản hóa việc trung chuyển sang các phương tiện giao thông khác cũng như cải thiện mức độ an toàn cho người đi bộ và đường phố xung quanh bất kỳ trạm nào trong tương lai.
"Lý do nhân viên muốn giảm thiểu tiếng ồn, độ rung lắc và giao thông/cấm đường?",Để tránh tác động đến hoạt động kinh doanh.
Phương án nào được ưu tiên trong tương lai?,Công trình trong đường hầm
Mối quan ngại chung về các sự kiện sân vận động là gì?,Tác động của đám đông đến CID
Trạm nằm ở đâu?,"Trạm nằm ở phía nam của CID, gần các sân vận động, hoặc phía bắc của Royal Brougham Way, hoặc phía bắc của CID, tại Pioneer Square."
Vị trí trạm có tiềm năng trở thành trung chuyển thuận tiện?,"Có, vị trí trạm có khả năng trở thành một vị trí trung chuyển thuận tiện với khả năng tiếp cận các sân vận động."
Vị trí trạm có gần khu dân cư và doanh nghiệp?,"Không, vị trí trạm dường như cách xa khu dân cư và các doanh nghiệp trong CID."
Trạm Pioneer Square nằm ở đâu?,"Trạm nằm ở phía Tây của Sounder và Amtrak, giữa Lumen Field và Trạm King Street."
Tại sao trạm Pioneer Square được điều chỉnh ra xa hơn về phía đông?,Để tránh khu vực CID và công trình kết nối trung chuyển tại đó.
Trạm Pioneer Square có thể được xây dựng tại các vị trí nào?,"Trạm có thể được xây dựng tại các bãi đỗ xe trong CID, chẳng hạn như 5th Ave và S Jackson St hoặc 5th Ave và S Washington St."
Mục đích chính của bảng thuật ngữ là gì?,Cung cấp cho viên chức bầu cử một tài nguyên toàn diện về những từ và cụm từ phổ biến được sử dụng trong việc điều hành bầu cử.
Bảng thuật ngữ này gồm bao nhiêu thuật ngữ?,1299 thuật ngữ và cụm từ.
Tại sao việc lập ra thuật ngữ bầu cử thống nhất hữu ích?,Để bảo đảm đồng nhất khi thông tin cho công chúng về bầu cử và bỏ phiếu.
Cách tốt nhất để hiểu định nghĩa thuật ngữ là gì?,Tham khảo viên chức bầu cử của tiểu bang và địa phương.
"Nếu có một thuật ngữ khác với định nghĩa trong bản thuật ngữ này, thì nên làm thế nào?",Tham khảo viên chức bầu cử của tiểu bang và địa phương.
Lá phiếu không được bầu là gì?,Lá phiếu mà cử tri không bỏ vào thùng phiếu hoặc không ghi nhận là đã bỏ phiếu trên máy điện tử ghi trực tiếp (DRE) trước khi rời phòng phiếu.
Đơn xin bỏ phiếu khiếm diện là gì?,Một ứng dụng để nhận lá phiếu khiếm diện.
Lá phiếu khiếm diện là gì?,Một lá phiếu được bỏ bởi cử tri khi không thể đến phòng phiếu.
Lá phiếu khiếm diện là gì?,Một lá phiếu được bầu của một cử tri không đích thân có mặt vào ngày bầu cử.
Lá phiếu khiếm diện có thể được gửi qua đường bưu điện?,"Có, một số khu vực sử dụng thuật ngữ này đồng nghĩa với lá phiếu được gửi qua đường bưu điện."
Lá phiếu khiếm diện có thể được sử dụng trong ngày bầu cử?,"Không, lá phiếu khiếm diện được sử dụng thay cho việc bỏ phiếu trực tiếp vào ngày bầu cử."
Cụm từ đồng nghĩa với bỏ phiếu sớm là gì?,Absentee Mail Process
Mẫu đơn nào được sử dụng để yêu cầu lá phiếu khiếm diện?,Absentee Ballot Request Form
Thủ tục bỏ phiếu khiếm diện được thực hiện như thế nào?,Những hành động theo quy định để viên chức bầu cử cứu xét lá phiếu khiếm diện.
Bỏ phiếu khiếm diện được hiểu là gì?,Bỏ phiếu bằng lá phiếu khiếm diện.
Ai được coi là cử tri khiếm diện?,Cử tri khiếm diện được hiểu là người bỏ phiếu bằng lá phiếu khiếm diện.
Thuật ngữ được viên chức bầu cử sử dụng khi xem một cử tri có hội đủ điều kiện nộp đơn xin hoặc bỏ phiếu bằng lá phiếu khiếm diện hay không?,Absentee Voter Status
Kiểm Tra để Chấp Nhận là gì?,Kiểm tra hệ thống bỏ phiếu do cơ quan pháp quyền bầu cử mua sắm và xác nhận hiệu quả.
Khi nào thường xuyên Kiểm Tra để Chấp Nhận?,Trong môi trường sử dụng mô phỏng.
Thiết bị được giao có đáp ứng qui định về thu mua không?,"Có, thiết bị đã giao để bảo đảm những thiết bị này đáp ứng qui định về thu mua."
Hệ thống được giao đã được chứng nhận đúng loại hàng đã đặt mua không?,"Có, hệ thống được giao trên thực tế đã được chứng nhận đúng theo loại hàng đã đặt mua."
Access Control là gì?,"Access Control là quá trình cho phép hoặc từ chối các yêu cầu cụ thể để truy cập và sử dụng thông tin, và các dịch vụ xử lý thông tin liên quan, cũng như vào các cơ sở vật chất cụ thể."
Ai là cơ quan chịu trách nhiệm về việc tạo phương tiện hỗ trợ người bị khuyết tật?,Cơ quan liên bang độc lập có tên là Access Board (Hội Đồng Hỗ Trợ Người Khuyết Tật)
Mục tiêu chính của Access Board là gì?,Tạo phương tiện hỗ trợ người bị khuyết tật và cung cấp thông tin về thiết kế có tính khả dụng
Nguồn thông tin nào về thiết kế có tính khả dụng?,Access Board là một trong những nguồn thông tin hàng đầu về thiết kế có tính khả dụng
Phương tiện hỗ trợ là gì?,Phương tiện hỗ trợ là những đặc điểm có thể đánh giá được cho thấy mức độ sẵn có của một hệ thống và khả năng sử dụng của nó bởi các cá nhân có khuyết tật.
Những loại khuyết tật nào được đề cập?,"Những loại khuyết tật được đề cập bao gồm những liên quan đến thị giác, thính giác và vận động, cũng như những khuyết tật liên quan đến trí tuệ."
Mục tiêu của phương tiện hỗ trợ?,Mục tiêu của phương tiện hỗ trợ là hệ thống phải sẵn có và có thể sử dụng được bởi các cá nhân với khuyết tật.
Những tình trạng khuyết tật phổ biến nhất là gì?,"khuyết tật liên quan tới thị giác, thính giác và di chuyển, cũng như về nhận thức"
Mục đích của Accessibility Requirements là gì?,bảo đảm người bị khuyết tật có thể tham gia vào tiến trình bỏ phiếu
Accessibility Requirements bao gồm những yếu tố nào?,"Bộ luật, quy chế và thể thức áp dụng trong tiến trình bỏ phiếu"
Cơ sở tiếp nhận người khuyết tật là gì?,Một địa điểm đáp ứng tất cả luật lệ và quy chế để chắc chắn nơi này sẵn sàng và có thể đáp ứng cho người bị khuyết tật.
Phòng bỏ phiếu tiếp nhận người khuyết tật có gì?,Phòng bỏ phiếu được trang bị để đáp ứng cho người bị khuyết tật.
Có thể bầu lá phiếu được ở cơ sở tiếp nhận người khuyết tật không?,"Có, có thể bầu lá phiếu được."
Chứng Nhận là gì?,Sự công nhận chánh thức một phòng thí nghiệm có đủ năng lực làm những thử nghiệm hoặc kiểm chuẩn cụ thể.
Tổ Chức Chứng Nhận là gì?,Một tổ chức độc lập có trách nhiệm đánh giá hiệu suất của các tổ chức khác theo tiêu chuẩn được công nhận và chịu trách nhiệm về việc chứng nhận.
Tổ Chức Chứng Nhận có phải là cơ quan có thẩm quyền?,"Có, Tổ Chức Chứng Nhận là cơ quan có thẩm quyền thực hiện việc chứng nhận."
Ai có thẩm quyền chứng nhận?,Tổ chức có thẩm quyền chứng nhận
Giá trị nào được sử dụng để đánh giá sự chính xác của một phép đo?,Tiêu chuẩn được công nhận
Sự chính xác của một phép đo được định nghĩa là gì?,Closeness của sự đồng ý giữa kết quả của phép đo và một tiêu chuẩn được chấp nhận
Sự chính xác là gì?,Sự chính xác là một khái niệm về phẩm chất và không thay thế cho độ chính xác.
Độ chính xác có thể thay thế bằng gì?,Độ chính xác không thể thay thế bằng độ chính xác.
Mức độ phù hợp giữa phép đo và tiêu chuẩn cho phép đo đó được gọi là gì?,Mức độ phù hợp giữa phép đo và tiêu chuẩn cho phép đo đó được gọi là độ chính xác.
Hệ thống có thể xảy ra lỗi khi xử lý dữ liệu không?,"Có thể xảy ra lỗi, nhưng với tỷ lệ lỗi tối đa được định nghĩa trong yêu cầu"
Sự chính xác cần thiết trong quá trình bỏ phiếu là gì?,Tỷ lệ lỗi tối đa được phép khi thu thập một khối lượng dữ liệu cụ thể.
Activation Device là gì?,Là thiết bị được lập trình tạo ra thông tin cần thiết để bắt đầu một phiên bỏ phiếu sử dụng một phong cách phiếu bầu cụ thể.
Các ví dụ về Activation Device bao gồm?,Các ví dụ bao gồm cuốn sổ bỏ phiếu điện tử và máy kích hoạt thẻ.
Thiết bị bỏ phiếu được lập trình để làm gì?,Tạo thông tin xác thực cần thiết để bắt đầu phiên bỏ phiếu bằng cách sử dụng một dạng lá phiếu cụ thể.
Ví dụ về thiết bị bỏ phiếu?,Sổ thăm dò điện tử và công cụ mở thẻ chứa thông tin xác thực cần thiết để xác định dạng lá phiếu phù hợp cho cử tri.
Loại cử tri nào được sử dụng trong hệ thống bỏ phiếu?,Cử Tri Đã Ghi Danh Bỏ Phiếu
Thuật ngữ nào được viên chức bầu cử sử dụng khi hồ sơ của cử tri cho thấy cử tri này hội đủ điều kiện bỏ phiếu?,Thuật ngữ được viên chức bầu cử sử dụng là 'record'.
Tình trạng ghi danh bỏ phiếu có thể không chính xác khi nào?,Tình trạng ghi danh bỏ phiếu có thể không chính xác nếu thông tin đã thay đổi kể từ lần cuối cùng cử tri cập nhật hồ sơ của họ.
Lý do nào khiến lá phiếu cần phải phán quyết?,"Bầu cho người không có tên trong danh sách bầu cử, bỏ phiếu nhiều, dấu hiệu không rõ ràng trên lá phiếu, không chọn lựa nào trên lá phiếu hoặc lá phiếu không thể đọc được bởi máy quét."
Tiến trình nào được sử dụng để giải quyết lá phiếu?,Tiến trình giải quyết việc bỏ phiếu để phản ánh ý định của cử tri.
Lý do nào khiến lá phiếu không thể đọc được bởi máy quét?,Lá phiếu không thể đọc được bởi máy quét vì không có lựa chọn nào được chọn trên lá phiếu.
Lá phiếu nào sẽ không được đọc được bằng máy quét?,Lá phiếu không có nội dung lựa chọn được đánh dấu trên toàn bộ lá phiếu hoặc lá phiếu không thể đọc được bằng máy quét.
Lá phiếu nào được gọi là Adjudicated Ballot?,Một lá phiếu đã bỏ phiếu có nội dung lựa chọn phải được cứu xét.
Lá phiếu nào được gọi là Advance(d) Ballot?,Bỏ phiếu trước ngày bầu cử.
Thành viên của ủy ban cố vấn có phải là thành viên của một tổ chức?,"Không, thành viên của ủy ban cố vấn có thể là một cá nhân."
Ban cố vấn có phải là một nhóm cố vấn ràng buộc?,"Không, ban cố vấn cung cấp cố vấn sách lược không ràng buộc."
"Ban cố vấn thường được sử dụng trong công ty, tổ chức hay quỹ tài trợ?","Ban cố vấn thường được sử dụng trong công ty, tổ chức hoặc quỹ tài trợ."
Bản Khai Có Chứng Thệ là gì?,Tuyên ngôn bằng văn bản được xác nhận bằng tuyên thệ hoặc chứng thệ.
Bản Khai Chứng Thệ cho Phiếu Khiếm Diện được sử dụng cho mục đích gì?,Để yêu cầu lá phiếu khiếm diện được xác nhận bằng cách tuyên thệ hoặc chứng thệ.
Bản Khai Có Chứng Thệ được xác nhận bằng cách nào?,Bằng tuyên thệ hoặc chứng thệ.
Bản Khai Chứng Thệ của Người Lưu Hành là gì?,Là một tuyên ngôn bằng văn bản được xác nhận bằng cách tuyên thệ hoặc chứng thệ của người lấy chữ ký của cử tri trên một kiến nghị đề cử.
Bản Chứng Thệ Danh Tánh là gì?,Là một tài liệu chứa thông tin nhận dạng cá nhân được sử dụng để xác minh danh tính hoặc chữ ký của bạn.
Bản Chứng Thệ Danh Tánh được sử dụng để xác minh thông tin gì?,Để xác minh danh tính hoặc chữ ký của bạn.
Văn bản nào có thông tin nhận diện danh tánh cá nhân để xác nhận danh tánh hay chữ ký của quý vị?,Signature và Affidavit of Registration
Vai trò của thông tin nhận diện danh tánh cá nhân trong văn bản?,Để xác nhận danh tánh hay chữ ký của quý vị
Sự liên kết chính thức với một tổ chức là gì?,Affilication (Sự liên kết chính thức với một tổ chức)
Vai trò của sự liên kết trong việc bỏ phiếu?,Sự liên kết thường nói đến những cử tri ghi danh bỏ phiếu và liên kết chính thức với một đảng chính trị được công nhận.
Khe Hở (Air gap) là gì?,"Sự phân cách vật lý giữa những hệ thống nên phải chuyển dữ liệu bằng tiến trình bên ngoài, theo cách thủ công."
Kết nối internet có trong Khe Hở không?,Không có kết nối với internet hoặc các mạng kỹ thuật số khác.
Alert time (Thời Gian Cảnh Giác) được định nghĩa trong đoạn văn bản này?,"Không, Alert time (Thời Gian Cảnh Giác) không được định nghĩa trong đoạn văn bản này."
Thời gian chờ đợi của thiết bị bỏ phiếu là bao lâu?,Thiết bị bỏ phiếu sẽ chờ đợi cho đến khi có hoạt động phát hiện được từ cử tri sau khi đưa ra cảnh giác.
Trạng thái của thiết bị bỏ phiếu sau khi chờ đợi?,Thiết bị bỏ phiếu sẽ chuyển sang trạng thái không hoạt động và phải có sự can thiệp của viên chức phụ trách bầu cử.
Ai sẽ can thiệp khi thiết bị bỏ phiếu chuyển sang trạng thái không hoạt động?,Viên chức phụ trách bầu cử sẽ can thiệp khi thiết bị bỏ phiếu chuyển sang trạng thái không hoạt động.
Đạo Luật Người Mỹ Khuyết Tật (ADA) là gì?,Đạo Luật Người Mỹ Khuyết Tật (ADA) là một luật dân sự về quyền công dân mà cấm phân biệt đối xử với các cá nhân có khuyết tật trong tất cả các lĩnh vực của cuộc sống công cộng và tất cả các nơi công cộng và tư nhân mở cửa cho công chúng.
Mục đích của Alternative Format là gì?,"Cung cấp một cách khác để thu thập thông tin, như một lá phiếu của người khuyết tập."
Đạo Luật Người Mỹ Khuyết Tật (ADA) áp dụng ở đâu?,Tất cả các lĩnh vực của cuộc sống công cộng và tất cả các nơi công cộng và tư nhân mở cửa cho công chúng.
Luật ADA áp dụng trong lĩnh vực nào?,Mọi lĩnh vực của đời sống công cộng và tất cả những nơi công cộng và các nơi tư nhân mở cửa cho công chúng.
Tiền đóng góp nào không đòi hỏi tiết lộ về cá nhân hoặc tổ chức?,Tiền đóng góp tài chính cho một chiến dịch có tổ chức.
Luật ADA có liên quan đến việc kỳ thị những người bị khuyết tật?,"Có, ADA là luật dân quyền cấm kỳ thị những người bị khuyết tật."
Khi nào thì các bên tham gia vụ kiện tụng yêu cầu cơ quan có thẩm quyền cao hơn duyệt xét lại quyết định chính thức?,Khi những bên tham gia vụ kiện tụng yêu cầu cơ quan có thẩm quyền cao hơn duyệt xét lại quyết định chính thức.
Quy trình nào được sử dụng để yêu cầu EAC xem xét lại Quyết Định của Cơ Quan?,"Một tiến trình chính thức, theo đó, EAC được yêu cầu xem xét lại Quyết Định của Cơ Quan."
Thẩm quyền nào có trách nhiệm xem xét lại Quyết Định của Cơ Quan?,EAC được yêu cầu xem xét lại Quyết Định của Cơ Quan.
Ai là người có thẩm quyền quyết định về việc khiếu nại?,Người hoặc nhiều người được chỉ định là có thẩm quyền quyết định về việc khiếu nại.
Tiến trình nào được sử dụng để duyệt lại quyết định?,Tiến trình duyệt lại những quyết định sau khi có sự yêu cầu xem xét lại quyết định.
Tại sao lại có tiến trình duyệt lại quyết định?,Sau khi có sự yêu cầu xem xét lại quyết định.
Văn bản nào được sử dụng để yêu cầu gửi lá phiếu qua thư cho cử tri?,Đơn Xin Lá Phiếu Bầu qua Thư (ABBM)
Mục đích của văn bản Đơn Xin Lá Phiếu Bầu qua Thư?,Yêu cầu gửi lá phiếu qua thư cho cử tri
Thành viên được bổ nhiệm đại diện cho toàn bộ thành viên hay người dân?,Đại diện cho toàn bộ thành viên hoặc người dân.
Thành viên được bổ nhiệm đại diện cho một nhóm nhỏ hay một khu vực?,Một nhóm nhỏ hay một khu vực.
"Thành viên được bổ nhiệm đại diện cho thành phố, quận, tiểu bang, tỉnh, quốc gia, câu lạc bộ hoặc hiệp hội?","Có, thành viên được bổ nhiệm đại diện cho các khu vực này."
Một ứng cử viên được bổ nhiệm vào chức vụ nào có thể ứng cử vào chức vụ đó?,"Một ứng cử viên hiện đang giữ chức vụ trong một văn phòng mà họ được bổ nhiệm, và họ là một ứng viên vào cùng một chức vụ."
Thành viên Quốc hội được bổ nhiệm vào chức vụ nào?,Một thành viên của Quốc hội giữ một chức vụ mà họ được bổ nhiệm.
Ứng cử viên được bổ nhiệm vào chức vụ có phải là ứng cử viên cho một nhóm nhỏ?,"Không, ứng cử viên được bổ nhiệm vào chức vụ không phải là ứng cử viên cho một nhóm nhỏ."
Một thành viên của Quốc Hội có thể giữ chức vụ nào mà vẫn là ứng viên vào cùng chức vụ đó?,Một chức vụ mà họ đã được bổ nhiệm và hiện đang nắm giữ.
Ai có thể được bổ nhiệm giữ chức vụ cho tới kỳ Tổng tuyển cử kế tiếp?,"Một người được bổ nhiệm bởi một cơ quan quản lý để lấp đầy một vị trí trống trong một cơ quan công cộng, sẽ có tên trong danh sách ứng cử viên của kỳ Tổng tuyển cử kế tiếp."
Một người được bổ nhiệm giữ chức vụ cho tới kỳ Tổng tuyển cử kế tiếp có thể là ai?,Một người được bổ nhiệm bởi một cơ quan quản lý để lấp đầy một vị trí trống trong một cơ quan công cộng.
Ai sẽ được bỏ phiếu trong cuộc Tổng tuyển cử tiếp theo?,Một người đã được cơ quan quản lý chỉ định để giữ chức vụ còn trống trong một cơ quan công cộng.
Ai được cơ quan bổ nhiệm chỉ định giữ một chức vụ trong chính quyền?,Một người được cơ quan bổ nhiệm chỉ định giữ một chức vụ trong chính quyền.
Cơ quan nào có quyền bổ nhiệm người giữ chức vụ trong chính quyền?,Một cơ quan hoặc cơ quan có thẩm quyền được gọi là Cơ quan Bổ Nhiệm.
Ai có quyền bổ nhiệm người giữ chức vụ trong dịch vụ công cộng?,Viên chức hoặc cơ quan có thẩm quyền
Quá trình phân chia hội viên hoặc cử tri được gọi là gì?,Sự Phân Chia (Apportionment)
Tổng số tiền hoặc tài sản được dùng cho một mục đích đặc biệt được gọi là gì?,Sự Phân Bổ (Appropriation)
Mỗi cử tri có thể chọn bao nhiêu ứng cử viên trong hệ thống bầu cử Approval Voting?,Mỗi cử tri có thể chọn bất kỳ số ứng cử viên nào
Hệ thống bầu cử Approval Voting khác gì với hệ thống bầu cử đa số?,Hệ thống bầu cử Approval Voting khác với hệ thống bầu cử đa số ở chỗ cử tri có thể chọn nhiều ứng cử viên
Người chiến thắng trong hệ thống bầu cử Approval Voting được chọn như thế nào?,Người chiến thắng là ứng cử viên được chấp thuận bởi số cử tri lớn nhất
Cách thức phê chuẩn ứng cử viên khác gì so với biểu quyết đa số?,một cử tri chỉ có thể chọn một trong nhiều lựa chọn và lựa chọn nào có nhiều phiếu bầu nhất sẽ được chọn
Một trong những loại cơ quan lập pháp được gọi là Assembly là gì?,hạ viện hoặc cơ quan lập pháp đầy đủ ở những tiểu bang trong hệ thống chính quyền liên bang
Một quận/hạt của tiểu bang được chia thành bao nhiêu thành viên?,Một quận/hạt được chia thành một thành viên.
Ai được bầu hoặc bổ nhiệm vào hạ viện của cơ quan lập pháp tiểu bang?,Một người được bầu hoặc bổ nhiệm vào hạ viện của cơ quan lập pháp tiểu bang.
Gọi tên người được bầu hoặc bổ nhiệm vào hạ viện của cơ quan lập pháp tiểu bang là gì?,Ủy Viên Hội Đồng Lập Pháp
Những cử tri bị khuyết tật có được trợ giúp từ ai?,Một người mà họ chọn kèm theo một số miễn trừ giới hạn.
Ai có thể được chọn để hỗ trợ tiến trình bỏ phiếu?,Một nhân viên tại nơi bỏ phiếu hoặc người được cử tri chọn.
Người trợ giúp cử tri có thể được chọn tự do?,"Không, có một số miễn trừ giới hạn."
Kỹ Thuật Hỗ Trợ là gì?,"Một vật dụng để tăng cường, duy trì hoặc cải tiến khả năng của người bị khuyết tật."
Asymmetric Cryptography là gì?,"Mã Hóa Bất Đối Xứng, một hệ thống mã hóa sử dụng cặp khóa công khai và riêng tư."
Mục đích của Kỹ Thuật Hỗ Trợ là gì?,"Tăng cường, duy trì hoặc cải tiến khả năng của người bị khuyết tật."
Khóa công khai được sử dụng để làm gì?,Khóa công khai được sử dụng để mã hóa dữ liệu hoặc xác minh chữ ký số của dữ liệu.
Khóa công khai và khóa riêng tư có thể được sử dụng như thế nào?,Khóa công khai và khóa riêng tư có thể được sử dụng thay thế cho nhau khi cần thiết.
Khóa riêng tư thường được lưu trữ ở đâu?,Khóa riêng tư thường được lưu trữ trong chứng nhận kỹ thuật số của người dùng.
Khóa công khai được sử dụng để làm gì?,Khóa công khai thường được sử dụng để mã hóa dữ liệu hoặc xác nhận chữ ký điện tử.
Khóa công khai có thể được sử dụng để giải mã dữ liệu của?,Khóa công khai có thể được sử dụng để giải mã dữ liệu.
Thành viên của một tổ chức có thể bao gồm những gì?,"Thành viên của một tổ chức có thể bao gồm toàn bộ dân số, đặc biệt là thành phố, quận, tiểu bang, tỉnh, quốc gia, câu lạc bộ hoặc hiệp hội."
Làm chứng có nghĩa là gì?,Làm chứng có nghĩa là là nhân chứng hoặc để xác nhận chính thức.
Lá phiếu Audio Ballot được trình bày dưới dạng nào?,Lá phiếu Audio Ballot được trình bày dưới dạng nói thành lời.
Dạng Audio Format trình bày lá phiếu như thế nào?,Dạng Audio Format trình bày lá phiếu thông qua âm thanh và lời nói.
Thông tin nào được cung cấp trong dạng Audio Format?,Lựa chọn tranh cử và thông tin khác được cung cấp trong dạng Audio Format.
Chức năng âm thanh có bộ tai nghe được sử dụng để làm gì?,Chức năng âm thanh có bộ tai nghe được sử dụng để cung cấp thông tin và lựa chọn tranh cử thông qua âm thanh và lời nói.
Giao diện nghe-chạm ATI được thiết kế để làm gì?,Giao diện nghe-chạm ATI được thiết kế để không yêu cầu đọc ballot bằng thị giác.
Thông tin và lựa chọn tranh cử được truyền tải ra sao trong dạng trình bày lá phiếu?,Thông tin và lựa chọn tranh cử được truyền tải thông qua âm thanh và lời nói.
Giao diện của hệ thống bỏ phiếu được thiết kế như thế nào?,Giao diện được thiết kế để không cần nhìn đọc lá phiếu.
Hệ thống bỏ phiếu sử dụng phương tiện truyền đạt thông tin nào?,Âm thanh được sử dụng để truyền đạt thông tin tới cử tri.
Hệ thống kiểm tra (Audit) của hệ thống bỏ phiếu được thực hiện như thế nào?,"Là một quá trình độc lập, hệ thống và được ghi chép để xác định mức độ đáp ứng của các yêu cầu cụ thể."
Tiến trình đánh giá hệ thống và kiểm soát được thực hiện như thế nào?,"Tiến trình có hệ thống, độc lập, được ghi chép rõ để xác định mức độ đáp ứng những đòi hỏi cụ thể."
Mục đích của việc đánh giá hệ thống và kiểm soát?,Để xác định tình trạng hoạt động và mức chính xác kết quả của đầu ra.
Thiết bị nào được sử dụng để độc lập xác minh hoặc đánh giá hệ thống bỏ phiếu?,Thiết bị Kiểm Tra (Audit Device)
Thiết bị nào được sử dụng để xác nhận hoặc đánh giá độc lập hiệu quả của hệ thống bỏ phiếu?,Thiết bị dành riêng để xác nhận hoặc đánh giá độc lập hiệu quả của hệ thống bỏ phiếu.
Thông tin nào được ghi lại trong những hoạt động bầu cử?,Thông tin được ghi lại trong những hoạt động bầu cử để lập lại các bước đã tuân theo hoặc sau đó xác nhận những hành động đã thực hiện liên quan đến thể thức bầu cử và hệ thống bỏ phiếu.
Tên gọi khác của quy trình kiểm tra?,Audit Trail (Quy Trình Kiểm Tra)
Quy trình kiểm tra cho máy ghi trực tiếp là gì?,Audit Trail for Direct-Recording Equipment
Máy bỏ phiếu điện tử ghi trực tiếp có thể tạo ra gì?,Tờ giấy in ra các phiếu bầu
Viên chức bầu cử có thể sử dụng tờ giấy in ra các phiếu bầu để làm gì?,Kiểm tra chéo tổng số
Xác Nhận là gì?,"Xác Nhận là quá trình xác nhận danh tính của người sử dụng, tiến trình, thiết bị hoặc thành phần của hệ thống."
Mục đích của Xác Nhận?,Mục đích của Xác Nhận là để cho vào xem tài nguyên trong hệ thống thông tin hoặc xác minh tính xác thực của người bầu cử hoặc phiếu bầu.
Xác Nhận có thể áp dụng cho trường hợp nào?,"Xác Nhận có thể áp dụng cho việc xác minh danh tính của người sử dụng, tiến trình, thiết bị hoặc thành phần của hệ thống, cũng như xác minh tính xác thực của người bầu cử hoặc phiếu bầu."
Ai có thể được chỉ định để quan sát một cuộc bầu cử?,"Ở một số tiểu bang, chủ tịch của ủy ban của đảng, ứng cử viên hoặc ủy ban của phân khu bầu cử được chỉ định để quan sát một cuộc bầu cử."
Đại diện phòng phiếu được ủy quyền là ai?,Đại Diện Phòng Phiếu Được Ủy Quyền
Ghi danh cử tri được tự động hóa là gì?,Ghi Danh Cử Tri Được Tự Động Hóa
Hệ thống ghi danh cử tri tự động (AVR) hoạt động như thế nào?,"Theo hệ thống này, những cử tri đủ điều kiện được tự động ghi danh bỏ phiếu."
Những cử tri đủ điều kiện có thể ghi danh bỏ phiếu như thế nào?,Những cử tri đủ điều kiện có thể ghi danh bỏ phiếu điện tử bất cứ khi nào họ tương tác với cơ quan chính phủ.
Hệ thống ghi danh cử tri tự động (AVR) có liên quan đến việc tương tác với cơ quan chính phủ như thế nào?,Hệ thống ghi danh cử tri tự động cho phép những cử tri đủ điều kiện được ghi danh bỏ phiếu điện tử bất cứ khi nào họ tương tác với cơ quan chính phủ.
Những cử tri hội đủ điều kiện sẽ được ghi danh bỏ phiếu như thế nào?,Những cử tri hội đủ điều kiện sẽ tự động được ghi danh bỏ phiếu bất cứ khi nào họ tương tác với cơ quan chính phủ.
Phần trăm thời gian trong đó một hệ thống hoạt động hiệu quả và có sẵn để sử dụng được gọi là gì?,Phần trăm thời gian trong đó một hệ thống hoạt động hiệu quả và có sẵn để sử dụng được gọi là Availability.
Lá phiếu được gọi là gì?,Lá phiếu được gọi là Ballot.
Hình thức trình bày chính thức của lá phiếu là gì?,Hình thức trình bày chính thức cho tất cả những vòng tranh cử được quyết định trong một cuộc bầu cử cụ thể.
Lá phiếu có thể có dạng nào?,Lá phiếu có thể có theo dạng giấy hoặc điện tử.
Lá phiếu được sử dụng để làm gì?,Lá phiếu là cơ chế để cử tri cho biết mong muốn của mình.
Lá phiếu có được sử dụng riêng tư và độc lập không?,"Có, lá phiếu có thể đánh dấu, bỏ phiếu và xác nhận theo cách riêng tư và độc lập."
Ai chịu trách nhiệm kiểm soát cuộc bầu cử và thể thức bỏ phiếu?,"Hội Đồng Bỏ Phiếu, một nhóm người được bổ nhiệm bởi cơ quan địa phương."
Lá phiếu có thể được xác nhận như thế nào?,Lá phiếu có thể được xác nhận theo cách riêng tư và độc lập.
Thùng phiếu là gì?,Một thùng kín đựng những lá phiếu đã được cử tri bỏ vào.
Thẻ lá phiếu là gì?,"Một thẻ hoặc một số thẻ được in hoặc nhận dạng bằng số tham khảo đến lá phiếu, tên của các ứng cử viên hoặc các đề xuất."
Lý do ứng cử viên được đề cử hoặc bầu cử?,Vì họ được đề cử hoặc bầu cử vào một hoặc nhiều chức vụ hoặc những tên hiệu in trên lá phiếu của một hoặc nhiều dự luật.
Khi nào một cử tri được coi là đã bỏ phiếu?,"Khi họ đã bỏ phiếu vào hộp phiếu, hộp thư, hộp bỏ phiếu điện tử hoặc khi họ đã gửi phiếu bầu để được tính toán."
Vai trò của cử tri khi bỏ phiếu?,Cử tri sẽ chọn các lựa chọn trong các cuộc bầu cử và xác nhận ý định bỏ phiếu của mình một cách không thể thay đổi.
Hành động cuối cùng của cử tri khi bỏ phiếu?,Xác nhận ý định tối hậu bỏ phiếu của họ như đã chọn.
Hình thức lá phiếu được mô tả trong văn bản?,Hình Thức Lá Phiếu (Ballot Configuration)
Cử tri có thể gửi lá phiếu theo cách nào?,"Điện tử hoặc được gửi qua thùng thư, hộp thư, thùng phiếu."
Vậy là phiếu bầu được in trên lá phiếu?,"Có, phiếu bầu được in trên lá phiếu cho một khu bầu cử nhất định."
Máy Đếm Lá Phiếu có chức năng gì?,Máy Đếm Lá Phiếu có chức năng đếm số phiếu bầu trong một cuộc bầu cử.
Ai có thể đếm phiếu bầu bằng tay?,Một người có thể đếm phiếu bầu bằng tay.
Nguyên lý nhu liệu xác định gì?,kết hợp những lựa chọn của cử tri hợp lệ và không hợp lệ trên một lá phiếu và tổng số lựa chọn bỏ phiếu trong một cuộc bầu cử cụ thể
Người đếm phiếu bầu bằng tay có thể được mô tả như thế nào?,một người đếm phiếu bầu bằng tay
Dữ liệu lá phiếu được sử dụng cho mục đích gì?,Dữ liệu lá phiếu được sử dụng để liệt kê các vòng tranh cử và lựa chọn liên quan có thể xuất hiện trên lá phiếu cho một cuộc bầu cử cụ thể.
Danh sách trên là danh sách gì?,Danh sách trên là danh sách những vòng tranh cử và lựa chọn liên quan có thể xuất hiện trên lá phiếu cho một cuộc bầu cử cụ thể.
Chức danh trong lá phiếu là gì?,"Chức danh trong lá phiếu là mô tả, tên hoặc chức danh chính thức được in dưới tên ứng cử viên trên lá phiếu."
Thùng bỏ lá phiếu có tên gọi là gì?,Thùng bỏ lá phiếu được gọi là Ballot Drop Box.
Đảng chính trị có thể được in trên lá phiếu như thế nào?,Đảng chính trị có thể được in dưới tên ứng cử viên trên lá phiếu.
Thùng Bỏ Lá Phiếu được đặt ở đâu?,Thùng Bỏ Lá Phiếu có thể được đặt ở bên trong nhà hoặc ngoài trời.
Ai thu gom lá phiếu khiếm diện?,Viên chức bầu cử trực tiếp thu gom lá phiếu khiếm diện.
Lá phiếu khiếm diện được đựng trong bao gì?,Lá phiếu khiếm diện được đựng trong Phong Thư Đựng Lá Phiếu.
Phong thư nào được sử dụng để chuyển lá phiếu khiếm diện?,Phong thư bên trong và bên ngoài chính thức
Lá phiếu nào được coi là vô hiệu?,Lá phiếu có không còn hạng mục hợp lệ để tiếp tục xử lý
Lá phiếu vô hiệu được xử lý như thế nào?,Không thể tiến hành tiếp tục xử lý vì không còn hạng mục hợp lệ
Lá phiếu bầu vô hiệu là gì?,Lá phiếu bầu vô hiệu là lá phiếu không được tính khi lập bảng kiểm phiếu cho một vòng tranh cử vì không còn ứng viên nào được xếp hạng hợp lệ trên lá phiếu để tiếp tục tranh cử.
Ballot Fatigue là gì?,Ballot Fatigue là hiện tượng cử tri chọn không bỏ phiếu cho các cuộc bầu cử hoặc vấn đề xuất hiện ở phần cuối lá phiếu.
Tại sao lá phiếu bầu vô hiệu không được tính?,Lá phiếu bầu vô hiệu không được tính vì không còn ứng viên nào được xếp hạng hợp lệ trên lá phiếu để tiếp tục tranh cử.
Lá phiếu có thể được trình bày bằng phương pháp nào?,"Lá phiếu có thể được trình bày bằng các phương pháp trình bày khác nhau (thông qua hình ảnh hoặc âm thanh), ngôn ngữ hoặc đồ họa."
Nội dung của lá phiếu được trình bày như thế nào?,Nội dung của lá phiếu được trình bày cụ thể phù hợp với kỹ thuật bỏ phiếu đang được sử dụng.
Lá phiếu có thể được trình bày bằng ngôn ngữ nào?,Lá phiếu có thể được trình bày bằng các ngôn ngữ khác nhau.
Dung có thể được hiển thị bằng cách nào?,"Dung có thể được hiển thị bằng nhiều cách trình bày khác nhau (hình ảnh hoặc âm thanh), ngôn ngữ hay đồ họa."
Thu gom lá phiếu là gì?,"Thu gom lá phiếu là hành động thu thập lá phiếu, thường được thực hiện bởi một đảng chính trị hoặc tổ chức phi lợi nhuận, cho nhiều cử tri và trả lại lá phiếu đó cho văn phòng bầu cử thay mặt cho những cử tri đó."
Luật pháp về thu gom lá phiếu như thế nào?,"Luật pháp về thu gom lá phiếu khác nhau tùy theo bang, với một số bang cho phép thực hành này, một số bang hạn chế ai có thể trả lại lá phiếu."
Tính hợp pháp của việc thu thập lá phiếu thay cho người khác là gì?,Tính hợp pháp khác nhau tùy theo tiểu bang.
Ai có thể thu thập lá phiếu thay cho người khác?,Một đảng chính trị hoặc tổ chức phi vụ lợi.
Hình ảnh lá phiếu được hiểu là gì?,Hình ảnh lá phiếu cũng có thể là hình ảnh của lá phiếu đã bỏ phiếu được ghi lại bằng hệ thống bỏ phiếu hay thiết bị lập bảng.
Hồ sơ được lập ra theo cách điện tử cho mục đích gì?,Hồ sơ được lập ra theo cách điện tử cho tất cả lá phiếu bầu của một cử tri.
Ballot Image có thể được hiểu là gì?,Ballot Image (Hình Ảnh Lá Phiếu) là hồ sơ được lập ra theo cách điện tử cho tất cả lá phiếu bầu của một cử tri.
Thông tin nào được cung cấp cho cử tri?,Thông tin mô tả thể thức để đánh dấu lá phiếu.
Lá phiếu có thể xuất hiện dưới dạng gì?,Lá phiếu giấy hoặc lá phiếu điện tử.
Thông tin hướng dẫn bỏ phiếu có thể được cung cấp như thế nào?,Thông tin này có thể xuất hiện trực tiếp trên lá phiếu hoặc được cung cấp riêng.
Ghi chú về phần tài liệu bỏ phiếu?,"Phần tài liệu bỏ phiếu có thông tin về cử tri, ứng cử viên, lá phiếu, vòng tranh cử hoặc dữ liệu bầu cử khác."
Dạng trình bày lá phiếu là gì?,Dạng trình bày lá phiếu là sự thể hiện cụ thể nội dung của lá phiếu phù hợp với công nghệ bỏ phiếu cụ thể.
Lá phiếu có thể có thông tin gì?,"Lá phiếu có thể có thông tin về cử tri, ứng cử viên, lá phiếu, vòng tranh cử hoặc dữ liệu bầu cử khác."
Nội dung của lá phiếu có thể được trình bày bằng cách nào?,"Nội dung của lá phiếu có thể được trình bày bằng hình ảnh, âm thanh, ngôn ngữ hay đồ họa."
Bản Kê Lá Phiếu là gì?,Bản Kê Lá Phiếu là một danh mục được chuẩn bị bởi các quan chức bầu cử liệt kê tất cả lá phiếu giấy vật lý và vị trí của chúng.
Nội dung của lá phiếu có thể được trình bày bằng phương pháp nào?,Nội dung của lá phiếu có thể được trình bày bằng phương pháp trình bày khác nhau.
Mục đích của danh mục lá phiếu giấy?,Để theo dõi kiểm kê phiếu bầu và lập hồ sơ kiểm tra cho những loại kiểm tra khác.
Danh mục lá phiếu giấy được sử dụng cho loại kiểm tra nào?,Kiểm Tra Hạn Chế Rủi Ro
Thiết bị nào được sử dụng để điền vào lá phiếu?,Thiết Bị Điền Vào Lá Phiếu
Lá phiếu được tạo ra bằng cách nào?,Lá phiếu được tạo ra bằng quá trình Ballot on Demand (Lá Phiếu Theo Yêu Cầu)
Cơ sở vật chất cần thiết để tạo ra lá phiếu?,Một hệ thống có máy in có thể tạo ra lá phiếu giấy có thể được tính toán trên hệ thống bỏ phiếu và thiết bị có tất cả dữ liệu cần thiết để in một lá phiếu có phong cách liên quan đến một cử tri cụ thể
Ballot on Demand là gì?,Ballot on Demand là một quá trình tạo ra lá phiếu giấy có phong cách và các ứng cử viên cụ thể cho một cử tri
Lá phiếu giấy được tạo ra như thế nào?,Lá phiếu giấy được tạo ra theo kiểu lá phiếu bắt buộc cho những cuộc tranh cử và ứng cử viên cụ thể cho một cử tri.
Hệ thống cần có những thiết bị gì để tạo ra lá phiếu giấy?,Hệ thống cần có máy in để tạo ra những lá phiếu giấy và thiết bị bỏ phiếu với tất cả dữ liệu cần thiết.
Lá phiếu giấy có thể được lập bảng trên hệ thống như thế nào?,Lá phiếu giấy có thể được lập bảng trên hệ thống và sau đó được in ra dạng lá phiếu liên quan đến một cử tri cụ thể.
Thứ tự ứng cử viên và vấn đề xuất hiện trên lá phiếu như thế nào?,Thứ tự ứng cử viên và vấn đề xuất hiện trên lá phiếu có thể khác nhau tùy thuộc vào bang.
Thứ tự các vòng tranh cử và ứng cử viên xuất hiện trên lá phiếu được gọi là gì?,Thứ tự các vòng tranh cử và ứng cử viên xuất hiện trên lá phiếu được gọi là Thứ Tự Lá Phiếu.
Khi nào thì một cơ quan bầu cử yêu cầu máy in phiếu bầu in một số phiếu bầu cụ thể?,Khi một cơ quan bầu cử yêu cầu máy in phiếu bầu in một số phiếu bầu cụ thể thì được gọi là Thứ Tự Lá Phiếu.
Thuật ngữ nào được sử dụng khi một viên chức bầu cử yêu cầu máy in lá phiếu in một số lượng phiếu bầu cụ thể?,Không có thông tin cụ thể trong đoạn văn bản
Tờ Thông Tin về Lá Phiếu được gọi là gì?,Hướng dẫn thông tin cử tri
Làm thế nào để thu nhận lá phiếu khiếm diện?,Thu nhận lá phiếu khiếm diện thông qua việc tới lấy lá phiếu.
Vị trí nào trên lá phiếu để thể hiện lựa chọn của cử tri?,Vị trí trên lá phiếu được gọi là Vị Trí trên Lá Phiếu.
"Lá phiếu có thể được trả lại qua hộp thư, bưu điện hay giao gửi?","Không, lá phiếu có thể được trả lại qua hộp thư, bưu điện hoặc giao gửi, nhưng cử tri cũng có thể tới lấy lá phiếu."
Vị trí cụ thể trên lá phiếu được liên kết với thông tin gì?,lựa chọn của cử tri cho một vòng tranh cử cụ thể
Vị trí cụ thể trên lá phiếu được liên kết với các yếu tố nào?,các vòng tranh cử và tên ứng cử viên
Vị trí cụ thể trên lá phiếu được liên kết bằng cách nào?,bằng cấu hình lá phiếu
Trí nào có thể được liên kết theo số hàng và cột ở mặt trước của máy bỏ phiếu hoặc lá phiếu?,trí này có thể được liên kết theo số hàng và cột ở mặt trước của máy bỏ phiếu hoặc lá phiếu
Vị trí trên lá phiếu tương ứng với vòng tranh cử cụ thể và tên ứng viên qua hình thức lá phiếu được gọi là gì?,vị trí trên lá phiếu tương ứng với vòng tranh cử cụ thể và tên ứng viên qua hình thức lá phiếu
Lựa chọn vòng tranh cử và câu hỏi cụ thể được thực hiện như thế nào?,Lựa chọn vòng tranh cử và câu hỏi cụ thể được chọn để đưa vào một dạng lá phiếu và những chỉ dẫn liên quan.
Election-specific software được chuẩn bị và thử nghiệm như thế nào?,Chuẩn bị và thử nghiệm election-specific software chứa các lựa chọn và câu hỏi được chọn.
Ballot materials và software được xác minh như thế nào?,Xác minh sự chính xác của ballot materials và software chứa các lựa chọn và câu hỏi được chọn.
Làm thế nào để tạo ra lá phiếu?,"Lập ra và chạy thử nhu liệu có những lựa chọn này, dành riêng cho việc bầu cử; tạo ra tất cả dạng lá phiếu có thể dùng được."
Lá phiếu được tạo ra bằng cách nào?,"Process of generating ballots for presentation to voters, for example, printing paper ballots, or configuring the ballot presentation for an electronic display."
Mục đích của việc tạo ra lá phiếu?,và xác nhận mức chính xác của tài liệu lá phiếu và nhu liệu có những lựa chọn này cho cuộc bầu cử sắp tới.
Lá phiếu được sử dụng để gì?,Trình bày cho cử tri hoặc chiếu trên màn hình điện tử.
Lá phiếu được lập lại khi nào?,Không có thông tin về việc lập lại lá phiếu trong đoạn văn bản.
Lá phiếu bị hỏng hoặc không phù hợp một phần được thay thế bằng lá phiếu gì?,Một lá phiếu khác được lập lại theo tiến trình được quy định.
Lá phiếu được lập lại có thể được tabulated bằng máy quét?,"Có, lá phiếu được lập lại có thể được tabulated bằng máy quét."
Quy trình lập lại lá phiếu được quy định như thế nào?,"Quy trình lập lại lá phiếu thường được thực hiện theo tiến trình được quy định, theo đó phiếu bầu từ những lá phiếu bị hỏng hoặc không phù hợp được sao chép vào lá phiếu mới."
Lý do sao chép một phần lá phiếu?,phù hợp một phần được sao chép sang một lá phiếu khác để máy quét có thể lập bảng.
Thay Đổi Thứ Tự trên Lá Phiếu là gì?,Tiến trình thay đổi thứ tự tên ứng cử viên trong một vòng tranh cử nhất định.
Máy gì được sử dụng để đọc dữ liệu lựa chọn của cử tri từ lá phiếu giấy hoặc thẻ lá phiếu?,Ballot Scanner (Máy Quét Lá Phiếu)
Lá phiếu kín là gì?,Một bộ quy tắc và thủ tục để thiết lập quyền cơ bản của cử tri ở Hoa Kỳ để bỏ phiếu một lá phiếu bí mật.
Mục đích của Ballot Secrecy là gì?,Để đảm bảo rằng không lá phiếu nào có thể được liên kết với một cử tri.
Tại sao cử tri có thể điền lá phiếu của họ theo cách tự do?,Bởi vì không có lá phiếu nào được liên kết với một cử tri nào.
Cử tri có sợ bị trả đũa khi điền lá phiếu của họ không?,"Không, vì họ được bảo đảm điền lá phiếu của họ theo cách tự do và không sợ bị trả đũa hoặc trả thù."
Lá phiếu có thông tin gì?,"Số sê-ri, ngày bầu cử và khu vực pháp quyền nơi cuộc bầu cử đang được tổ chức."
Hành vi nào được coi là bỏ phiếu bất hợp pháp?,Hành vi bỏ phiếu bất hợp pháp hoặc gửi nhiều hơn một lá phiếu cho mỗi cử tri khi mỗi cử tri chỉ được phép bỏ một lá phiếu.
Mỗi cử tri được phép bỏ bao nhiêu lá phiếu?,Mỗi cử tri chỉ được phép bỏ một lá phiếu.
Mô tả về Ballot Style?,Một lá phiếu với một bộ các cuộc bầu cử và ứng cử viên cho một khu vực bầu cử cụ thể.
Lá phiếu của cử tri thay đổi như thế nào?,Kiểu dạng lá phiếu thay đổi theo sự kết hợp của nhiều vòng tranh cử và theo chính đảng (trong các cuộc bầu cử sơ bộ)
Cử tri có thể tham gia bầu cử như thế nào?,Cử tri được tham gia bầu cử dựa trên sự kết hợp của các vòng tranh cử và đảng phái chính trị (trong các cuộc bầu cử sơ bộ)
Lá phiếu của cử tri có thể thay đổi như thế nào?,Lá phiếu của cử tri thay đổi dựa trên các vòng tranh cử mà họ đủ điều kiện để bỏ phiếu và đảng phái chính trị của họ (trong các cuộc bầu cử sơ bộ)
Lá phiếu thường gồm có thông tin gì?,"Ngày bầu cử và loại bầu cử (Đặc Biệt, Sơ Bộ hoặc Tổng Tuyển Cử)"
Lá phiếu có bao nhiêu loại?,"Không rõ ràng trong đoạn văn bản, nhưng có thể hiểu là có nhiều loại dựa trên các cuộc bầu cử khác nhau"
Lá phiếu được thiết kế như thế nào?,Lá phiếu có một bộ phận nhất định các cuộc bầu cử và ứng cử viên cho một khu vực cụ thể
Lá phiếu cho một nhóm vòng tranh cử cụ thể và ứng cử viên cho một phân khu bầu cử cụ thể là gì?,Lá phiếu cho một nhóm vòng tranh cử cụ thể và ứng cử viên cho một phân khu bầu cử cụ thể là một dạng lá phiếu thay đổi theo sự kết hợp của những vòng tranh cử và theo chính đảng.
Barcode là gì?,Barcode là một hình thức đại diện quang học và có thể đọc được bằng máy tính của dữ liệu dưới dạng một chuỗi các dải và khoảng trống theo tiêu chuẩn được chấp nhận.
QR code là một ví dụ của loại hình thức nào?,QR code là một ví dụ của barcode.
Máy quét mã vạch được sử dụng để quét mã vạch trên loại tài liệu nào?,"Máy quét mã vạch được sử dụng để quét mã vạch trên các loại tài liệu như phiếu bầu, giấy phép lái xe, thẻ ID cử tri, gói thông tin cử tri, phong bì và các tài liệu bầu cử khác."
Máy quét mã vạch có thể quét mã vạch trên các loại vật liệu nào?,Không có thông tin cụ thể về các loại vật liệu mà máy quét mã vạch có thể quét.
Máy quét mã vạch được sử dụng để chuyển đổi thông tin mã hóa thành dạng nào?,Máy quét mã vạch được sử dụng để chuyển đổi thông tin được mã hóa thành dạng có thể sử dụng được.
Máy quét mã vạch được sử dụng để quét loại tài liệu nào?,"mã trên nhiều tài liệu bầu cử, bao gồm lá phiếu, bằng lái xe, thẻ ID cử tri, gói thông tin cử tri, phong thư và những tài liệu bầu cử khác"
Loại bỏ phiếu nào được mô tả trong phần Baseline Voting?,voting (Bỏ Phiếu Căn Bản)
"Trong loại bỏ phiếu Baseline Voting, người dân có thể chọn bao nhiêu lựa chọn?",voter may only select one contest option
Thế nào là một cách bỏ phiếu?,Một cách bỏ phiếu theo đó ứng cử viên có nhiều phiếu bầu nhất sẽ thắng.
Cử tri có thể chọn bao nhiêu lựa chọn tranh cử trong một cuộc bầu cử?,"Trong cuộc tranh cử có một ghế, cử tri chỉ có thể chọn một lựa chọn tranh cử. Trong cuộc tranh cử nhiều ghế, cử tri có thể chọn tối đa số lượng tranh cử được ghi trên lá phiếu."
Ghi nào là một bộ lá phiếu?,Một bộ lá phiếu giấy được gom thành một nhóm để lập bảng và kiểm tra.
Máy Quét Lô Phiếu chấp nhận loại phiếu giấy nào?,phiếu giấy được đánh dấu bằng tay hoặc do BMD tạo ra
Máy Quét Lô Phiếu thường được sử dụng ở đâu?,tại vị trí trung tâm của khu vực bầu cử
Máy Quét Lô Phiếu tự động làm gì với phiếu giấy?,kiểm phiếu cho đến khi hết chồng phiếu
Nơi nào thường sử dụng thiết bị này?,Nơi trung tâm của khu vực pháp quyền bầu cử;
Thiết bị này thường được sử dụng để làm gì?,Kiểm lá phiếu khiếm diện;
Thiết bị này có thể quét lá phiếu và từ chối nó nếu?,Không đọc được hoặc không thể kiểm;
Làm thế nào để xác định những lá phiếu không thể đọc được?,Phát hiện và phân loại những lá phiếu không thể đọc được bằng cách kỹ thuật số hoặc cách vật lý.
Lá phiếu có chứa lựa chọn không thể xác định thì được xử lý như thế nào?,Lá phiếu có chứa lựa chọn không thể xác định được phân loại và xử lý theo quy định.
Lá phiếu có điền vào những ngoại lệ hoặc ghi thêm tên ứng cử viên thì được xử lý như thế nào?,Lá phiếu có điền vào những ngoại lệ hoặc ghi thêm tên ứng cử viên cũng được phân loại và xử lý theo quy định.
Điểm Chuẩn là gì?,Điểm tham chiếu định lượng để so sánh hiệu quả đo được của một hệ thống hoặc thiết bị.
Lưỡng Viện là gì?,Cơ quan lập pháp có hai viện hoặc hội đồng
Hai Năm Một Lần là gì?,Là sự kiện diễn ra mỗi hai năm một lần
Lá phiếu trống là gì?,Một lá phiếu được phát hành nhưng không có bất cứ lựa chọn nào được điền vào.
Chỗ trống trên lá phiếu được sử dụng như thế nào?,Một chỗ trên lá phiếu thường được cử tri sử dụng để viết tên chưa được in sẵn với tên của các ứng cử viên khác.
Blank Space là gì?,Một chỗ trên lá phiếu thường được cử tri sử dụng để viết tên chưa được in sẵn với tên của các ứng cử viên khác.
Tầm nhìn của một người có thể hạn chế như thế nào?,Tầm nhìn rất hạn chế hoặc không thể nhìn được.
Một cử tri có thể chọn bao nhiêu ứng cử viên?,Tương ứng với số ghế còn trống.
Hội Đồng (Bầu Cử) là gì?,Một nhóm người làm việc cùng nhau để hoàn tất nhiệm vụ bầu cử.
Ví dụ về Hội Đồng (Bầu Cử) bao gồm?,"Hội Đồng Phân Khu Bầu Cử, Hội Đồng Kiểm Phiếu, Hội Đồng Kiểm Tra và những ủy ban/hội đồng khác."
Hội Đồng Kiểm Phiếu là gì?,"Một loại Hội Đồng (Bầu Cử) cụ thể, bao gồm Board of Canvassers."
Hội Đồng Kiểm Phiếu là gì?,"Một nhóm nhiều người làm việc cùng nhau, tuân theo những quy tắc và thể thức cụ thể, để tổng hợp, duyệt xét và xác nhận tài liệu bầu cử."
Hội Đồng Ủy Viên là gì?,"Là cơ quan quản lý của một quận trong nhiều bang của Hoa Kỳ, đặc biệt là ở Midwest và Đông."
Ai thường bổ nhiệm thành viên Hội Đồng Bầu Cử?,Chính quyền địa phương
Hội Đồng Bầu Cử chịu trách nhiệm kiểm soát những gì?,Những cuộc bầu cử và thể thức bỏ phiếu
Hội Đồng Ghi Danh Cử Tri chịu trách nhiệm kiểm soát những gì?,Những cuộc bầu cử và thể thức bỏ phiếu
Một nhóm nhiều người chịu trách nhiệm kiểm soát những cuộc bầu cử và bỏ phiếu?,"Một nhóm nhiều người, thường là do chính quyền địa phương bổ nhiệm"
Cơ quan quản lý của một quận ở miền Tây Hoa Kỳ bao gồm những thành viên nào?,những thành viên do cử tri bầu ra
Hội Đồng Giám Thị là cơ quan quản lý của một quận ở bang nào?,"nhiều bang của Hoa Kỳ, đặc biệt là ở miền Tây"
Bonds là gì?,Bonds là một loại nợ trong đó người phát hành nợ phải trả lại cả gốc và lãi vào một thời điểm sau đó.
Làm thế nào để trả nợ khi có Bond?,"Nợ Bond có thể được trả lại thông qua việc thu thuế bất động sản trong một khu vực xác định, quận học hoặc khu vực đặc biệt."
Bonds có thể được đưa ra trưng cầu dân ý ở cấp độ nào?,"Bonds có thể được đưa ra trưng cầu dân ý ở cấp độ địa phương, cấp bang và thậm chí cả cấp quốc gia."
Công khố phiếu có thể được hoàn trả qua thu thuế tài sản ở khu vực nào?,"khu vực pháp quyền đã xác định, khu học chính hoặc khu đặc biệt"
Những câu hỏi về công khố phiếu có thể có trên những lá phiếu địa phương để?,phê chuẩn hoặc từ chối một công khố phiếu
Công khố phiếu sẽ được hoàn trả bằng cách nào?,bằng thuế hoặc phí do tiểu bang thu được
Cuộc bầu cử nào liên quan đến việc phê duyệt chi tiêu?,Cuộc Bầu Cử cho Công Khố Phiếu
Mục đích của Cuộc Bầu Cử cho Công Khố Phiếu?,để cho phép chính quyền tiểu bang hoặc địa phương phê duyệt chi tiêu bổ sung
Đề nghị nào cho phép chính quyền tiểu bang hoặc địa phương phê duyệt chi tiêu phụ trội?,Bond Proposition (Dự Luật cho Công Khố Phiếu)
Đề nghị nào liên quan đến việc phát hành công khố phiếu?,Bond Issue (Phát Hành Công Khố Phiếu)
Khi nào chính quyền tiểu bang hoặc địa phương sử dụng công khố phiếu?,Khi đặt câu hỏi trước cử tri như một dự luật trên lá phiếu.
Yêu cầu gì khi sử dụng công khố phiếu?,Yêu cầu cử tri phê duyệt chi tiêu phụ trội đề nghị.
Một khu tự trị là gì?,"Một thị trấn, làng hoặc một phần của thành phố lớn có chính quyền riêng."
Đề nghị bãi bỏ luật cho phép công khố phiếu là gì?,Đề nghị bãi bỏ luật cho phép công khố phiếu đã được ban hành trước đó bởi một cơ quan quản lý và được đưa vào lá phiếu để cử tri chấp thuận hoặc từ chối.
Một cơ quan quản lý là gì?,Một cơ quan quản lý là một cơ quan có quyền ban hành luật và quản lý một khu vực cụ thể.
Đường Ranh Giới là gì?,"Đường phân chia phân khu bầu cử, thành phố hoặc đơn vị chính trị với một đơn vị khác."
Đường Ranh Giới phân chia đơn vị nào?,"Phân khu bầu cử, thành phố hoặc đơn vị chính trị với một đơn vị khác."
Hướng dẫn bỏ phiếu được viết bằng cách nào?,Những ký tự thể hiện qua những mẫu dấu chấm nổi lên.
Lá phiếu dạng bướm có đặc điểm gì?,"Có tên của các ứng cử viên được viết ở cả hai bên lá phiếu, với một cột để đánh dấu lựa chọn ở giữa."
Hướng dẫn bỏ phiếu Braille được đọc bằng cách nào?,Có thể đọc được khi chạm vào.
Khi nào thì tổ chức bầu cử được thực hiện?,Khi một cơ quan chính phủ được ủy quyền tuyên bố có một cuộc bầu cử sẽ được tổ chức vào một thời điểm cụ thể.
Vận động tranh cử là gì?,Một loạt những hoạt động dân chủ để ảnh hưởng đến một cuộc bỏ phiếu chính trị thuận hoặc chống lại những ứng cử viên hoặc các câu hỏi trên lá phiếu.
Campaign Contributions là gì?,"Anything of value given, loaned or advanced để ảnh hưởng đến một cuộc bỏ phiếu chính trị thuận hoặc chống lại những ứng cử viên hoặc các câu hỏi trên lá phiếu."
Tiền đóng góp vận động tranh cử là gì?,"Anything of value given, loaned or advanced để ảnh hưởng đến một cuộc bỏ phiếu chính trị thuận hoặc chống lại những ứng cử viên hoặc các câu hỏi trên lá phiếu."
"Bất kỳ thứ gì có giá trị được cho, cho vay hoặc ứng trước để ảnh hưởng đến một cuộc bỏ phiếu chính trị là gì?","Bất kỳ thứ gì có giá trị được cho, cho vay hoặc ứng trước để ảnh hưởng đến một cuộc bỏ phiếu chính trị, thuận hoặc chống lại những ứng cử viên hoặc các câu hỏi trên lá phiếu."
Khai Trình Tiền Vận Động Tranh Cử là gì?,The act of reporting campaign contributions.
Báo Cáo Chi Phí Vận Động Tranh Cử là gì?,Campaign Expense Report
Hành động nào liên quan đến việc gây quỹ và sử dụng quỹ cho mục đích chính trị?,hành động gây quỹ và sử dụng quỹ cho mục đích chính trị
Loại báo cáo nào liên quan đến việc khai trình tài trợ cho vận động tranh cử?,khai trình tài trợ cho vận động tranh cử
Báo cáo nào phải được nộp theo đòi hỏi của cơ quan quản lý?,Báo cáo về chi tiết tiền đóng góp và chi phí chính trị
Luật Tài Trợ Vận Động Tranh Cử quy định gì?,Một bộ luật quy định chi tiết những quy tắc và quy định để gây quỹ và chi tiêu tiền quỹ và đóng góp cho mục đích chính trị.
Báo Cáo Tài Trợ Vận Động Tranh Cử là gì?,Reports that detail political contributions and expenses required to be filed by a governing authority.
Campaign Finance Laws có liên quan đến việc chi tiêu tiền quỹ như thế nào?,Chi tiết những quy tắc và quy định để gây quỹ và chi tiêu tiền quỹ và đóng góp cho mục đích chính trị.
Tôi cần phải báo cáo gì?,Báo cáo về chi tiết tiền đóng góp và chi phí chính trị
Mục đích của Campaign Finance Reporting Requirements là gì?,Chi tiết những đòi hỏi về chi tiết những quy tắc và quy định để gây quỹ và chi tiêu quỹ và đóng góp cho mục đích chính trị
Campaign materials là gì?,"Tài liệu, tài nguyên và những tài liệu khác được sử dụng để ảnh hưởng đến một cuộc bỏ phiếu chính trị."
Ví dụ về campaign materials?,"T-shirts, buttons, bumper stickers, yard signs, và các tài liệu in khác."
Campaign materials được sử dụng để làm gì?,Để ảnh hưởng đến một cuộc bỏ phiếu cho hoặc chống lại các ứng cử viên hoặc các câu hỏi trên phiếu bầu.
Tài liệu của vận động tranh cử có thể gồm những gì?,"áo phông, nút gắn, miếng dán cản xe, bảng hiệu trên sân và những tài liệu giấy khác."
Ghi chú về Campaign Signs là gì?,Bảng hiệu quảng cáo cho một phiếu bầu cụ thể.
Cancellation Notices là những thông điệp gì?,Thông báo cho cử tri biết họ đã bị xóa khỏi danh sách đăng ký cử tri.
Hành động gì được gọi là việc loại bỏ một cử tri khỏi danh sách cử tri ghi danh?,Hành động loại bỏ một cử tri khỏi danh sách cử tri ghi danh được gọi là Cancellation of Registration.
Tình trạng nào được sử dụng bởi các quan chức bầu cử khi một cử tri bị loại khỏi danh sách cử tri?,Tình trạng được sử dụng bởi các quan chức bầu cử khi một cử tri bị loại khỏi danh sách cử tri là Cancelled Voter Status.
Hành động loại bỏ một cử tri khỏi danh sách cử tri có tên gọi là gì?,Hành động loại bỏ một cử tri khỏi danh sách cử tri có tên gọi là Cancellation of Registration.
Thuật ngữ nào được sử dụng khi hồ sơ của cử tri cho thấy cử tri này đã bị xóa khỏi cuộn phiếu bầu?,Thuật ngữ được viên chức bầu cử sử dụng là 'from the voting rolls'
Tư cách của một người khi họ trở thành ứng viên?,Tư cách là một ứng viên
Ai được coi là Ứng Cử Viên?,Một người đang tìm kiếm đề cử hoặc bầu cử vào một vị trí được chỉ định và đã đáp ứng các yêu cầu pháp lý để có tên được in trên phiếu bầu hoặc đủ điều kiện để có tên được viết vào phiếu bầu và được tính là lựa chọn của cử tri cho cuộc tranh luận.
Có cần phải nộp đơn kiến nghị để được coi là Ứng Cử Viên?,"Không, một số bang và luật tài chính chiến dịch liên bang không yêu cầu phải nộp đơn kiến nghị để được coi là Ứng Cử Viên."
Có phải nộp tiền để được coi là Ứng Cử Viên?,"Không, chỉ cần có khả năng thu thập tiền là đủ để được coi là Ứng Cử Viên."
Ủy ban ứng cử viên là gì?,Một nhóm người được tổ chức cho mục đích chính trị để hỗ trợ hoặc phản đối ứng cử viên vào chức vụ công.
Thể thức đề cử ứng viên là gì?,Các thủ tục chính thức để đề xuất một cá nhân được xem xét cho chức vụ công.
Mục đích của ủy ban ứng cử viên?,Hỗ trợ hoặc phản đối ứng cử viên vào chức vụ công.
Ghi Danh Ứng Cử Viên là gì?,Candidate Registration
Ghi Danh Ứng Cử Viên là gì?,Hoàn tất những công việc giấy tờ cần thiết để trở thành ứng viên được chứng nhận cho chức vụ công.
Danh Sách Ứng Cử Viên là gì?,Danh sách ứng cử viên chính thức.
Bản Xác Nhận Ứng Cử Viên là gì?,Một bản tóm tắt bằng văn bản về thông tin của một ứng viên cho chức vụ công để phục vụ mục đích nào đó.
Một ứng cử viên có thể rút đơn tranh cử khi nào?,Khi một người thông báo ứng cử hoặc nộp đơn tham gia bầu cử nhưng sau đó họ quyết định — theo lựa chọn của riêng họ — không muốn có tên trong lá phiếu sau cùng.
Lý do một ứng cử viên rút đơn tranh cử?,Theo lựa chọn của riêng họ.
Kết quả khi một ứng cử viên rút đơn tranh cử?,Không có tên trong lá phiếu sau cùng.
Khoảng thời gian nào là giai đoạn rút đơn tranh cử?,Khoảng thời gian khi một người có thể xóa tên của họ khỏi danh sách ứng cử viên vào chức vụ công.
Danh sách nào bao gồm tất cả ứng cử viên đủ tiêu chuẩn cho chức vụ công cộng?,Danh sách chính thức của tất cả ứng cử viên đủ tiêu chuẩn cho chức vụ công cộng để tham gia bầu cử.
Giai đoạn rút đơn tranh cử là gì?,Các giai đoạn rút đơn tranh cử là khoảng thời gian khi một người có thể xóa tên của họ khỏi danh sách ứng cử viên vào chức vụ công.
Tổng hợp lá phiếu bao gồm những loại phiếu nào?,"phiếu khiếm diện, phiếu bỏ sớm, phiếu bỏ vào Ngày Bầu Cử, phiếu tạm thời, phiếu không được xác nhận và phiếu của công dân nước ngoài."
Lá phiếu nào được tổng hợp và xác nhận?,mọi lá phiếu phù hợp đã bỏ phiếu và được kiểm đếm
Nhiệm vụ của quá trình Canvass (Kiểm Phiếu) là gì?,Tổng hợp hoặc xác nhận mọi lá phiếu phù hợp đã bỏ phiếu và được kiểm đếm
Ai có thể nhận phiếu bầu?,Quân nhân và công dân ở nước ngoài.
Mục đích của nhóm người làm việc cùng nhau?,review và validate election materials.
Hành động cuối cùng của cử tri khi bầu cử?,irrevocably confirming their intent để chọn ra những lựa chọn tranh cử
Làm thế nào để bỏ phiếu?,"Một lá phiếu đã được cử tri gửi vào thùng phiếu, hộp thư, thùng thư hoặc gửi theo cách điện tử để lập bảng."
Hồ sơ bỏ phiếu được lưu trữ như thế nào?,"Hồ sơ bỏ phiếu là hồ sơ vĩnh viễn của tất cả các phiếu bầu được sản xuất bởi một cử tri duy nhất, bất kể là điện tử, giấy hoặc loại khác."
Đơn vị nào nhận lá phiếu?,"Đơn vị nhận lá phiếu bao gồm thùng phiếu, hộp thư, thùng thư hoặc phương tiện điện tử."
Hồ sơ cố định của lá phiếu là gì?,"Hồ sơ cố định của tất cả lá phiếu do một cử tri tạo ra, cho dù là phiếu dạng điện tử, giấy hay là dạng khác."
Làm thế nào để bỏ phiếu?,"Quý vị có thể bỏ phiếu bằng cách đặt lá phiếu đã hoàn thành vào hộp phiếu, xác nhận và ghi lại lựa chọn trên thiết bị bỏ phiếu màn hình cảm ứng tại địa điểm bỏ phiếu, đặt lá phiếu đã hoàn thành vào hộp thư hoặc hộp thư hoặc gửi lá phiếu đã hoàn thành qua truyền thông điện tử đến văn phòng bầu cử."
"Sau khi bỏ phiếu, có thể thay đổi lựa chọn không?","Không, một khi lá phiếu đã được bỏ, thường thì không thể thay đổi."
Làm thế nào để gửi lá phiếu?,"Quý vị có thể gửi lá phiếu đã hoàn thành qua bưu điện, hộp thư hoặc gửi qua truyền thông điện tử đến văn phòng bầu cử."
Làm thế nào để một cử tri xác nhận và ghi lại lựa chọn của họ?,Một cử tri xác nhận và ghi lại lựa chọn của họ trên một thiết bị bỏ phiếu qua màn hình cảm ứng tại một địa điểm bỏ phiếu.
Có thể thay đổi lựa chọn của một cử tri sau khi họ đã bỏ phiếu?,Khi một lá phiếu đã được bầu thì thường không thể thay đổi.
Làm thế nào để một cử tri gửi lá phiếu của họ?,Một cử tri có thể gửi lá phiếu đã điền đầy đủ thông tin qua thư hoặc hộp thư hoặc gửi một phiếu đã điền đầy đủ thông tin qua đường truyền điện tử đến văn phòng bầu cử.
Mất dữ liệu bỏ phiếu có thể dẫn đến hậu quả gì?,"Hoàn toàn mất một hoặc nhiều chức năng, ví dụ như mất hoặc hỏng dữ liệu bỏ phiếu và không thể phục hồi."
Cơ quan nào tổ chức buổi Họp Kín?,Một nhóm người thuộc cùng một đảng phái hoặc phe phái.
Thế nào là bộ nhớ bất ổn?,Bộ nhớ có pin trên bo mạch.
Một buổi họp của một nhóm người thuộc cùng một đảng hoặc đảng phái chính trị thường để làm gì?,chọn ứng cử viên hoặc quyết định chính sách
Một nhóm người liên kết lại để làm gì?,thúc đẩy một mục tiêu đã thống nhất
Tại sao các thành viên của một đảng chính trị lại họp lại với nhau?,để đăng ký ý kiến của họ về ứng cử viên
Hệ thống họp đảng phái là gì?,Hệ thống họp đảng phái là quy tắc và quy định xác định quy trình cho một cuộc họp nơi thành viên địa phương của một đảng chính trị ghi danh cho những ứng cử viên họ muốn ra tranh cử hoặc lựa chọn đại biểu tham dự đại hội.
Tại sao cần có hệ thống họp đảng phái?,Không có thông tin cụ thể về mục đích của hệ thống họp đảng phái trong đoạn văn bản.
Mục đích của một buổi họp nơi thành viên địa phương của một đảng chính trị?,Mục đích của một buổi họp nơi thành viên địa phương của một đảng chính trị là ghi danh cho những ứng cử viên họ muốn ra tranh cử hoặc lựa chọn đại biểu tham dự đại hội.
Buổi họp này là để làm gì?,Buổi họp này là để ghi danh cho những ứng cử viên muốn ra tranh cử hoặc lựa chọn đại biểu tham dự đại hội.
Central Absentee Precinct là gì?,"Central Absentee Precinct (CAP) là một khu vực được thiết lập trong tòa án hoặc tòa nhà công cộng để nhận, đếm và ghi chép phiếu bầu vắng mặt."
Đại hội được tổ chức ở đâu?,"Đại hội được tổ chức tại một địa điểm cụ thể, nhưng không được đề cập trong đoạn văn bản này."
Phân khu kiểm phiếu khiếm diện trung ương được lập ra ở đâu?,Tại khu tòa án hoặc tòa nhà công cộng khác tại một quận hoặc thành phố.
Central Committee là gì?,"Ủy Ban Trung Ương, tổ chức của các ban trung ương hoặc ban hành hành của các đảng chính trị trong một quận, bang hoặc phân khu chính trị khác."
Central Committee được lập ra ở cấp độ nào?,"Ở cấp độ quận, bang hoặc phân khu chính trị khác."
Central Count là gì?,Lập bảng để kiểm đếm phiếu bầu từ nhiều phân khu bầu cử tại một nơi trung ương.
Central Count Process là gì?,Quy tắc và quy định phải tuân theo khi lập bảng phiếu bầu từ nhiều phân khu bầu cử tại một nơi trung ương.
Hệ thống bỏ phiếu này được sử dụng để làm gì?,Lập bảng số lá phiếu bầu từ nhiều phân khu bầu cử tại một nơi trung ương.
Lá phiếu bầu được lưu trữ ở đâu?,Ở nơi bảo mật tại địa điểm bỏ phiếu.
Bảng số lá phiếu bầu được tạo ra ở đâu?,Ở nơi đếm phiếu trung ương.
Lá phiếu đã bầu được lưu giữ ở đâu?,Lá phiếu đã bầu được đặt vào kho bảo quản an toàn tại nơi bỏ phiếu.
Lá phiếu đã lưu giữ được chuyển đến đâu?,Lá phiếu đã lưu giữ được chở hoặc chuyển đến nơi kiểm phiếu trung ương.
Nơi kiểm phiếu trung ương được sử dụng để làm gì?,"Nơi kiểm phiếu trung ương được sử dụng để kiểm tra, kiểm hoặc lập bảng lá phiếu bầu từ nhiều phân khu bầu cử như một nơi trung ương."
Thiết bị gì được sử dụng để tổng hợp và báo cáo số phiếu bầu từ nhiều phân khu bầu cử?,Thiết bị bỏ phiếu điện tử
Danh sách nào được duy trì trong một cơ sở dữ liệu thống nhất và chính thức trên toàn quốc?,Danh Sách Ghi Danh Cử Tri Trung Ương
Cơ sở dữ liệu nào được sử dụng để lưu giữ danh sách cử tri?,Cơ Sở Dữ Liệu Ghi Danh Cử Tri Được Gộp Chung (CVR)
Cơ sở dữ liệu CVR là gì?,"Một cơ sở dữ liệu duy nhất, thống nhất, chính thức, được điện toán hóa trên toàn tiểu bang về các cử tri đã ghi danh."
Cơ sở dữ liệu CVR lưu giữ thông tin gì?,Danh sách cử tri đã ghi danh
Giấy Chứng Nhận là gì?,Một văn bản chính thức xác nhận một thực tế.
Certificate of Circulator là gì?,Một văn bản được xác nhận bằng tuyên thệ hoặc xác nhận bởi người đã thu thập chữ ký của cử tri trên một kiến nghị đề cử.
Certificate của Nhân Viên Lưu Hành được xác nhận như thế nào?,Bằng tuyên thệ hoặc xác nhận
Giấy Chứng Nhận Bầu Cử là gì?,Một văn bản xác nhận một ứng cử viên đã được bầu vào chức vụ công.
Giấy Chứng Nhận Đề Cử xác nhận điều gì?,Một ứng cử viên đã nhận được một trong số lượng phiếu bầu cao nhất.
Giấy chứng nhận nào thường cho thấy ứng cử viên sẽ chuyển sang một cuộc tổng tuyển cử?,Giấy chứng nhận về số phiếu bầu cao nhất
Ai có thể hoàn thành giấy chứng nhận về tình trạng khuyết tật lâu dài?,"Một chuyên gia y tế được cấp phép hoặc chứng nhận, hoặc một cơ quan được chỉ định"
Giấy chứng nhận về tình trạng khuyết tật lâu dài có tên gọi khác là gì?,Giấy chứng nhận về tình trạng khuyết tật lâu dài
Ai có thể xác nhận tình trạng khuyết tật của một người?,"Chuyên gia sức khỏe có giấy phép hoặc được chứng nhận, hay cơ quan được chỉ định."
Giấy chứng nhận nào được sử dụng để xác nhận một công dân là cử tri đã ghi danh?,Certificate of Registration (Giấy Chứng Nhận Ghi Danh)
Ai có thể xác nhận một công dân là cử tri đã ghi danh?,Một văn phòng bầu cử
Thể thức Chứng Nhận là gì?,"Thể thức theo đó một đệ tam nhân bảo đảm bằng văn bản rằng một sản phẩm, tiến trình hoặc dịch vụ đáp ứng các yêu cầu được chỉ định"
Chứng Nhận Bầu Cử là gì?,Một văn bản xác nhận việc lập bảng và kiểm phiếu cho cuộc bầu cử là đầy đủ và chính xác.
Chứng Nhận Kết Quả Bầu Cử Chính Thức là gì?,Một văn bản xác nhận rằng kết quả bầu cử là một bản kê khai chính xác và trung thực của tất cả phiếu bầu.
Mục đích của Chứng Nhận Kết Quả Bầu Cử Chính Thức?,Để xác nhận rằng kết quả bầu cử là chính xác và trung thực.
Văn bản nào xác nhận kết quả bầu cử?,Văn bản xác nhận kết quả bầu cử là tính toán trung thực và chính xác tất cả các phiếu bầu trong một cuộc bầu cử cụ thể.
Văn bản nào xác nhận số lượng chữ ký trên một kiến nghị?,Một văn bản xác nhận rằng số lượng chữ ký trên một kiến nghị đề cử được tính là phù hợp hoặc bị từ chối là một bản ghi trung thực và chính xác về các sự kiện.
Đòi hỏi về chứng nhận liên quan đến luật và quy định gì?,Luật và quy định chi phối những điều kiện là yếu tố cần thiết để chứng nhận một cuộc bầu cử hoặc tiến trình bỏ phiếu.
Kiểm tra chứng nhận được thực hiện dưới dạng nào?,Kiểm tra được thực hiện dưới dạng kiểm tra quốc gia hoặc kiểm tra cấp bang.
Mục đích của kiểm tra chứng nhận?,Mục đích của kiểm tra chứng nhận là xác minh hệ thống bỏ phiếu tuân thủ yêu cầu.
Kiểm tra được thực hiện theo tiến trình nào?,kiểm tra được thực hiện theo tiến trình chứng nhận quốc gia hoặc tiểu bang
Kết quả bầu cử được xác nhận như thế nào?,kết quả bầu cử được xác nhận là đúng và chính xác bởi viên chức chịu trách nhiệm xác nhận mức chính xác của chúng
Kết quả bầu cử được gọi là gì?,kết quả bầu cử được gọi là Kết Quả Bầu Cử Được Chứng Nhận
"Hành động nào được thực hiện bởi một bên thứ ba để chứng nhận rằng một sản phẩm, tiến trình hoặc dịch vụ tuân theo các yêu cầu cụ thể?","Hành động của đệ tam nhân bảo đảm bằng văn bản rằng một sản phẩm, tiến trình hoặc dịch vụ tuân theo những đồi hỏi cụ thể."
Gì được tạo ra khi đục lỗ trên thẻ hoặc băng đục lỗ?,Mảnh giấy nhỏ có được khi đục lỗ trên thẻ hoặc băng đục lỗ.
Chuỗi Quá Trình Lưu Ký là gì?,Một tiến trình được sử dụng để theo dõi sự di chuyển và kiểm soát một tài sản trong suốt vòng đời của nó.
Điều gì được ghi lại khi sử dụng Chuỗi Quá Trình Lưu Ký?,"Từng người và tổ chức nắm giữ tài sản, ngày/giờ tài sản được thu thập hoặc chuyển nhượng, và mục đích của việc chuyển nhượng."
Mục đích của việc sử dụng Chuỗi Quá Trình Lưu Ký?,Để theo dõi và kiểm soát tài sản trong suốt vòng đời của nó.
Lý do mà một lá phiếu có thể được coi là Lá Phiếu Không Được Thừa Nhận?,Do tư cách bỏ phiếu của người bầu cử đã được chất vấn bởi người khác.
Mục đích của việc chuyển giao tài sản?,"Không rõ ràng trong đoạn văn bản, nhưng có thể liên quan đến việc gom hoặc chuyển giao tài sản."
Lý do mà một cử tri có thể bị chất vấn về tư cách bỏ phiếu?,Do người đó không được coi là đủ điều kiện để bỏ phiếu.
Lý do nào khiến lá phiếu được giữ lại?,Lý do phản đối của người khác.
Mô tả về một cử tri có tiêu chuẩn bỏ phiếu bị chất vấn?,Một cử tri có tiêu chuẩn bỏ phiếu bị chất vấn.
Ai có thể chất vấn tiêu chuẩn bỏ phiếu của một cử tri?,Một người hoặc viên chức
Thay Đổi Liên Kết Chính Trị là gì?,Hành động của một cử tri đăng ký lại để bỏ phiếu với một liên kết chính trị khác
Người nào có thể chấp nhận một lá phiếu để kiểm phiếu?,Một người hoặc viên chức
Tại sao một cử tri cần ghi danh lại?,Để cập nhật địa chỉ cư trú hoặc địa chỉ gửi thư.
Cử tri có thể cập nhật địa chỉ tại đâu?,"Tại các cơ quan chính phủ được phê duyệt, chẳng hạn như Bộ Giao thông Vận tải và Văn phòng Bưu điện Hoa Kỳ."
Cử tri có thể cập nhật địa chỉ tại các cơ quan chính phủ khác?,"Có, cử tri cũng có thể cập nhật địa chỉ tại các cơ quan chính phủ khác được phê duyệt, chẳng hạn như Bộ Giao thông Vận tải và Văn phòng Bưu điện Hoa Kỳ."
Tôi có thể cập nhật địa chỉ của mình ở đâu?,Tôi có thể cập nhật địa chỉ của mình tại cơ quan chính phủ đã được phê duyệt như Ban Xe Cộ và Bưu Chánh Hoa Kỳ.
Thay đổi đảng chính trị là gì?,Thay đổi đảng chính trị là hành động của một cử tri ghi danh lại để bỏ phiếu cho một đảng hoặc liên minh chính trị khác mà họ muốn.
Đoạn văn bản này nói về việc gì?,"Đoạn văn bản này nói về các khái niệm liên quan đến việc ghi danh cử tri, bao gồm việc cập nhật địa chỉ và thay đổi đảng chính trị."
Hiến Chương là gì?,"Văn bản của cơ quan lập pháp, như Thành Phố hoặc Quận, xác định luật và quy định của cơ quan này."
Tu Chính Hiến Chương là gì?,"Một sửa đổi cho văn bản đã được chấp nhận bởi cơ quan lập pháp, như Thành Phố hoặc Quận, mà sửa đổi Hiến Chương của cơ quan này."
Ai có thể ban hành Hiến Chương?,"Một cơ quan lập pháp, như Thành Phố hoặc Quận"
Ai chịu trách nhiệm giám sát cuộc bầu cử trong một khu vực pháp quyền?,Viên chức chịu trách nhiệm giám sát cuộc bầu cử trong một khu vực pháp quyền.
Gì là hành động đánh dấu biểu quyết trên một lá phiếu?,Đánh dấu biểu quyết trên một lá phiếu.
Một sửa đổi trong một tài liệu bằng văn bản được cơ quan lập pháp thông qua để sửa đổi hiến chương của cơ quan này là gì?,"Một sửa đổi trong một tài liệu bằng văn bản được cơ quan lập pháp, như Thành Phố của Quận, thông qua để sửa đổi hiến chương của cơ quan này."
Ai là người chịu trách nhiệm về việc bỏ phiếu phù hợp và có trật tự?,Viên chức chịu trách nhiệm về việc bỏ phiếu phù hợp và có trật tự là Thanh Tra Trưởng.
Thanh Tra Trưởng chịu trách nhiệm ở đâu?,Thanh Tra Trưởng chịu trách nhiệm tại địa điểm bỏ phiếu hoặc tiến trình bầu cử.
Trưởng Ban Bầu Cử của Tiểu Bang có trách nhiệm gì?,Viên chức chịu trách nhiệm giám sát cuộc bầu cử ở tiểu bang.
Lưu Hành là hành động gì?,"Hành động thu thập chữ ký cử tri cho những sáng kiến, cuộc trưng cầu dân ý hoặc ứng cử viên."
Sự Lưu Hành là gì?,"Không có thông tin cụ thể về Sự Lưu Hành trong đoạn văn bản, có thể nó là một thuật ngữ khác hoặc một phần của Lưu Hành."
Tuyên Văn của Người Lưu Hành là gì?,Một văn bản được xác nhận bằng tuyên thệ hoặc xác nhận bởi người đã thu thập chữ ký của cử tri trên một kiến nghị đề cử.
Ai được coi là Công Dân?,"Một người được coi là Công Dân nếu, do nơi sinh, quốc tịch của cha hoặc mẹ, hoặc quốc tịch được cấp thông qua quá trình tự nhiên hóa."
Một người có quốc tịch như thế nào?,"Một người có quốc tịch theo nơi sinh có quốc tịch của cha/mẹ hoặc cả cha và mẹ, hoặc nhập quốc tịch."
Người có quốc tịch có quyền gì?,Người có quốc tịch được cấp đầy đủ quyền hạn và trách nhiệm với tư cách là thành viên của một quốc gia hoặc cộng đồng chính trị.
Người có quốc tịch có thể bỏ phiếu được không?,Người có quốc tịch có thể bỏ phiếu nếu không bị mất tiêu chuẩn bỏ phiếu.
Thể thức nào cho phép công dân đề nghị luật trực tiếp với cơ quan quản lý?,Thể thức để công dân có thể đề nghị luật trực tiếp với cơ quan quản lý được gọi là Citizen Initiatives.
Thành phố được định nghĩa như thế nào?,Một thành phố được định nghĩa là một cơ quan chính quyền địa phương lập ra trong một tiểu bang.
Hiến chương thành phố là gì?,"Hiến chương thành phố là một văn bản được viết bởi một thành phố, định nghĩa các luật và quy định của cơ quan đó."
Ai là người chịu trách nhiệm điều hành bầu cử cho một thành phố?,Một viên chức thành phố có trách nhiệm điều hành bầu cử cho một thành phố.
Văn bản của thành phố xác định gì?,Luật và quy định của cơ quan này.
Một cuộc bầu cử thường xuyên về những ứng cử viên và dự luật trong một thành phố được gọi là gì?,City General Municipal Election
Một cuộc bầu cử được tổ chức ngoài các cuộc bầu cử sơ bộ hoặc bầu cử tổng trong một thành phố được gọi là gì?,City Special Municipal Election
Một cuộc bầu cử khác gì so với một cuộc bầu cử sơ bộ hoặc tổng tuyển cử?,Một cuộc bầu cử được tổ chức khác với một cuộc bầu cử sơ bộ hoặc tổng tuyển cử theo lịch biểu định kỳ trong một thành phố.
Claim of Conformance là gì?,Xác Nhận Tình Trạng Tuân Hành
NASED qualification hoặc EAC certification là gì?,independent verification của một tuyên bố
Giấy xác nhận của người bán có ý nghĩa gì?,Giấy xác nhận của người bán tuyên bố rằng một sản phẩm cụ thể tuân theo đúng tiêu chuẩn cụ thể hoặc một tập hợp nhiều tiêu chuẩn.
Clerk (Lục Sự) có trách nhiệm gì?,Một viên chức chịu trách nhiệm điều hành một cuộc bầu cử hoặc tiến trình bầu cử.
Tiêu chuẩn nào được sử dụng để xác nhận độc lập về một đòi hỏi?,Tiêu chuẩn NASED hoặc chứng nhận EAC được sử dụng để xác nhận độc lập về một đòi hỏi.
Vai trò của Clerk of Absentee Voting là gì?,Viên chức chịu trách nhiệm giám sát bỏ phiếu khiếm diện hoặc một phần của tiến trình bỏ phiếu khiếm diện.
Close of Registration là gì?,Là ngày cuối cùng mà một công dân có thể đăng ký bỏ phiếu hoặc cập nhật đăng ký bỏ phiếu trước một cuộc bầu cử.
Clerk of Absentee Voting có liên quan đến toàn bộ quá trình bỏ phiếu khiếm diện không?,"Không, Clerk of Absentee Voting chỉ chịu trách nhiệm giám sát một phần của tiến trình bỏ phiếu khiếm diện."
Ngày cuối cùng cho một công dân có thể ghi danh bỏ phiếu hoặc cập nhật ghi danh cử tri của họ trước một cuộc bầu cử là ngày nào?,Ngày cuối cùng cho một công dân có thể ghi danh bỏ phiếu hoặc cập nhật ghi danh cử tri của họ trước một cuộc bầu cử.
Loại bầu cử sơ bộ nào cho phép cử tri nhận được phiếu bầu chỉ liệt kê những ứng cử viên đang chạy đua cho văn phòng trong đảng chính trị mà cử tri đó được liên kết?,Closed Primary (Bầu Cử Sơ Bộ Riêng)
Cuộc bầu cử sơ bộ có bao gồm vấn đề trên lá phiếu không?,"Có, tại một số tiểu bang."
Quy Tắc Hành Xử là gì?,"Một bộ quy tắc quy định các chuẩn mực, quy định và trách nhiệm hoặc các thực hành phù hợp của một cá nhân hoặc tổ chức."
Vai trò của Code of Conduct là gì?,"Quy định các chuẩn mực, quy định và trách nhiệm hoặc các thực hành phù hợp của một cá nhân hoặc tổ chức."
Quy Tắc Hành Cử của Các Viên Chức Dân Cử là gì?,"Một tập hợp quy tắc nêu ra tiêu chuẩn, quy tắc và trách nhiệm hoặc thực hành phù hợp của viên chức bầu cử."
Phân Khu Bầu Cử Kết Hợp là gì?,Hai hoặc nhiều phân khu bầu cử được xử lý như một phân khu bầu cử duy nhất cho một cuộc bầu cử cụ thể.
Code of Conduct of Elected Officials được sử dụng cho mục đích gì?,"Để nêu ra các tiêu chuẩn, quy tắc và trách nhiệm hoặc thực hành phù hợp của viên chức bầu cử."
Một khu bầu cử có thể được coi là một phân khu bầu cử duy nhất cho một cuộc bầu cử cụ thể?,"Có, hai hoặc nhiều khu bầu cử được coi là một phân khu bầu cử duy nhất cho một cuộc bầu cử cụ thể."
COTS là gì?,"COTS là viết tắt của Commercial Off-The-Shelf, nghĩa là Thiết Bị Điện Toán Thương Mại."
COTS có thể được sử dụng trong hệ thống bầu cử như thế nào?,COTS có thể được sử dụng trong hệ thống bầu cử mà không cần thay đổi đặc trưng của nhà sản xuất hoặc ứng dụng.
Tiêu chuẩn và thực hành nào được mô tả để lưu trữ và tạo dữ liệu ở dạng phổ biến?,"Tiêu chuẩn và thực hành để lưu trữ và tạo dữ liệu ở dạng phổ biến, được mô tả mà những hệ thống khác có thể đọc được."
Dạng kỹ nghệ phổ biến nào được đề cập trong đoạn văn bản?,Common Industry Format (CIF)
Tiêu đề của tiêu chuẩn nào được đề cập trong đoạn văn bản?,ANSI/INCITS 354-2001 “Dạng Kỹ Nghệ Phổ Biến (CIF) cho Báo Cáo Thử Nghiệm Tính Năng.”
Lệnh Tòa về Năng Lực là gì?,Lệnh của tòa án xác định một người có đủ trí lực để bỏ phiếu hay không.
Thành Phần trong hệ thống lớn là gì?,Một phần tử bên trong hệ thống lớn; thành phần có thể là phần cứng hoặc phần mềm.
Thành Phần phần cứng là gì?,"Một phần vật lý của một phân hệ có thể được sử dụng để tạo thành hệ thống lớn hơn (ví dụ: bảng mạch điện, v.v.)."
Thành phần trong một hệ thống lớn hơn là gì?,Một thành phần có thể là vật liệu hay nhu liệu.
Một thành phần vật lý của hệ thống con là gì?,"Phần vật lý của hệ thống con, có thể được sử dụng để tạo ra hệ thống lớn hơn."
Một mô-đun nhu liệu là gì?,Một mô-đun nhu liệu là một module của code thực thi được.
Mô tả chức năng của Computer Judge?,Thực hiện một chức năng được xác định rõ ràng và tương tác với những thành phần khác.
Nhiệm vụ của Nhân viên bầu cử?,"Kiểm tra ID và chữ ký của cử tri, đồng thời kiểm lại cử tri trong sổ phiếu điện tử."
Giải thích về Computer Judge?,Là Nhân Viên Máy Điện Toán.
Thuật ngữ Conditional Voter Registration được sử dụng ở đâu?,Một số tiểu bang sử dụng thuật ngữ này
Hành động nào được định nghĩa bởi Conditional Voter Registration?,Ghi danh và bỏ phiếu bằng phiếu bầu tạm thời
Lý do nào khiến việc xác minh khả năng tham gia bầu cử của người dân không thể được xác nhận?,Khả năng tham gia bầu cử hoặc trạng thái đăng ký của họ không thể được xác nhận
Thời gian tạm thời sau thời hạn theo luật định là bao lâu?,Không được đề cập cụ thể trong đoạn văn bản
"Hành động nào liên quan đến việc quản lý, điều hành và giám sát một cuộc bầu cử?",Conduct an Election (Thực Hiện Một Cuộc Bầu Cử)
Định nghĩa của Quản Lý Cấu Hình là gì?,Discipline applying technical and administrative direction and surveillance to identify and
Mục đích của việc xác định đặc điểm chức năng và vật chất của một mục cấu hình?,Để áp dụng chỉ đạo và giám sát kỹ thuật và hành chính.
Hồ sơ nào được ghi lại khi có thay đổi đối với đặc điểm chức năng và vật chất của một mục cấu hình?,Thay đổi đối với đặc điểm này.
Mục đích của việc kiểm soát thay đổi đối với đặc điểm chức năng và vật chất của một mục cấu hình?,Để kiểm soát thay đổi đối với những đặc điểm này.
Chương trình Quản Lý Cấu Hình là gì?,"Chương trình Quản Lý Cấu Hình là tài liệu mô tả chi tiết tiến trình xác định, kiểm soát và quản lý những mục đã phát hành khác nhau."
Những mục nào được quản lý bởi Chương trình Quản Lý Cấu Hình?,"Những mục được quản lý bởi Chương trình Quản Lý Cấu Hình bao gồm mã, vật liệu và tài liệu."
Mục đích của Chương trình Quản Lý Cấu Hình?,"Mục đích của Chương trình Quản Lý Cấu Hình là ghi lại và báo cáo tình trạng lo liệu và thực hiện thay đổi, đồng thời xác nhận sự tuân hành với những đòi hỏi cụ thể."
Configuration Status Accounting bao gồm thông tin gì?,"Một danh sách các thông tin cần thiết để quản lý cấu hình hiệu quả, bao gồm danh sách xác nhận cấu hình, tình trạng thay đổi cấu hình đề xuất và tình trạng thực hiện thay đổi cấu hình được phê duyệt"
Yếu tố nào của quản lý cấu hình bao gồm ghi lại và báo cáo thông tin cần thiết?,"Một yếu tố của quản lý cấu hình, bao gồm ghi lại và báo cáo thông tin cần thiết để quản lý cấu hình một cách hiệu quả."
Trạng thái nào được theo dõi đối với những thay đổi được đề nghị đối với cấu hình?,Trạng thái của những thay đổi được đề nghị đối với cấu hình
Mục đích của thông báo?,Để xác nhận những thay đổi với thông tin của cử tri trong danh sách cử tri
Thông báo có thể yêu cầu cử tri làm gì?,Xác nhận rằng thông tin trong thông báo là chính xác
Thông báo có yêu cầu gì từ cử tri?,Thông báo có thể yêu cầu cử tri xác nhận thông tin trong thông báo là chính xác.
Mục đích của thông báo gửi tới cử tri?,Mục đích của thông báo là để xác nhận những thay đổi với thông tin của họ trong danh sách cử tri.
Conformance là gì?,"Đáp ứng những đòi hỏi cụ thể của một sản phẩm, tiến trình, hoặc dịch vụ."
Conformance Testing là gì?,Quá trình kiểm tra một triển khai theo các yêu cầu được chỉ định trong một hoặc nhiều tiêu chuẩn.
Kết quả của một conformance test thường là gì?,Thường là một kết quả pass hoặc fail.
Tiến trình kiểm tra việc thực hiện theo những đòi hỏi cụ thể trong một hoặc nhiều tiêu chuẩn được gọi là gì?,Kiểm tra để chứng nhận
Kết quả của kiểm tra mức phù hợp thường là gì?,Kết quả đạt hoặc không đạt
Địa Hạt Hạ Viện là gì?,Khu vực trong ranh giới của một tiểu bang mà thành viên của Hạ Viện Hoa Kỳ được bầu.
Bầu Cử Hạ Viện là gì?,Một cuộc bầu cử cho cử tri tham gia bầu đại diện của họ trong Hạ Viện Hoa Kỳ.
"Trên lá phiếu nào, cử tri được hướng dẫn vẽ một đường để nối phần đầu và phần đuôi của mũi tên?",Trên một số lá phiếu
Cử tri được hướng dẫn làm gì thay vì điền vào ô hoặc đánh dấu X?,Vẽ một đường để nối phần đầu và phần đuôi của mũi tên
Cử tri được hướng dẫn nối mũi tên để chỉ đến lựa chọn gì?,Lựa chọn bỏ phiếu cho một ứng cử viên hoặc dự luật
Một cuộc bầu cử kết hợp là gì?,Một cuộc bầu cử trong đó nhiều khu vực pháp quyền tổ chức bầu cử trong cùng một ngày và những khu vực pháp quyền tham gia thực hiện hành động chính thức để kết hợp những cuộc bầu cử trên cùng một lá phiếu.
Consolidated Precinct là gì?,Phân khu bầu cử kết hợp
Tại sao các khu vực pháp quyền thực hiện hành động kết hợp bầu cử?,Để kết hợp những cuộc bầu cử trên cùng một lá phiếu
Phân khu bầu cử kết hợp là gì?,Hai hoặc nhiều khu bầu cử được coi là một phân khu bầu cử duy nhất cho một cuộc bầu cử cụ thể.
Consolidated Primaries là gì?,"Một cuộc bầu cử nơi có nhiều khu vực hành chính tổ chức bầu cử cùng ngày, trong đó có một cuộc bầu cử sơ bộ đã được lên lịch và các khu vực hành chính tham gia có hành động chính thức."
Tại sao các khu bầu cử được coi là một phân khu bầu cử kết hợp?,"Không có thông tin cụ thể trong đoạn văn bản, nhưng có thể hiểu rằng các khu bầu cử được coi là một phân khu bầu cử kết hợp cho một cuộc bầu cử cụ thể."
Có bao nhiêu khu vực pháp quyền tổ chức bầu cử trong cùng một ngày?,"Không rõ, nhưng đoạn văn bản chỉ đề cập đến một số khu vực pháp quyền cụ thể."
Lá phiếu bầu cử được sử dụng để bầu cử những gì?,Cùng một lá phiếu được sử dụng để bầu cử nhiều khu vực pháp quyền
Ai được đại diện về mặt chính trị bởi một viên chức chính phủ hoặc văn phòng?,Một người được đại diện về mặt chính trị bởi một viên chức chính phủ hoặc văn phòng được chỉ định.
Ai có cơ hội tham gia bầu chọn để chọn viên chức đại diện?,Người được đại diện có cơ hội tham gia bầu chọn để chọn viên chức đại diện.
Hiến Pháp là gì?,"Nguyên tắc và luật căn bản của một quốc gia, tiểu bang hoặc nhóm xã hội xác định quyền hạn và nhiệm vụ của chính phủ và bảo đảm một số quyền hạn cho người dân trong đó."
Tranh Cử là gì?,Không có thông tin cụ thể về Tranh Cử trong đoạn văn bản.
Hiến Pháp xác định quyền hạn và nhiệm vụ của chính phủ như thế nào?,"Hiến Pháp xác định quyền hạn và nhiệm vụ của chính phủ thông qua các nguyên tắc và luật căn bản của một quốc gia, tiểu bang hoặc nhóm xã hội."
Một cuộc tranh cử là gì?,"Một quyết định hoặc một bộ quyết định liên quan được đưa ra trước cử tri (ví dụ, lựa chọn ứng cử viên để nắm giữ một vị trí công cộng cụ thể hoặc sự đồng ý hoặc không đồng ý với một sửa đổi hiến pháp)."
Một số thuật ngữ khác được sử dụng để chỉ một cuộc tranh cử?,"Các thuật ngữ như 'chung cuộc', 'vấn đề', và 'chủ đề' có thể được sử dụng để chỉ một cuộc tranh cử cụ thể."
Một cuộc tranh cử có thể được hiểu theo nghĩa nào khác?,Một cuộc tranh cử cũng có thể được hiểu là một thách thức pháp lý đối với kết quả của một cuộc bầu cử.
Một cuộc bầu cử có thể có bao nhiêu ứng cử viên?,Số ứng cử viên hơn nhiều chức vụ còn trống trong cuộc bầu cử này.
Tại sao một số hệ thống bỏ phiếu điện tử sử dụng thuật ngữ 'Tiếp Tục Bỏ Phiếu'?,Để chỉ ra rằng cử tri có nhiều lựa chọn hơn hoặc chưa bỏ phiếu.
Khi nào một cuộc bầu cử được coi là 'Contested Races'?,Khi có nhiều ứng cử viên hơn chức vụ còn trống trong cuộc bầu cử này.
Thuật ngữ nào được sử dụng để chỉ hệ thống bỏ phiếu điện tử hoặc thiết bị điền lá phiếu?,Hệ thống bỏ phiếu điện tử hoặc thiết bị điền lá phiếu
Giới hạn đóng góp tối đa là gì?,"Số tiền tối đa một cá nhân hoặc tổ chức có thể cho, cho vay hoặc ứng trước để ảnh hưởng đến một cuộc bỏ phiếu chính trị, ủng hộ hoặc chống lại những ứng cử viên hoặc các câu hỏi trên lá phiếu."
"Ai có thể cho, cho vay hoặc ứng trước để ảnh hưởng đến một cuộc bỏ phiếu chính trị?",Một cá nhân hoặc tổ chức.
Các báo cáo nào phải được nộp bởi cơ quan quản lý?,Các Báo Cáo về Đóng Góp và Chi Tiêu
Đóng góp và chi tiêu nào có giới hạn?,Đóng Góp và Giới Hạn Chi Tiêu
Số tiền tối đa nào mà một ứng cử viên hoặc ủy ban có thể chi tiêu?,số tiền tối đa được quy định bởi các quy định
"Một cá nhân hoặc tổ chức có thể cho, cho vay hoặc ứng trước số tiền tối đa bao nhiêu để ảnh hưởng đến một cuộc bỏ phiếu chính trị?",Không rõ ràng trong đoạn văn bản này.
Một ứng cử viên hoặc ủy ban có thể chi tiêu tối đa bao nhiêu tiền để ảnh hưởng đến một cuộc bỏ phiếu chính trị?,Không rõ ràng trong đoạn văn bản này.
"Một cá nhân hoặc tổ chức có thể cho, cho vay hoặc ứng trước tiền để ảnh hưởng đến một cuộc bỏ phiếu chính trị ủng hộ hoặc chống lại những ứng cử viên nào?",Ứng cử viên hoặc các câu hỏi trên lá phiếu.
Controls là gì?,"Controls là một thiết bị, thủ tục hoặc phần tử của hệ thống, được thiết kế và thực hiện đúng cách để đảm bảo tính chính xác của hoạt động trong hệ thống."
Controls có thể ngăn chặn các vấn đề xảy ra?,"Có, Controls có thể ngăn chặn các vấn đề xảy ra (prevent anomalies from occurring)."
Controls bao gồm những yếu tố gì?,"Controls bao gồm các yếu tố như kiểm tra toàn bộ quá trình, xác thực người dùng và độ chính xác trong xử lý dữ liệu."
Biện pháp kiểm soát chung bao gồm những gì?,"kiểm tra đầy đủ tiến trình, xác nhận người dùng và thực hiện chính xác"
Biện pháp kiểm soát có thể là gì?,"phòng ngừa (ngăn chặn xảy ra bất thường) hoặc biện pháp kiểm soát được so sánh, phát hiện và sửa đổi"
"Thiết bị, thể thức hoặc hệ thống phụ có thể được thiết kế và dùng đúng cách để bảo đảm gì?",chính xác cho hoạt động trong một hệ thống
Biện pháp sửa đổi là gì?,Hành động được thực hiện để loại bỏ nguyên nhân sai sót hiện có hoặc một tình trạng không mong muốn khác để ngăn ngừa lặp lại.
Địa hạt hội đồng là gì?,"Vùng lãnh thổ nằm trong ranh giới của một bang, nơi một thành viên của Hội đồng thành phố hoặc thị trấn được bầu."
Mục đích của biện pháp sửa đổi?,Để ngăn ngừa lặp lại tình trạng sai sót hoặc không mong muốn.
Làm thế nào để đếm phiếu bầu?,Tiến trình đếm tổng cộng số phiếu.
Lá phiếu nào được tính vào tổng số phiếu bầu?,Lá phiếu đã được kiểm và có phiếu bầu được tính vào tổng số phiếu bầu cho ứng cử viên và dự luật.
Vùng nào được xác định bởi ranh giới của một tiểu bang?,Khu vực trong ranh giới của một tiểu bang mà thành viên của Hội Đồng Thành Phố hoặc Thị Trấn được bầu.
Dự luật liên quan đến gì?,"Không rõ ràng, cần thêm thông tin"
County là gì?,"Một phân khu chính trị và hành chính của một tiểu bang, cung cấp một số dịch vụ của chính quyền địa phương."
Ai chịu trách nhiệm điều hành bầu cử cho một quận?,Người Kiểm Tra của Quận
Ai chịu trách nhiệm kiểm soát các cuộc bầu cử và thể thức bỏ phiếu cho một quận?,Hội Đồng Bầu Cử Quận
Hội Đồng Giám Sát Quận là cơ quan gì?,"Cơ quan quản lý của một quận ở nhiều bang của Hoa Kỳ, đặc biệt là ở miền Tây, bao gồm những thành viên do cử tri bầu ra."
Ai là người chịu trách nhiệm điều hành bầu cử cho quận?,Một viên chức của quận chịu trách nhiệm điều hành bầu cử cho quận.
Ủy Ban Quận được bầu ra như thế nào?,Ủy Ban Quận bao gồm nhiều thành viên do cử tri bầu ra.
Ủy Ban Bầu Cử Quận được chỉ định như thế nào?,Ủy Ban Bầu Cử Quận được chỉ định bởi các cơ quan địa phương.
Ủy Ban Quận bao gồm thành viên nào?,Ủy Ban Quận bao gồm nhiều thành viên.
Ai thường được bổ nhiệm để kiểm soát cuộc bầu cử và thể thức bỏ phiếu?,"Một nhóm người, thường là do cơ quan địa phương bổ nhiệm"
Ai chịu trách nhiệm điều hành bầu cử cho một quận?,Viên Chức Bầu Cử Quận
Phân khu bầu cử quận tương ứng với khu vực địa lý nào?,Một khu vực địa lý là cơ sở cho bầu cử
Khu vực bầu cử hành chính tương ứng với khu vực địa lý là gì?,"Khu vực bầu cử hành chính tương ứng với một khu vực địa lý, là căn cứ để xác định cử tri cư trú hợp pháp tại khu vực này được quyền bỏ phiếu cho cuộc tranh cử."
Ai chịu trách nhiệm điều hành cuộc bầu cử cho một quận?,Viên chức chịu trách nhiệm điều hành cuộc bầu cử cho một quận.
Dự Luật của Quận là gì?,"Dự Luật của Quận là một luật, vấn đề hoặc thắc mắc trên lá phiếu để cử tri của một quận quyết định."
Ai quyết định Dự Luật của Quận?,Cử tri của một quận quyết định Dự Luật của Quận.
Người nào được coi là đang sống và có sự hiện diện ổn định ở quận nơi cư trú?,Người nhận được dịch vụ
Quận là gì?,"Quận là một khu vực ở một tiểu bang hoặc lãnh thổ nơi có người sinh sống hoặc được phục vụ, đang sinh sống và xác nhận có mặt liên tục trong một khoảng thời gian lâu dài hoặc vô thời hạn."
County Special District là gì?,County Special District là một phân khu chính trị của một quận được lập ra để cung cấp một dịch vụ công cộng duy nhất.
Dịch vụ công cộng nào mà County Special District cung cấp?,Dịch vụ công cộng mà County Special District cung cấp có thể là cung cấp nước hoặc vệ sinh môi trường.
Cơ sở hạ tầng thiết yếu là gì?,Cơ sở hạ tầng thiết yếu là những hệ thống thực tế và trên mạng và những tài sản rất quan trọng đối với Hoa Kỳ.
Cơ sở hạ tầng thiết yếu có ảnh hưởng đến gì?,"Cơ sở hạ tầng thiết yếu có ảnh hưởng đến an ninh vật chất, an ninh kinh tế, sức khỏe công cộng và an toàn công cộng."
Cơ sở hạ tầng thiết yếu có thể bị ảnh hưởng như thế nào?,Cơ sở hạ tầng thiết yếu có thể bị ảnh hưởng do sự không thể hoạt động hoặc bị phá hủy.
"Nếu các hoạt động bị phá hủy, thì điều gì sẽ bị ảnh hưởng?","Suy yếu an ninh thực tế hoặc kinh tế, sức khỏe hoặc an toàn cộng đồng của chúng ta."
Cross-Filing là gì?,Ghi Danh từ Nhiều Đảng Phái
Cross-Party Endorsement có nghĩa là gì?,Đảng phái khác ủng hộ một ứng cử viên hoặc một danh sách ứng cử viên
Thuật ngữ 'cross-party endorsement' được gọi là gì?,Ủng hộ từ nhiều đảng
Cross-party endorsement là gì?,Sự ủng hộ từ nhiều đảng phái
Ứng cử viên hoặc nhóm ứng cử viên được ghi tên trong lá phiếu đại diện cho mỗi đảng phái ủng hộ là gì?,Ứng cử viên hoặc nhóm ứng cử viên được ghi tên trong lá phiếu đại diện cho mỗi đảng phái ủng hộ
Ứng cử viên hoặc nhóm ứng cử viên được ghi tên trong lá phiếu đại diện cho ai?,mỗi đảng phái ủng hộ
Một cử tri có thể bỏ phiếu trong cuộc bầu cử sơ bộ của đảng nào nếu họ không chính thức đăng ký hoặc liên kết với đảng đó?,một đảng mà họ không chính thức đăng ký hoặc liên kết
Hành động của một cử tri tham gia vào cuộc bầu cử sơ bộ của một đảng mà họ không ghi danh chính thức hoặc có liên kết được gọi là gì?,Hành động của một cử tri tham gia vào cuộc bầu cử sơ bộ của một đảng mà họ không ghi danh chính thức hoặc có liên kết được gọi là 'registered or affiliated with'.
Giá trị dùng để kiểm soát hoạt động mật mã được gọi là gì?,Giá trị dùng để kiểm soát hoạt động mật mã được gọi là 'Cryptographic Key'.
Các hoạt động mật mã mà Cryptographic Key kiểm soát bao gồm những gì?,"Các hoạt động mật mã mà Cryptographic Key kiểm soát bao gồm giải mã, mã hóa, tạo chữ ký và xác nhận chữ ký."
Khoa học mật mã là gì?,"Khoa học mật mã (Cryptography) là một lĩnh vực khoa học tập hợp các nguyên tắc, phương tiện và phương pháp chuyển đổi dữ liệu để ẩn nội dung ngữ nghĩa của chúng."
Mục đích của khoa học mật mã?,Mục đích của khoa học mật mã là để ngăn chặn sử dụng và sửa đổi trái phép dữ liệu mà không bị phát hiện và thiết lập tính xác thực của chúng.
Khoa học mật mã có thể thực hiện được những việc gì?,"Khoa học mật mã có thể thực hiện được việc chuyển đổi dữ liệu để ẩn nội dung ngữ nghĩa của chúng, ngăn chặn sử dụng và sửa đổi trái phép dữ liệu mà không bị phát hiện và thiết lập tính xác thực của chúng."
Mục đích của Cumulative Voting?,thiết lập tính xác thực của chúng
Loại cuộc tranh cử mà Cumulative Voting thường được sử dụng?,một cuộc tranh cử nhiều ghế
Hai biến thể chính được sử dụng trong các cuộc bầu cử ở Hoa Kỳ là gì?,Một trong số đó có thể dẫn đến phiếu bầu theo phân số.
Khi nào thì cử tri được phép bỏ phiếu bên lề?,Khi cử tri không thể vào phòng bỏ phiếu.
Ở đâu thì cử tri có thể bỏ phiếu bên lề?,"Ở một số khu vực, cử tri có thể bỏ phiếu bên lề tại phòng bỏ phiếu."
Viên chức bầu cử có thể hỗ trợ cử tri như thế nào khi họ không thể vào phòng bỏ phiếu?,Viên chức bầu cử có thể hỗ trợ cử tri bỏ phiếu bên ngoài phòng bỏ phiếu.
Làm thế nào để sửa lỗi khi lá phiếu của tôi bị từ chối kiểm phiếu?,Quy trình sửa lỗi hoặc cho biết thông tin cho văn phòng bầu cử khi lá phiếu của quý vị ban đầu bị từ chối kiểm phiếu.
Lá phiếu của tôi bị từ chối kiểm phiếu thì được gọi là gì?,Lá phiếu của quý vị bị từ chối kiểm phiếu được gọi là Lá Phiếu Được Sửa Lỗi.
Lá phiếu bị từ chối vì lý do gì?,Lá phiếu bị từ chối vì có lỗi hoặc vì thiếu thông tin bắt buộc.
Cử tri có thể sửa lỗi như thế nào?,Cử tri có thể sửa lỗi hoặc cung cấp thông tin đòi hỏi.
Gọi tên giai đoạn nào là thời gian để sửa lỗi?,Gọi tên giai đoạn là Cure Period (Giai Đoạn Sửa Lỗi).
Khoảng thời gian nào được luật pháp hoặc quy định cho phép để cử tri phải cung cấp thông tin cần thiết?,Cure Period (Giai Đoạn Sửa Lỗi)
Tại sao một cử tri có thể cần cung cấp thông tin cần thiết?,Khi chữ ký trên phong bì bầu cử không so sánh được với chữ ký trên thẻ đăng ký cử tri hoặc khi cử tri quên ký phong bì bầu cử.
Cử tri cần cung cấp thông tin cần thiết trong khoảng thời gian bao lâu?,Khoảng thời gian được luật pháp hoặc quy định cho phép.
Biện pháp nào được thực hiện để bảo vệ hệ thống máy điện toán và dữ liệu?,Những biện pháp được thực hiện để bảo vệ hệ thống máy điện toán và dữ liệu khỏi bị đính kèm và vào xem hay sử dụng trái phép là An Ninh Mạng.
Lá phiếu bị hỏng là gì?,"Lá phiếu bị hỏng là lá phiếu đã bị rách, cong hoặc bị hư hỏng đến mức không thể xử lý bằng thiết bị đếm phiếu được thiết kế cho lá phiếu đó."
Số thứ tự của phần An Ninh Mạng trong danh sách?,Số thứ tự của phần An Ninh Mạng trong danh sách là 42.
Sự chính xác của dữ liệu được đo bằng cách nào?,Tỷ lệ lỗi vị trí lá phiếu
Thiết bị lập bảng phiếu bầu được thiết kế để sử dụng cho loại lá phiếu nào?,Loại lá phiếu không thể kiểm được
Sự chính xác của dữ liệu được xác định như thế nào?,Sự chính xác của dữ liệu được xác định theo tỷ lệ lỗi vị trí trên lá phiếu.
Tỷ lệ lỗi vị trí trên lá phiếu áp dụng cho chức năng gì?,Tỷ lệ lỗi vị trí trên lá phiếu áp dụng cho chức năng bỏ phiếu và thiết bị hỗ trợ.
Sự chính xác của dữ liệu khác gì với data integrity?,"Sự chính xác của dữ liệu khác với data integrity ở chỗ nó chỉ tính đến lỗi do hệ thống tạo ra, trong khi data integrity tính đến cả lỗi do nguồn bên ngoài tạo ra."
Làm thế nào để hệ thống kiểm tra dữ liệu bỏ phiếu?,Hệ thống có khả năng kiểm tra dữ liệu bỏ phiếu mà không có lỗi nội bộ do hệ thống cho ra.
Tính chất nào khác với tính toàn vẹn của dữ liệu?,Khả năng của hệ thống để kiểm dữ liệu bỏ phiếu mà không có lỗi nội bộ do hệ thống cho ra.
Tính chất nào khác với tính toàn vẹn của dữ liệu?,Tính toàn vẹn của dữ liệu gồm cả lỗi do nguồn bên ngoài đưa vào.
Sự khác biệt giữa sai sót nội bộ và sai sót trong quá trình xử lý dữ liệu là gì?,"Sai sót nội bộ do hệ thống cho ra, trong khi sai sót trong quá trình xử lý dữ liệu có thể do hoạt động gian lận dẫn tới."
Mục đích của Data Security là gì?,"Mục đích của Data Security là bảo vệ thông tin số khỏi truy cập không được phép, hư hỏng hoặc trộm cắp suốt vòng đời của nó."
Sự chính xác của dữ liệu bao gồm những gì?,Sự chính xác của dữ liệu bao gồm cả sai sót nội bộ do hệ thống cho ra.
Mục đích của việc thực hành bảo vệ thông tin kỹ thuật số là gì?,"Thực hành bảo vệ thông tin kỹ thuật số khỏi bị vào xem trái phép, bị hỏng hoặc trộm cắp trong toàn bộ vòng đời của nó."
Thời hạn chót để bỏ phiếu là gì?,Ngày và giờ trễ nhất cho một công dân có thể bỏ phiếu.
Bị điếc là gì?,Mất thính lực nghiêm trọng đến mức nghe được rất ít hoặc không nghe được.
Thu Hồi Chứng Nhận là gì?,Thu hồi chứng nhận quốc gia hoặc tiểu bang về vật liệu và nhu liệu của hệ thống bỏ phiếu.
Tuyên Bố Trợ Giúp Bỏ Phiếu là gì?,Một mẫu đơn do cử tri khuyết tật điền để yêu cầu hoặc từ chối trợ giúp trong tiến trình bỏ phiếu.
Decertification có liên quan đến phần mềm hệ thống bỏ phiếu?,"Có, Decertification liên quan đến cả vật liệu và nhu liệu của hệ thống bỏ phiếu, bao gồm cả phần mềm."
Hành động nào được gọi là Tuyên Bố Ra Tranh Cử?,Hành động hoàn tất công việc giấy tờ cần thiết để trở thành ứng cử viên cho chức vụ công.
Hành động nào được gọi là Tuyên Bố Ý Định?,Hành động hoàn tất công việc giấy tờ cần thiết để tuyên bố ý định của một người muốn làm ứng cử viên cho chức vụ công.
Công việc giấy tờ cần thiết để trở thành ứng cử viên cho chức vụ công được gọi là gì?,Declaration of Candidacy
Văn bản nào được nộp cho cơ quan quản lý để tuyên bố ý định của một người muốn quyên góp và chi tiêu tiền đóng góp chính trị?,Declaration of Intent to Solicit and Receive Contributions
Văn bản nào được sử dụng để tuyên bố ý định của một người muốn làm ứng cử viên ghi thêm tên vào lá phiếu?,Declaration of Write-in Candidate
Văn bản nào được mô tả là một văn bản được nộp cho cơ quan quản lý để tuyên bố ý định của một người muốn quyên góp và chi tiêu tiền đóng góp chính trị?,Declaration of Intent to Solicit and Receive Contributions
Một phiếu là gì?,Một văn bản được nộp cho cơ quan quản lý để tuyên bố ý định của một người muốn ra ứng cử vào một chức vụ.
Tại sao cần viết tên ứng cử viên vào chỗ trống?,Tên của ứng cử viên sẽ chưa được in sẵn trên lá phiếu.
Người nào cần nộp phiếu?,Một người muốn ra ứng cử vào một chức vụ.
Tiến trình nào liên quan đến việc thay đổi văn bản được mã hóa thành văn bản thuần túy?,Tiến trình thay đổi văn bản được mã hóa thành văn bản thuần túy.
Lá phiếu bị lỗi là gì?,"Một lá phiếu bị rách, bôi mờ hoặc đánh dấu theo cách máy quét không thể lập bảng lá phiếu."
Phương pháp phòng thủ nào liên quan đến việc bảo vệ theo chiều sâu?,Phòng Thủ Theo Chiều Sâu
Đại biểu được tham gia vào hệ thống đại diện như thế nào?,Đại biểu tham gia vào hệ thống đại diện gián tiếp qua một hệ thống đại diện.
Quyền lực tối cao được trao cho ai?,Quyền lực tối cao được trao cho nhân dân.
Những cuộc bầu cử tự do được tổ chức định kỳ như thế nào?,Những cuộc bầu cử tự do được tổ chức định kỳ.
Ai có thể được coi là phụ tá?,Một người được trao quyền hoặc được ủy quyền để hành động thay mặt cho người có thẩm quyền.
Vai trò của phụ tá trong bầu cử?,Viên chức phụ trách bầu cử có thể tuyên thệ trước công dân để thực hiện nhiệm vụ bầu cử chính thức với tư cách là phụ tá cho họ.
Ai có thể được ủy quyền hành động thay mặt?,Một người được trao quyền hoặc được ủy quyền để hành động thay mặt cho người có thẩm quyền.
Sự chỉ định là gì?,"Mô tả, tên hoặc chức danh chính thức."
Ở đâu có thể gửi chỉ định mô tả?,Ở một số khu vực pháp quyền.
Thiết bị là gì?,Đơn vị chức năng thực hiện các nhiệm vụ được chỉ định như một toàn thể tích hợp.
Đơn vị chức năng nào thực hiện tổng hợp nhiệm vụ?,Đơn vị chức năng thực hiện tổng hợp toàn bộ những nhiệm vụ được giao.
Digital Certificate là gì?,Digital Certificate (Chứng Nhận Kỹ Thuật Số) là một technology được sử dụng để áp dụng ứng dụng an toàn của Public Key Infrastructure (PKI).
PKI là gì?,"PKI là một tập hợp các vai trò, chính sách và thủ tục cần thiết để tạo, quản lý, phân phối, sử dụng, lưu trữ và thu hồi chứng nhận kỹ thuật số và quản lý mã hóa khóa công khai."
PKI là gì?,"PKI là một tập hợp nhiều chức năng, chính sách và thể thức cần thiết để tạo lập, quản lý, phân phối, sử dụng, lưu trữ và thu hồi chứng chỉ kỹ thuật số và quản lý mã hóa khóa công khai."
Chữ Ký Điện Tử là gì?,Chữ Ký Điện Tử là một hoạt động sử dụng khóa riêng tư để ký điện tử một tài liệu điện tử và khóa công khai để xác thực chữ ký.
Chữ Ký Điện Tử mang lại những lợi ích gì?,Chữ Ký Điện Tử cung cấp xác thực dữ liệu và bảo vệ toàn vẹn dữ liệu.
Mục đích của chữ ký điện tử?,Xác nhận và bảo vệ tính toàn vẹn của dữ liệu.
Làm thế nào để lưu trữ dữ liệu trên máy tính?,Phải mã hóa dữ liệu thành định dạng số.
Dữ liệu được lưu trữ trong máy điện toán phải được số hóa như thế nào?,Mọi dữ liệu được lưu trữ trong máy điện toán đều phải được số hóa.
Dạng kỹ thuật số của ký tự “A” là gì?,Dạng kỹ thuật số của ký tự “A” là byte: 01000001 (ASCII 65).
Cử tri quyết định về những gì trong Dân Chủ Trực Tiếp?,"sáng kiến về chính sách, sáng kiến, dự luật và qua trưng cầu dân ý"
Hình thức bầu cử nào được nhắc đến trong đoạn văn bản?,Cuộc Bầu Cử Sơ Bộ Trực Tiếp
Cách thức mà thành viên của một đảng đề cử ứng cử viên?,bằng bỏ phiếu trực tiếp
Loại thiết bị được sử dụng để bắt giữ phiếu bầu?,một thiết bị bắt giữ phiếu điện tử
Thiết bị này có thể lưu trữ phiếu bầu được không?,"Có, nó lưu trữ điện tử lựa chọn tranh cử khi có người bỏ phiếu."
Thiết bị này có thể cung cấp một bản tóm tắt lựa chọn tranh cử không?,"Có, nó cung cấp một bản tóm tắt những lựa chọn tranh cử này."
Thiết bị này có thể trình bày phiếu bầu điện tử được không?,"Có, nó trình bày điện tử một lá phiếu."
Hệ thống bỏ phiếu điện tử sử dụng thành phần điện tử cho chức năng gì?,"trình bày lá phiếu, bắt giữ phiếu bầu, ghi phiếu bầu và tổng hợp phiếu bầu"
Hệ thống bỏ phiếu điện tử có thể sản xuất báo cáo tổng hợp phiếu bầu như thế nào?,bằng cách lưu trữ dữ liệu phiếu bầu trong một thành phần bộ nhớ có thể tháo rời và in bản cứng
Hệ thống bỏ phiếu điện tử có thể lưu trữ dữ liệu phiếu bầu ở đâu?,trong một thành phần bộ nhớ có thể tháo rời và trong bản cứng in được
Làm thế nào phiếu bầu được thu thập và ghi lại?,"Phiếu bầu được thu thập, ghi lại và lập bảng phiếu bầu theo cách hợp lý và vật chất vào một đơn vị duy nhất."
Cái gì tạo ra một bảng kê dữ liệu phiếu bầu?,DRE tạo ra một bảng kê dữ liệu phiếu bầu được lưu trữ trong một bộ nhớ di động và bản in giấy.
Voter có thể xác nhận phiếu bầu của mình bằng cách nào?,"Voter có thể xác nhận phiếu bầu của mình bằng cách sử dụng một trong những phương thức trực tiếp, chẳng hạn như nhìn thấy phiếu bầu của mình."
Hệ thống bỏ phiếu nào có đặc tính ghi trên giấy có thể xác nhận được của cử tri?,DRE có đặc điểm ghi trên giấy có thể xác nhận được của cử tri.
Ví dụ về lá phiếu giấy có đặc tính gì?,Lá phiếu giấy Marksense.
Ghi chú về thư mục trong hệ thống bỏ phiếu?,Không có thông tin cụ thể về thư mục trong đoạn văn bản.
Thư mục là gì?,Thư mục là bản đồ nơi tập tin được lưu trữ.
Hầu hết hệ thống lưu trữ tập tin ở đâu?,Hầu hết hệ thống sẽ lưu trữ các tập tin trong thư mục mặc định.
Cấu trúc lưu trữ tập tin nào được mô tả trong đoạn văn bản?,Một cấu trúc lưu trữ tập tin trong đó các tập riêng lẻ được lưu trữ trong các thư mục riêng được phân cấp.
Tình trạng khuyết tật là gì?,Là một khiếm khuyết về thể chất hoặc tâm thần làm hạn chế đáng kể một hoặc nhiều hoạt động sống quan trọng.
Có bao nhiêu định nghĩa về tình trạng khuyết tật?,Có 3 định nghĩa về tình trạng khuyết tật.
Tình trạng khuyết tật được định nghĩa từ đâu?,Tình trạng khuyết tật được định nghĩa từ Americans with Disabilities Act.
Một người bị khuyết tật được định nghĩa như thế nào?,Một người bị khuyết tật được định nghĩa là người có khuyết tật thể chất hoặc tinh thần làm hạn chế một hoặc nhiều hoạt động quan trọng của cuộc sống.
Điều kiện nào được xem là bị khiếm khuyết?,Được xem là bị khiếm khuyết nếu có hồ sơ ghi chép tình trạng khiếm khuyết đó.
Định nghĩa về người bị khuyết tật dựa trên luật nào?,Định nghĩa về người bị khuyết tật dựa trên Đạo Luật Người Mỹ Khuyết Tật (ADA).
Người bị khuyết tật được định nghĩa như thế nào?,Người bị khuyết tật được định nghĩa là người bị khiếm khuyết về thể chất hoặc tinh thần làm hạn chế đáng kể một hoặc nhiều sinh hoạt quan trọng.
Người bị khuyết tật bao gồm ai?,"Người bị khuyết tật bao gồm người bị khiếm khuyết về thể chất hoặc tinh thần, người có tiểu sử hoặc hồ sơ về tình trạng khiếm khuyết đó, hoặc được những người khác xem là bị khiếm khuyết như vậy."
Người bị khuyết tật có thể bao gồm những người nào?,"Người bị khuyết tật có thể bao gồm những người bị khiếm khuyết về thể chất hoặc tinh thần, hoặc những người được những người khác xem là bị khiếm khuyết như vậy."
Cử tri khuyết tật có thể yêu cầu hỗ trợ trong tiến trình bầu cử khi nào?,Cử tri khuyết tật có thể yêu cầu hỗ trợ trong tiến trình bầu cử để tương tác với hệ thống không được thiết kế với thiết kế chung.
Kỳ thị là gì?,Kỳ thị là đối xử bất công.
Tước quyền bầu cử là gì?,Tước quyền bầu cử là tước quyền bầu cử của người nào đó.
Ai bị tước quyền bầu cử?,Ứng cử viên hoặc cử tri không đủ tiêu chuẩn tham gia vào tiến trình bầu cử.
Cử tri bị loại bỏ do lý do gì?,"Do phải rời bỏ nhà họ, thường là do thảm họa."
Gì là hành động loại bỏ một ứng cử viên hoặc cử tri?,Sự truất quyền dự tuyển.
Truất quyền dự tuyển là gì?,Tuyên bố một người nào đó không đủ điều kiện cho một chức vụ hoặc không thể tham gia vào tiến trình bầu cử.
Hành động truất quyền dự tuyển là gì?,Hành động hoặc vi phạm làm ứng cử viên hoặc cử tri không thể tham gia vào tiến trình bầu cử.
Tại sao một ứng cử viên hoặc cử tri bị truất quyền dự tuyển?,Do hành động hoặc vi phạm của họ làm cho họ không đủ điều kiện cho một chức vụ hoặc không thể tham gia vào tiến trình bầu cử.
Phân Chia Tiền Đóng Góp là gì?,Chi tiết chi phí của ứng cử viên chính trị hoặc vận động tranh cử.
Quận là gì?,Một phân khu chính trị được thành lập trong một khu vực địa lý cụ thể.
Đường Ranh Giới Quận là gì?,Đường phân chia các quận với nhau.
Số được chỉ định cho một khu vực chính trị là gì?,Số được chỉ định cho một khu vực chính trị là District Number (Quận Số #)
Văn phòng nào không được bỏ phiếu trên toàn tiểu bang?,Văn phòng của chính quyền liên bang hoặc tiểu bang không được bỏ phiếu trên toàn tiểu bang là District Office (Văn Phòng Quận)
Khi nào một cử tri được coi là bỏ phiếu hai lần?,Khi một cử tri bỏ phiếu nhiều hơn một phiếu bầu
Khi nào một cử tri được phép bỏ phiếu nhiều hơn một lá phiếu?,Không có thông tin cụ thể về điều này trong đoạn văn bản.
Lá phiếu được tải xuống từ đâu?,Không có thông tin cụ thể về việc tải xuống lá phiếu trong đoạn văn bản.
Vì sao cần tải xuống dữ liệu?,Để chuyển dữ liệu từ một thiết bị lớn sang bộ nhớ của thiết bị khác.
Thiết bị nào có thể nhận dữ liệu được chuyển từ máy điện toán lớn?,"Máy điện toán nhỏ hơn, điện thoại khôn ngoan hay thiết bị lưu trữ"
Tại sao dữ liệu được chuyển từ một vị trí sang một máy điện toán khác?,Để truyền dữ liệu từ một vị trí sang một máy điện toán khác
Đoạn văn bản trên định nghĩa gì là Dox?,Công bố thông tin làm tổn hại hoặc phỉ báng một người hoặc tổ chức trên Internet.
Drop Box là gì?,"Một thùng chứa có khóa, đặt ở trong nhà hoặc ngoài trời, cho cử tri có thể gửi lại lá phiếu đã được gửi qua bưu điện."
Tại sao người ta sử dụng Drop Box?,Để cho cử tri có thể trả lại lá phiếu đã được gửi qua bưu điện cho các quan chức bầu cử trực tiếp.
Lá phiếu trùng lặp là gì?,Một lá phiếu được thay thế cho một lá phiếu bị hỏng hoặc có một phần không phù hợp.
Tại sao lá phiếu trùng lặp thường được lập lại?,Những lá phiếu trùng lặp thường được lập lại theo một tiến trình được quy định.
Lá phiếu trùng lặp được lập lại như thế nào?,"Lá phiếu trùng lặp được lập lại theo một tiến trình được quy định, theo đó lá phiếu bị hỏng được lập lại vàVotes từ lá phiếu bị hỏng được sao chép vào lá phiếu mới."
Hỏng phiếu được sao chép vào đâu?,Một lá phiếu khác cho máy quét lập bảng kiểm phiếu.
Hàng thông tin hoặc tài liệu giống hệt nhau được gọi là gì?,Duplicate Records (Hồ Sơ Trùng Lặp)
Ghi danh trùng lặp là gì?,"Một ứng dụng để đăng ký bầu cử từ một người đã đăng ký bầu cử tại cùng địa chỉ, dưới cùng tên và thông tin cá nhân."
"Đơn ghi danh bỏ phiếu từ một người đã ghi danh bỏ phiếu ở cùng địa chỉ, cùng tên và thông tin cá nhân được gọi là gì?","Đơn ghi danh bỏ phiếu từ một người đã ghi danh bỏ phiếu ở cùng địa chỉ, cùng tên và thông tin cá nhân."
Thiết bị tự động hóa tiến trình kiểm tra cử tri có thể được đặt ở đâu?,phân khu bầu cử cùng với bản sao riêng của danh sách cử tri ghi danh
Sổ phiếu điện tử có thể được kết nối với hệ thống gì?,hệ thống ghi danh cử tri trung tâm
Sổ phiếu điện tử có thể được sử dụng để làm gì?,kiểm tra và cập nhật hồ sơ cử tri trong thời gian thực
Bỏ phiếu sớm là gì?,Bỏ phiếu trước ngày bầu cử khi cử tri hoàn tất việc bỏ phiếu trực tiếp tại văn phòng bầu cử hoặc địa điểm bỏ phiếu được chỉ định khác trước ngày bầu cử.
Có thể bỏ phiếu sớm bằng cách nào?,"Có thể bỏ phiếu sớm bằng cách hoàn tất việc bỏ phiếu trực tiếp tại văn phòng bầu cử hoặc địa điểm bỏ phiếu được chỉ định khác trước ngày bầu cử, hoặc bỏ phiếu bằng phiếu bầu qua đường bưu điện trước ngày bầu cử."
Bỏ phiếu sớm có thể bao gồm việc gì?,"Bỏ phiếu sớm có thể bao gồm việc bỏ phiếu trực tiếp tại văn phòng bầu cử hoặc địa điểm bỏ phiếu được chỉ định khác trước ngày bầu cử, hoặc bỏ phiếu bằng phiếu bầu qua đường bưu điện trước ngày bầu cử."
Ai được ủy quyền để tham gia hoặc quan sát cuộc bầu cử và thể thức bỏ phiếu trước ngày bầu cử?,Một nhóm người được cơ quan địa phương ủy quyền.
Lá phiếu có thể được gửi qua thư hoặc cách nào khác?,Lá phiếu có thể được gửi qua thư hoặc lá phiếu khiếm diện.
Hội Đồng Phụ Trách Bỏ Phiếu Sớm có nhiệm vụ gì?,Hội Đồng Phụ Trách Bỏ Phiếu Sớm chịu trách nhiệm tham gia hoặc quan sát cuộc bầu cử và thể thức bỏ phiếu trước ngày bầu cử.
Vai trò của Early Voting Clerk là gì?,Một viên chức chịu trách nhiệm giám sát việc bỏ phiếu sớm.
Hành động nào được gọi là Elect?,Hành động lựa chọn người giữ chức vụ công qua bầu cử công khai.
Ai được gọi là Elected?,Các ứng cử viên nhận được số phiếu bầu cao nhất hoặc số phiếu bầu yêu cầu trong một cuộc bầu cử cho chức vụ công.
Chức vụ được bầu chọn là gì?,Một chức vụ được bầu chọn chánh yếu và chỉ qua bầu cử.
Ai là những người được bầu chọn?,Những cá nhân đã được bầu chọn để nắm giữ chức vụ công hoặc ứng cử viên được chỉ định thay thế việc được bầu chọn vào một chức vụ công.
Số phiếu bầu cần thiết để được bầu chọn là gì?,Không có thông tin cụ thể về số phiếu bầu cần thiết trong đoạn văn bản.
Người được bầu giữ chức vụ công hoặc ứng cử viên được bổ nhiệm thay cho người được bầu vào chức vụ công là gì?,Người được bầu giữ chức vụ công hoặc ứng cử viên được bổ nhiệm thay cho người được bầu vào chức vụ công.
Elected positions có thời gian giữ chức vụ bao lâu?,"Thường là hai, bốn hoặc sáu năm."
"Nếu có vị trí trống giữa nhiệm kỳ, thì ứng cử viên sẽ giữ chức vụ đến khi nào?",Đến hết nhiệm kỳ ban đầu.
Nhiệm kỳ của vị trí được bầu thường là bao lâu?,"Hai, bốn hoặc sáu năm"
"Nếu giữa nhiệm kỳ có vị trí còn trống, ứng cử viên sẽ được bầu trong bao lâu?",Cho đến hết nhiệm kỳ ban đầu
Election là gì?,Một quá trình chính thức để lựa chọn một người vào văn phòng công cộng hay chấp thuận hoặc phản đối một đề nghị chính trị bằng cách bỏ phiếu.
Tiến trình quản lý cuộc bầu cử bao gồm những hành động gì?,"quản lý, điều hành và giám sát một cuộc bầu cử."
Đánh giá cuộc bầu cử là gì?,đánh giá và phân tích bất kỳ cuộc bầu cử hoặc quá trình bỏ phiếu nào.
Ủy ban hỗ trợ bầu cử có tên gọi là gì?,Ủy Ban Hỗ Trợ Bầu Cử
Election Assistance Commission được tạo ra bởi văn bản nào?,Help America Vote Act (HAVA)
EAC có trách nhiệm gì?,"Tạo ra hướng dẫn hệ thống bỏ phiếu, vận hành chương trình chứng nhận hệ thống bỏ phiếu liên bang và duy trì mẫu đăng ký cử tri quốc gia"
EAC có nhiệm vụ gì?,"Trợ giúp các bang trong việc tuân thủ HAVA, phân phối quỹ HAVA cho các bang và thực hiện nghiên cứu"
Ủy Ban Hỗ Trợ Bầu Cử (EAC) được thành lập theo luật nào?,"Đạo Luật Trợ Giúp Mỹ Bỏ Phiếu (Help America Vote Act, hay HAVA)"
EAC có trách nhiệm gì đối với hệ thống bỏ phiếu?,Đưa ra hướng dẫn cho hệ thống bỏ phiếu
EAC chịu trách nhiệm gì?,"Lưu giữ Mẫu Ghi Danh Cử Tri Quốc Gia, nghiên cứu và quản lý cơ quan thanh toán quốc gia về các cuộc bầu cử."
Cơ quan nào chịu trách nhiệm giám sát cuộc bầu cử trong một khu vực pháp quyền?,Viên chức chịu trách nhiệm giám sát cuộc bầu cử trong một khu vực pháp quyền.
Lá phiếu bầu cử được gọi là gì?,Lá phiếu bầu cử được gọi là Lá Phiếu Bầu Cử.
Hình thức trình bày chính thức của lá phiếu bầu cử là gì?,tất cả những vòng tranh cử được quyết định trong một cuộc bầu cử cụ thể
Cơ chế nào cho phép cử tri thể hiện mong muốn của mình?,là cơ chế để cử tri cho biết mong muốn của mình
Ai thường bổ nhiệm thành viên của Hội Đồng Bầu Cử?,Chính quyền địa phương
Hội Đồng Bầu Cử chịu trách nhiệm kiểm soát gì?,Các cuộc bầu cử và thủ tục bỏ phiếu
Lịch Trình Bầu Cử là gì?,Danh sách chính thức các ngày quan trọng và thời hạn bỏ phiếu cho một cuộc bầu cử
Vận động bầu cử là gì?,Một loạt những hoạt động dân chủ để ảnh hưởng đến một cuộc bỏ phiếu chính trị thuận hoặc chống lại những ứng cử viên hoặc các câu hỏi trên lá phiếu.
Mục tiêu của vận động bầu cử là gì?,Ảnh hưởng đến một cuộc bỏ phiếu chính trị để lựa chọn ứng cử viên hoặc quyết định các câu hỏi trên lá phiếu.
Thể thức nào được sử dụng để xác nhận kết quả chính thức cuối cùng của cuộc bầu cử?,Thể thức xác nhận kết quả chính thức cuối cùng của cuộc bầu cử từ khu vực pháp quyền.
Các nguồn nào được sử dụng để tính toán kết quả bầu cử?,"kết quả từ phiếu bầu hợp lệ từ tất cả các nguồn (ngày bầu cử, bỏ phiếu vắng mặt, bỏ phiếu sớm, phiếu bầu tạm thời, v.v.)"
Ai có trách nhiệm xác minh và phê duyệt kết quả bầu cử?,những người có trách nhiệm pháp lý
Kết quả kiểm đếm lá phiếu được xác nhận và phê duyệt bởi ai?,Những người có trách nhiệm pháp lý.
Ai có thể tham gia vào việc quản lý hoặc tổ chức một cuộc bầu cử?,"Mọi người liên quan đến việc quản lý hoặc tổ chức một cuộc bầu cử, bao gồm cả nhân viên chính phủ và nhân viên tạm thời bầu cử."
Ai có thể tham gia vào việc quản lý hoặc tổ chức bầu cử?,"Bất kỳ người nào tham gia vào việc quản lý hoặc tổ chức bầu cử, bao gồm cả nhân viên chính quyền."
Người nào có thể được coi là người tham gia vào việc quản lý hoặc tổ chức bầu cử?,"Election judge, thành viên của một hội đồng bầu cử, người đứng đầu bầu cử trung tâm, người làm việc bầu cử ngày bầu cử, thành viên của hội đồng giám sát quận, thành viên hoặc thư ký của hội đồng quản trị được ủy quyền tổ chức bầu cử công cộng, đại diện của một cơ quan quản lý, hoặc người khác tham gia vào việc thực hiện nhiệm vụ bầu cử theo yêu cầu của mã bầu cử."
Người nào có thể được coi là đại diện của một cơ quan quản lý?,Đại diện của một cơ quan quản lý.
Ai có thể là nhân viên bầu cử tạm thời?,"Có thể bao gồm bất kỳ lục sự và người ghi chép tại quận, thẩm phán bầu cử, thành viên của hội đồng kiểm duyệt, viên chức bầu cử trung ương, nhân viên làm việc vào ngày bầu cử, thành viên của các ủy viên quận, thành viên hoặc lục sự của ban giám đốc được ủy quyền tổ chức bầu cử công khai, đại diện của một cơ quan quản lý hoặc một người tham gia vào việc thực hiện các nhiệm vụ bầu cử theo đòi hỏi của bộ luật bầu cử."
Ủy Ban Bầu Cử được bổ nhiệm bởi ai?,chính quyền địa phương
Vòng Tranh Cử liên quan đến gì?,các cuộc bầu cử và thủ tục bỏ phiếu
Một quyết định bầu cử có thể bao gồm những gì?,Một quyết định duy nhất hoặc một tập hợp các quyết định liên quan được đưa ra trước cử tri.
"Thuật ngữ nào bao gồm những thuật ngữ như “vòng tranh cử”, “câu hỏi” và “vấn đề”?","Thuật ngữ này bao gồm những thuật ngữ khác như “vòng tranh cử”, “câu hỏi” và “vấn đề” đôi khi được sử dụng để nói đến loại tranh cử cụ thể."
Một lá phiếu có thể dùng cho bao nhiêu tranh cử?,Một lá phiếu có thể dùng cho nhiều tranh cử.
Đóng góp bầu cử là gì?,"Bất kỳ giá trị nào được cho, cho vay hoặc trả trước để ảnh hưởng đến một cuộc bỏ phiếu chính trị cho hoặc chống lại những ứng cử viên hoặc các câu hỏi bỏ phiếu."
Mục đích của đóng góp bầu cử?,Để ảnh hưởng đến một cuộc bỏ phiếu chính trị cho hoặc chống lại những ứng cử viên hoặc các câu hỏi bỏ phiếu.
Cơ sở dữ liệu bầu cử chứa thông tin gì?,"Thông tin địa lý về các phân khu và ranh giới chính trị, tất cả tranh cử và câu hỏi được đưa vào một cuộc bầu cử và các ứng cử viên cho mỗi lần tranh cử."
Election Databases là gì?,Cơ sở dữ liệu bầu cử.
Khu vực bầu cử là gì?,Khu vực bầu cử là một khu vực địa lý liên tục được đại diện bởi một quan chức công cộng được bầu bởi cử tri cư trú trong ranh giới của khu vực.
Khu vực bầu cử có thể bao gồm toàn bộ một bang hay một đơn vị hành chính nào đó?,"Có, khu vực bầu cử có thể bao gồm toàn bộ một bang hay một đơn vị hành chính, hoặc chỉ là một phần của bang hay đơn vị hành chính đó."
Khu vực bầu cử có thể bao gồm nhiều đơn vị hành chính khác nhau?,"Có, khu vực bầu cử có thể bao gồm các phần của nhiều đơn vị hành chính khác nhau."
Khu vực địa lý tiếp giáp được đại diện bởi ai?,Một viên chức chánh phủ được cử tri cư trú trong ranh giới quận bầu chọn.
Phân Ban Bầu Cử có nhiệm vụ gì?,Administering elections (điều hành bầu cử)
Khu vực có thể bao gồm những gì?,"Toàn bộ tiểu bang hoặc phân khu chính trị, một phần của tiểu bang hoặc phân khu chính trị, hoặc các phần của nhiều hơn một phân khu chính trị"
Thiết bị bầu cử bao gồm những gì?,Tất cả các thiết bị cần thiết để bầu cử và bỏ phiếu.
Thiết bị bầu cử có thể bao gồm những loại thiết bị nào?,"Kỹ thuật như sổ điện tử, máy bỏ phiếu, và các thiết bị khác bao gồm bàn bỏ phiếu và biển báo bỏ phiếu."
Ban chính phủ chịu trách nhiệm gì?,Quản lý các cuộc bầu cử.
Thiết bị nào không được coi là máy bỏ phiếu?,các thiết bị phi kỹ thuật khác
Gian lận bầu cử là gì?,Trình bày sai hoặc thay đổi kết quả thực sự của một cuộc bầu cử
Ai chịu trách nhiệm đảm bảo bầu cử được tiến hành đúng quy trình và trật tự?,Thanh tra viên bầu cử
"Một cuộc bầu cử chuyên nghiệp, vô tư và minh bạch như thế nào?","Một cuộc bầu cử chuyên nghiệp, vô tư và minh bạch trong quá trình chuẩn bị và điều hành trong suốt chu kỳ bầu cử."
Ai là người chịu trách nhiệm về việc bầu cử?,Không có thông tin cụ thể về người chịu trách nhiệm về việc bầu cử trong đoạn văn bản.
Trưởng Ban Bầu Cử có nhiệm vụ gì?,"Trưởng Ban Bầu Cử chịu trách nhiệm về việc bầu cử chuyên nghiệp, vô tư và minh bạch trong quá trình chuẩn bị và điều hành trong suốt chu kỳ bầu cử."
Vai trò của viên chức trong quá trình bỏ phiếu?,Viên chức chịu trách nhiệm về việc bỏ phiếu phù hợp và có trật tự tại địa điểm bỏ phiếu hoặc tiến trình bầu cử.
Khu vực nào được coi là khu vực pháp quyền bầu cử?,Một khu vực địa lý được cấp quyền quản lý bầu cử cho các vị trí chính trị hoặc hành chính.
Các cấp độ nào được áp dụng cho khu vực pháp quyền bầu cử?,"Các cấp độ địa phương, bang và liên bang."
Khu vực pháp quyền áp dụng cho cấp nào?,"Cấp địa phương, tiểu bang và liên bang"
Bộ Hồ Sơ Bầu Cử được sử dụng để hỗ trợ cử tri tại địa điểm nào?,Một địa điểm bỏ phiếu
Các ví dụ về khu vực pháp quyền bao gồm?,"Các tiểu bang, quận, thành phố, thị trấn"
Luật Bầu Cử là gì?,Các luật chính thức quy định quá trình bầu cử.
Hệ Thống Quản Lý Bầu Cử bao gồm những chức năng gì?,"Các chức năng bao gồm định nghĩa, phát triển và duy trì cơ sở dữ liệu bầu cử, thực hiện các chức năng định nghĩa và thiết lập bầu cử, định dạng phiếu bầu, đếm phiếu, tổng hợp và báo cáo kết quả, và duy trì các bản ghi kiểm toán."
Hệ Thống Quản Lý Bầu Cử có nhiệm vụ gì?,"Hệ thống này định nghĩa, phát triển và duy trì cơ sở dữ liệu bầu cử, thực hiện các chức năng định nghĩa và thiết lập bầu cử, định dạng phiếu bầu, đếm phiếu, tổng hợp và báo cáo kết quả, và duy trì các bản ghi kiểm toán."
Hệ thống bỏ phiếu được sử dụng để làm gì?,"Xác định, phát triển và duy trì cơ sở dữ liệu bầu cử, thực hiện các định nghĩa và chức năng tổ chức bầu cử."
Tài liệu nào được sử dụng để hỗ trợ cử tri và tiến trình bầu cử?,Tài Liệu Bầu Cử (Election Materials)
Hệ thống bỏ phiếu có chức năng gì?,"Định dạng phiếu bầu, kiểm phiếu, tổng hợp và báo cáo kết quả cũng như lưu giữ các bằng chứng kiểm tra."
Lập bảng kết quả phiếu bầu vào thời điểm nào?,"Vào đêm bầu cử, sau khi đóng các phòng phiếu."
Ai chịu trách nhiệm điều hành một cuộc bầu cử?,Một viên chức bầu cử.
Thể thức nào liên quan đến việc lập bảng kết quả phiếu bầu?,Election Night Tabulation
Ai là những người quản lý và tổ chức bầu cử?,Những người quản lý và tổ chức bầu cử bao gồm nhân viên chính phủ và nhân viên phòng bỏ phiếu.
Lệnh Bầu Cử là gì?,Lệnh Bầu Cử là một thuật ngữ pháp lý được sử dụng khi một cơ quan chính phủ được ủy quyền tuyên bố rằng một cuộc bầu cử sẽ diễn ra vào một thời điểm cụ thể.
Các Viên Chức Bầu Cử bao gồm những người nào?,"Các Viên Chức Bầu Cử bao gồm những người liên quan đến việc quản lý và tổ chức bầu cử, bao gồm nhân viên chính phủ và nhân viên phòng bỏ phiếu."
Thuật ngữ pháp lý khi một cơ quan chính phủ có thẩm quyền tuyên bố sẽ tổ chức bầu cử vào một thời điểm cụ thể là gì?,place at a particular time.
Phân khu bầu cử là gì?,Election Precinct (Phân Khu Bầu Cử)
Phân ban quản lý bầu cử tương ứng với khu vực địa lý tiếp giáp là cơ sở để xác định gì?,các cuộc tranh luận và vấn đề mà cử tri hợp pháp cư trú trong khu vực đó được phép bỏ phiếu
Ai là người chịu trách nhiệm về việc bỏ phiếu phù hợp và có trật tự tại địa điểm bỏ phiếu?,Viên chức Phân Khu Bầu Cử
Cử tri cư trú hợp pháp tại khu vực nào được quyền bỏ phiếu?,Cử tri cư trú hợp pháp tại khu vực đó
Ai chịu trách nhiệm về việc lập trình bầu cử?,Không có thông tin cụ thể trong đoạn văn bản
Ai sử dụng phần mềm hệ thống bỏ phiếu để xác định lá phiếu hợp lệ?,Nhân viên bầu cử hoặc những người được chỉ định.
Ai chịu trách nhiệm quản lý bầu cử?,Nhân viên Ghi Danh Bầu Cử.
Làm thế nào để kiểm đếm phiếu bầu trong một cuộc bầu cử?,Kiểm đếm phiếu bầu trong một cuộc bầu cử sau khi đóng các phòng phiếu.
Niêm Phong Vật Liệu Bầu Cử là gì?,Một cơ chế an toàn sử dụng các tài liệu có khả năng chống giả mạo hoặc sắp xếp theo sách lược.
Mục đích của Niêm Phong Vật Liệu Bầu Cử?,Cảnh giác các viên chức nếu một thiết bị được dùng trong quá trình bầu cử có khả năng bị thay đổi hoặc bị truy cập trái phép.
Các loại tài liệu nào được sử dụng trong Niêm Phong Vật Liệu Bầu Cử?,Các tài liệu biết rõ có khả năng chống giả mạo hoặc sắp xếp theo sách lược.
Vai trò của Giám Sát Bầu Cử là gì?,Một viên chức chịu trách nhiệm điều hành một cuộc bầu cử hoặc tiến trình bầu cử.
Hệ thống Bầu Cử là gì?,"Một hệ thống dựa trên công nghệ được sử dụng để thu thập, xử lý và lưu trữ dữ liệu liên quan đến bầu cử và quản lý bầu cử."
Giám Sát Bầu Cử chịu trách nhiệm điều hành gì?,Một cuộc bầu cử hoặc tiến trình bầu cử.
Hệ thống bầu cử bao gồm những gì?,"Hệ thống bầu cử bao gồm các hệ thống ghi danh cử tri, mạng lưới về bầu cử công khai, và các hệ thống khác như hệ thống bỏ phiếu, hệ thống tổng hợp phiếu, hệ thống điện tử, hệ thống báo cáo kết quả bầu cử và thiết bị kiểm toán."
Hệ thống bầu cử có thể được sử dụng để làm gì?,"Hệ thống bầu cử có thể được sử dụng để thu thập, xử lý và lưu trữ dữ liệu liên quan đến bầu cử và quản lý bầu cử."
Hệ thống bầu cử bao gồm những gì ngoài các hệ thống kỹ thuật?,"Hệ thống bầu cử bao gồm cả các thủ tục, người, nguồn lực, thiết bị và địa điểm liên quan đến việc tổ chức bầu cử."
Hệ thống nào được dùng để lập bảng kiểm phiếu?,Hệ thống lập bảng kiểm phiếu
Hệ thống nào được dùng để báo cáo kết quả bầu cử?,Hệ thống báo cáo kết quả bầu cử
Thể thức cố gắng thuyết phục mọi người bỏ phiếu là gì?,"Thể thức cố gắng thuyết phục mọi người bỏ phiếu chấp thuận hoặc chống lại một ứng cử viên, dự luật hoặc đảng chính trị cụ thể."
Ai chịu trách nhiệm quản lý bầu cử?,Một nhân viên chịu trách nhiệm quản lý bầu cử.
Chức vụ nào được bầu chọn chánh yếu và chỉ qua bầu cử?,Một chức vụ được bầu chọn chánh yếu và chỉ qua bầu cử.
Một cử tri là ai?,Một người đủ tiêu chuẩn để bỏ phiếu trong một cuộc bầu cử.
Cử tri được bổ nhiệm để bầu ai?,tổng thống và phó tổng thống trong cử tri đoàn
Ai được bổ nhiệm để bầu tổng thống và phó tổng thống?,Một người được một tiểu bang ở Hoa Kỳ bổ nhiệm
Một ứng cử viên được bổ nhiệm để bầu cử tổng thống và phó tổng thống ở Hoa Kỳ?,"Đúng, một ứng cử viên được một tiểu bang ở Hoa Kỳ bổ nhiệm để bầu cử tổng thống và phó tổng thống trong cử tri đoàn."
Ai chịu trách nhiệm kiểm soát các cuộc bầu cử và thủ tục bỏ phiếu?,"Một nhóm người được gọi là Hội Đồng Bầu Cử, thường được bổ nhiệm bởi chính quyền địa phương."
"Ở Hoa Kỳ, ứng cử viên được bổ nhiệm để bầu cử tổng thống và phó tổng thống trong cơ quan nào?",Ứng cử viên được bổ nhiệm để bầu cử tổng thống và phó tổng thống trong cử tri đoàn.
Đại Cử Tri Đoàn là gì?,Một nhóm những người đại diện cho các tiểu bang của Hoa Kỳ chính thức bỏ phiếu bầu tổng thống và phó tổng thống.
Chu Kỳ Bầu Cử là gì?,Thời gian từ hành động chính thức đầu tiên trong một cuộc bầu cử đến hành động chính thức cuối cùng.
Đại Cử Tri Đoàn đại diện cho ai?,Các tiểu bang của Hoa Kỳ
Giai đoạn bầu cử được thực hiện như thế nào?,Votes cast by members of the electoral college
Giai đoạn trước bầu cử và giai đoạn sau bầu cử được gọi là gì?,Giai đoạn trước bầu cử và giai đoạn sau bầu cử
Toàn bộ cử tri bao gồm những người nào?,Tất cả những người trong một khu vực pháp quyền chính trị có quyền bỏ phiếu trong một cuộc bầu cử.
Phân Phát Phiếu Bầu Điện Tử là gì?,Là việc phân phát phiếu bầu và thông tin cử tri qua điện tử.
MOVE Act yêu cầu các bang phải làm gì?,"Cung cấp cho mỗi bang việc phân phát phiếu bầu và thông tin cử tri qua điện tử (qua fax, email hoặc một ứng dụng hỗ trợ Internet)."
Ai có thể nhận phiếu bầu và thông tin điện tử?,Cử tri đăng ký ở khu vực bầu cử và có khả năng bị hạn chế hoặc bị ảnh hưởng bởi các tình huống đặc biệt.
Đạo Luật MOVE đòi hỏi gì?,Phân phát phiếu bầu và gói thông tin cử tri bằng phương thức điện tử.
Các khu vực nào cho phép cử tri nhận phiếu bầu điện tử?,"Một số khu vực cho phép cử tri có khuyết tật, cử tri bị di dời hoặc các tình huống khác."
Phương thức phân phát phiếu bầu và thông tin liên quan cho cử tri Thường Dân Thống Nhất Ở Nước Ngoài là gì?,"phương thức điện tử (qua điện sao, điện thư hoặc ứng dụng được hỗ trợ trên mạng)"
Cử tri nào được phép bầu bằng phiếu bầu điện tử?,"cử tri khuyết tật, cử tri đã bị dời chỗ hoặc các trường hợp khác cử tri cư trú trong khu vực pháp quyền được bầu bằng phiếu bầu điện tử"
Làm thế nào để cử tri Thường Dân Thống Nhất Ở Nước Ngoài nhận được phiếu bầu và thông tin liên quan?,mỗi tiểu bang phân phát theo văn phòng bầu cử địa phương tới các cử tri Thường Dân Thống Nhất Ở Nước Ngoài đã ghi danh
Có thể gởi lại phiếu bầu đã đánh dấu bằng cách nào?,"Có thể gởi lại phiếu bầu đã đánh dấu qua điện thoại, điện thư hoặc ứng dụng được mạng internet hỗ trợ."
Đôi khi phiếu bầu qua mạng được gọi bằng cái tên nào?,Đôi khi phiếu bầu qua mạng được gọi là “Bỏ Phiếu qua Mạng.”
Hồ sơ phiếu bầu điện tử được gọi bằng cái tên nào?,Hồ Sơ Phiếu Bầu Cử Điện Tử
Electronic Poll Book là gì?,"Là thiết bị tự động hóa một phần quá trình kiểm tra phiếu bầu, gán phiếu bầu đúng loại cho cử tri và đánh dấu cử tri đã được phát phiếu bầu."
Hồ sơ điện tử là gì?,Hồ sơ điện tử là thông tin do máy điện toán ghi nhận được lập ra hoặc nhận được trong quá trình cơ quan hoặc cá nhân hoạt động.
Các ví dụ về hồ sơ điện tử bao gồm?,"Các ví dụ về hồ sơ điện tử bao gồm tin nhắn email, tài liệu được xử lý bằng máy tính, bảng tính điện tử, hình ảnh kỹ thuật số và cơ sở dữ liệu."
Hồ sơ điện tử được sử dụng trong quá trình gì?,"Hồ sơ điện tử được sử dụng trong quá trình khởi xướng, tiến hành hoặc hoàn thành hoạt động của cơ quan hoặc cá nhân."
Hồ sơ điện tử có thể bao gồm những gì?,"Điện thư, tài liệu viết văn bản, bảng tính điện tử, hình ảnh kỹ thuật số và cơ sở dữ liệu."
ERTS là gì?,Hệ Thống Theo Dõi và Báo Cáo Điện Tử (ERTS)
ERTS được sử dụng để làm gì?,Tạo và theo dõi kế hoạch kiểm tra mẫu nguồn cố định và báo cáo điện tử.
Hệ thống ERT được dùng để làm gì?,Lập ra các hoạch định và báo cáo kiểm tra lấy mẫu nguồn cố định dạng điện tử.
ERT bao gồm tài liệu hỗ trợ gì?,Tạo một báo cáo điện tử đầy đủ để nộp cho cơ quan quản lý.
Lưu trữ dữ liệu người dùng theo phương thức điện tử được thực hiện ở đâu?,"Máy điện toán, liên mạng hoặc hệ thống điện toán."
Dữ liệu người dùng có thể bị xử lý như thế nào trong quá trình lưu trữ?,"Có thể bị nhớ lại, tiếp tục chỉnh sửa, xóa bỏ hoặc truyền tải."
Lưu trữ dữ liệu điện tử bao gồm việc lưu trữ thông tin nào?,Bất kỳ lưu trữ hoặc giao tiếp điện tử nào bằng dịch vụ giao tiếp điện tử hoặc dịch vụ tính toán từ xa.
Lưu trữ điện tử là gì?,Lưu trữ điện tử bao gồm bất kỳ lưu trữ hoặc trao đổi thông tin điện tử nào bằng dịch vụ trao đổi thông tin điện tử hoặc dịch vụ máy điện toán từ xa.
Electronic Voter Interface là gì?,"Electronic Voter Interface (Giao Diện Tiếp Xúc với Cử Tri Qua Điện Tử) là một phần tử trong hệ thống bỏ phiếu, chịu trách nhiệm truyền thông tin phiếu bầu đến cử tri qua video."
Hệ thống máy điện toán có thể bị ảnh hưởng như thế nào?,"Hệ thống máy điện toán bất kể dữ liệu có bị thu hồi, thao tác thêm, xóa hoặc truyền đi."
Hệ thống phụ trong hệ thống bỏ phiếu gởi thông tin phiếu bầu cho cử tri dưới dạng gì?,"ghi hình, âm thanh hoặc định dạng thay thế khác"
Cử tri có thể lựa chọn ứng cử viên và đưa ra các vấn đề bằng cách nào?,giọng nói hoặc hành động
Bỏ phiếu điện tử là gì?,Bỏ phiếu bằng các phương thức điện tử để hỗ trợ hoặc tạo điều kiện cho việc bỏ phiếu và kiểm phiếu.
Electronic Voting Accessibility là gì?,"Hệ thống bỏ phiếu điện tử có các tính năng truy cập được, bao gồm màn hình cảm ứng và âm thanh, cho phép cử tri có khuyết tật bỏ phiếu bí mật mà không cần sự hỗ trợ."
Electronic Voting có mục đích gì?,Cung cấp phương tiện điện tử để hỗ trợ hoặc tạo điều kiện cho việc bỏ phiếu và kiểm phiếu.
Hệ thống bỏ phiếu điện tử có tính năng gì?,"Hệ thống bỏ phiếu điện tử có màn hình cảm ứng và âm thanh, giúp cử tri khuyết tật có thể bỏ phiếu kín mà không cần trợ giúp."
Thuật ngữ nào thường được dùng để chỉ DRE?,Thuật ngữ thường được dùng để chỉ DRE là Electronic Voting Machine.
Hệ thống nào dùng bộ phận điện tử?,Bất kỳ hệ thống nào dùng bộ phận điện tử đều được gọi là Electronic Voting System.
Một hệ thống bỏ phiếu điện tử có thể bao gồm nhiều thiết bị gì?,"Một hoặc nhiều thiết bị được tích hợp để thực hiện các chức năng như trình bày phiếu bầu, bắt giữ phiếu bầu, ghi phiếu bầu và tổng hợp phiếu bầu."
Một DRE là gì?,"Một DRE là một hệ thống bỏ phiếu điện tử được tích hợp về mặt chức năng và vật lý, cung cấp tất cả bốn chức năng điện tử trong một thiết bị duy nhất."
Một hệ thống scan quang học (optical scan) hoạt động như thế nào?,Một hệ thống scan quang học cho phép người dùng đánh dấu phiếu bầu trên phiếu bầu giấy bằng một công cụ đánh dấu.
Hệ thống bỏ phiếu điện tử có bao nhiêu bộ phận điện tử?,Một hoặc nhiều bộ phận điện tử
Thiết bị nào cung cấp chức năng ghi nhận phiếu bầu?,"Thiết bị tabulation, thiết bị ballot marking"
Hệ thống bỏ phiếu điện tử có bao nhiêu chức năng được thực hiện bởi phiếu bầu giấy?,"Ba chức năng: trình bày, bắt giữ phiếu bầu và ghi nhận phiếu bầu"
Hệ thống DRE có chức năng gì?,"Hệ thống DRE cung cấp tất cả bốn chức năng: trình bày phiếu bầu, thu thập phiếu bầu, ghi phiếu bầu và lập bảng bằng phương thức điện tử trong một thiết bị duy nhất."
Hệ thống quét quang học sử dụng phiếu bầu giấy như thế nào?,Cử tri đánh dấu phiếu bầu giấy bằng dụng cụ đánh dấu rồi đặt phiếu bầu vào một thiết bị lập bảng.
Hệ thống quét quang học có tên gọi khác là gì?,Hệ thống quét quang học còn được gọi là Marksense.
Phiếu bầu giấy có chức năng gì?,"Trình bày, thu thập và ghi phiếu bầu."
Hệ thống quét quang học có thêm bộ phận điện tử nào?,Bộ phận điện tử thứ hai để trình bày và thu thập phiếu bầu.
Kết quả bầu cử được lập bảng trên thiết bị gì?,Một thiết bị điện tử.
Tiêu chuẩn để giữ một chức vụ công là gì?,Tất cả các đòi hỏi pháp lý để giữ một chức vụ công.
Ai có thể tham gia vào tiến trình bầu cử?,Các ứng cử viên đã hoàn tất tất cả những điều kiện cần thiết và đáp ứng tất cả các đòi hỏi pháp lý.
Điều kiện cần thiết để tham gia vào tiến trình bầu cử là gì?,Đã hoàn tất tất cả những điều kiện cần thiết và đáp ứng tất cả các đòi hỏi pháp lý.
Tại sao một số người không xuất hiện trong danh sách cử tri đủ tiêu chuẩn?,Bởi vì họ sống ở bang có đăng ký cử tri cùng ngày hoặc không có đăng ký trước thời gian
Ai có thể được lập bảng phiếu bầu?,Những người không có tên trong danh sách cử tri đủ tiêu chuẩn vì họ sống tại một tiểu bang ghi danh cùng ngày hoặc không có ghi danh và không được hoặc không thể ghi danh trước thời hạn.
Ai được coi là đủ tiêu chuẩn để bỏ phiếu?,Một người đáp ứng các đòi hỏi đặt ra trong một phân ban chính trị để có thể bỏ phiếu.
Điều kiện gì sẽ khiến một người không được lập bảng phiếu bầu?,Người đó không có tên trong danh sách cử tri đủ tiêu chuẩn vì họ sống tại một tiểu bang ghi danh cùng ngày hoặc không có ghi danh và không được hoặc không thể ghi danh trước thời hạn.
Ai là các cử tri đủ tiêu chuẩn?,Tất cả các cử tri khi họ bỏ phiếu sẽ có quyền hợp pháp cho các tranh cử đủ tiêu chuẩn trên ballot.
Tại sao một số cử tri không xuất hiện trong danh sách cử tri đủ tiêu chuẩn?,Bởi vì họ sống ở một bang có đăng ký cử tri cùng ngày hoặc không đăng ký và không thể hoặc không đăng ký trước thời gian.
Các cử tri đủ tiêu chuẩn có quyền gì?,Họ có quyền có các tranh cử đủ tiêu chuẩn được tính toán trên phiếu bầu của họ.
Ai có thể được lập phiếu bầu?,Những người không có tên trong danh sách cử tri đủ tiêu chuẩn vì họ sống tại một tiểu bang ghi danh cùng ngày hoặc không có ghi danh và không được hoặc không thể ghi danh trước thời hạn.
Phiếu bầu khẩn cấp được sử dụng trong trường hợp nào?,"Một số tình huống đặc biệt, chẳng hạn như đang ở ngoài tiểu bang trong thời gian bầu cử hoặc bị di dời do thiên tai."
Phiếu bầu khẩn cấp được cấp cho ai?,Một cử tri trong những tình huống đặc biệt.
Khi nào phiếu bầu được phát cho cử tri?,"Trong những trường hợp đặc biệt, chẳng hạn như khi đang ra khỏi tiểu bang trong thời gian bầu cử hoặc bị dời chỗ do thảm họa tự nhiên."
Định nghĩa của Enclose là gì?,"Để một thứ vào bên trong một thứ khác, chẳng hạn như bọc một phiếu bầu khiếm diện trong một bao giấy kín đáo."
Mục đích của việc mã hóa thông tin là gì?,an toàn hoặc riêng tư
Việc công nhận ai đó hoặc một vấn đề gì đó là gì?,tình trạng được một người công khai ủng hộ hoặc hỗ trợ
Thể thức thể hiện sự chấp thuận hoặc ủng hộ của công chúng đối với ai đó hoặc điều gì đó là gì?,Một ứng cử viên cho chức vụ công hoặc một dự luật cần bỏ phiếu.
Mã Kiểm Tra Sai Sót là gì?,"Hệ thống mã hóa cho phép kiểm tra lỗi các dữ liệu đang được đọc hoặc truyền đi và khi phát hiện lỗi, hệ thống sẽ tự động sửa lỗi."
Mã Kiểm Tra Sai Sót có tác dụng gì?,Cho phép kiểm tra lỗi và tự động sửa lỗi khi phát hiện lỗi trong dữ liệu.
Tỷ số sai sót là gì?,Tỷ số lỗi xảy ra so với số lượng dữ liệu được xử lý.
Gì được gọi là phiếu bầu đã dùng hết?,Phiếu bầu đã dùng hết.
Lá phiếu bầu có thể trở nên vô hiệu khi nào?,Khi lá phiếu này trở nên vô hiệu và không được tính khi lập bảng cho một contest vì không còn xếp hạng hợp lệ nào trên lá phiếu để tiếp tục các lựa chọn.
Lá phiếu bầu vô hiệu có thể được tính trong bảng tabulation không?,"Không, lá phiếu bầu vô hiệu không thể được tính trong bảng tabulation cho một contest."
Vì sao lá phiếu bầu vô hiệu?,Lá phiếu bầu vô hiệu vì không còn xếp hạng hợp lệ nào trên lá phiếu để tiếp tục các lựa chọn cho một contest.
Vậy là vòng tranh cử kết thúc khi nào?,Khi không còn ứng viên nào được xếp hạng hợp lệ trên lá phiếu để tiếp tục tranh cử.
Exit Poll là gì?,"Một cuộc thăm dò dành cho một số nhỏ cử tri khi họ rời khỏi phòng phiếu, để dự báo kết quả của một cuộc bầu cử hoặc xác định lý do cho các quyết định bỏ phiếu."
Exit Poll được sử dụng để làm gì?,Để dự báo kết quả của một cuộc bầu cử hoặc xác định lý do cho các quyết định bỏ phiếu.
Giờ Gia Hạn là gì?,Là thời gian được kéo dài cho cử tri có thể bỏ phiếu.
Ai có thẩm quyền kéo dài thời gian bỏ phiếu?,Người có thẩm quyền chính thức.
Ngôn ngữ nào được nhắc đến trong đoạn văn bản?,Ngôn Ngữ Đánh Dấu Mở Rộng (Extensible Markup Language).
Gia hạn có thể được hiểu là gì?,gia hạn khoảng thời gian hoặc gia hạn giờ bỏ phiếu
Đánh dấu không hợp lệ là gì?,Đánh dấu không hợp lệ là một dấu hiệu trên phiếu bầu giấy không liên quan đến hành động chỉ định lựa chọn của cử tri.
Ví dụ về đánh dấu không hợp lệ?,"Ví dụ về đánh dấu không hợp lệ bao gồm: dấu hiệu được tạo vô tình bởi cử tri không liên quan đến việc chỉ định lựa chọn; dấu hiệu ngần ngại, một chấm trong hoặc ngoài vị trí lựa chọn của cuộc thi được tạo bằng cách đặt bút hoặc bút chì trên phiếu bầu; ghi chú viết tay hoặc thông tin nhận dạng không liên quan đến chỉ định lựa chọn của cử tri; hoặc các lỗi in."
Các loại đánh dấu không hợp lệ?,"Các loại đánh dấu không hợp lệ bao gồm dấu hiệu được tạo vô tình, dấu hiệu ngần ngại, ghi chú viết tay, thông tin nhận dạng và lỗi in."
Lá phiếu Fail-Safe Ballot được sử dụng trong trường hợp nào?,"Lá phiếu Fail-Safe Ballot được sử dụng khi người bầu cử không có tên trong danh sách cử tri, thông tin không đầy đủ hoặc không chính xác, hoặc đã nhận lá phiếu qua bưu điện và được phép bầu."
Lá phiếu Fail-Safe Ballot được lưu trữ ở đâu?,Lá phiếu Fail-Safe Ballot thường được lưu trữ riêng biệt so với các lá phiếu khác cho đến khi quan chức bầu cử có thể xác định người bầu cử có đủ điều kiện để bầu cử.
Lá phiếu Fail-Safe Ballot còn được gọi là tên gì?,Lá phiếu Fail-Safe Ballot đôi khi được gọi là lá phiếu tạm thời (provisional ballots).
Phiếu bầu nào được giữ tách biệt với các phiếu bầu khác?,Phiếu bầu có điều kiện
Cử tri nào được phép bỏ phiếu nếu đã nhận phiếu bầu qua đường bưu điện?,Người đã nhận phiếu bầu qua đường bưu điện và được phép bỏ phiếu
Các phiếu bầu có điều kiện thường được giữ tách biệt với các phiếu bầu khác như thế nào?,Cho đến khi viên chức bầu cử có thể xác định xem cử tri có đủ tiêu chuẩn để bỏ phiếu hay không
Sai sót trong hệ thống bỏ phiếu là gì?,Sai sót trong thiết kế hoặc thực hiện có thể làm phẩm chất hoặc hoạt động của hệ thống bỏ phiếu đi chệch hướng với phẩm chất hoặc hoạt động được mong đợi.
Sai sót có thể ảnh hưởng đến phẩm chất của hệ thống bỏ phiếu như thế nào?,Sai sót có thể làm phẩm chất hoặc hoạt động của hệ thống bỏ phiếu đi chệch hướng với phẩm chất hoặc hoạt động được mong đợi.
Sai sót có thể được xác định dựa trên tiêu chuẩn nào?,Sai sót có thể được xác định dựa trên tiêu chuẩn VVSG hoặc trong tài liệu được cung cấp bởi nhà sản xuất.
Hệ thống Fault-tolerant là gì?,Hệ thống tiếp tục hoạt động sau khi máy điện toán hoặc liên mạng bị vấn đề.
Các hoạt động được quy định trong VVSG là gì?,hoặc hoạt động được quy định trong VVSG hoặc trong tài liệu do người sản xuất cung cấp
Cuộc bầu cử nào được coi là cuộc bầu cử liên bang?,"Bất kỳ cuộc bầu cử sơ bộ, tổng tuyển cử, bầu cử chung cuộc hoặc bầu cử đặc biệt nào trong đó bầu ra ứng cử viên cho chức vụ Liên Bang (Tổng Thống, Thượng Nghị Sĩ hoặc Hạ Nghị Sĩ) được nêu tên trên phiếu bầu."
Đạo luật nào liên quan đến vận động tranh cử liên bang?,Đạo Luật Vận Động Tranh Cử Liên Bang (FECA)
Các chức vụ nào được bầu trong cuộc bầu cử liên bang?,"Tổng Thống, Thượng Nghị Sĩ hoặc Hạ Nghị Sĩ"
Quy định về hạn mức tài trợ cho một ứng cử viên trong một cuộc bầu cử liên bang?,"Strict limits on the amount of money a particular corporation, union, hoặc private individual có thể cho một ứng cử viên trong một cuộc bầu cử liên bang."
Các đối tượng phải công bố thu nhập và danh sách người đóng góp?,Các ứng cử viên và các hội đồng hành động chính trị (PACs)
Quy định về hạn mức tài trợ và chi tiêu cho ứng cử viên trong cuộc bầu cử sơ bộ và chung?,"Một sửa đổi năm 1974 đã quy định hạn mức tài trợ bổ sung và áp dụng hạn mức chi tiêu cho ứng cử viên trong cuộc bầu cử sơ bộ và chung; tuy nhiên, Tòa án Tối cao đã bãi bỏ quy định về chi tiêu này"
Luật nào đã thiết lập Ủy ban bầu cử liên bang và tài trợ công cộng cho các cuộc bầu cử tổng thống?,Luật sửa đổi năm 1974
Mục tiêu của các sửa đổi luật năm 1976 và 1979 là gì?,Regulating PACs và tăng cường sự tham gia của các đảng
Tối Cao Pháp Viện đã bác bỏ điều khoản nào trong Tu chính 1974?,Mức giới hạn chi tiêu cho các ứng cử viên
FEC là cơ quan gì?,FEC là một cơ quan độc lập chịu trách nhiệm quản lý và thực thi các luật liên quan đến các cuộc bầu cử liên bang.
FEC có trách nhiệm gì?,"FEC có trách nhiệm quản lý và thực thi các luật liên quan đến các cuộc bầu cử liên bang, bao gồm việc giám sát tài trợ và chi tiêu của các chiến dịch bầu cử."
FEC có liên quan đến việc tài trợ bầu cử tổng thống?,"Có, FEC có trách nhiệm giám sát việc tài trợ và chi tiêu của các chiến dịch bầu cử tổng thống."
FEC có bao nhiêu thành viên?,FEC được thành lập bởi sáu ủy viên được Tổng thống bổ nhiệm với sự đồng ý của Thượng viện.
FEC chịu trách nhiệm về vấn đề gì?,FEC chịu trách nhiệm quản lý và thực thi pháp luật liên quan đến vận động tranh cử liên bang.
FEC giám sát những hoạt động gì?,"FEC giám sát gây quỹ công cho các cuộc bầu cử tổng thống, bảo đảm khai trình cho công chúng các hoạt động tài chính vận động tranh cử và giám sát các khoản đóng góp."
Cơ quan nào có chức năng thanh tra bầu cử liên bang?,Federal Election Inspector
Tổng thanh tra liên bang Hoa Kỳ có nhiệm vụ gì?,"kiểm tra hoạt động của cơ quan để phát hiện và điều tra các hành vi sai trái, lãng phí, gian lận và các lạm dụng khác của thể thức chính phủ trong cơ quan."
Tổng thanh tra liên bang Hoa Kỳ được thành lập trong cơ quan nào?,mỗi cơ quan thuộc nhánh hành pháp
Tổng thanh tra liên bang Hoa Kỳ có nhiệm vụ gì khi phát hiện các hành vi sai trái?,điều tra các hành vi sai trái
FIPS là gì?,Federal Information Processing Standards (Các Tiêu Chuẩn Dùng Thông Tin Liên Bang)
FIPS được lập ra để đáp ứng yêu cầu gì?,"yêu cầu hệ thống interoperability, khả năng di chuyển dữ liệu và phần mềm, và bảo mật máy tính"
FIPS được phát triển bởi tổ chức nào?,NIST (National Institute of Standards and Technology)
Tại sao không có tiêu chuẩn ngành hiện có để giải quyết các đòi hỏi của liên bang?,"Do liên bang yêu cầu khả năng tương tác của hệ thống, tính di động của dữ liệu và nhu liệu, cũng như bảo vệ an toàn cho máy điện toán."
Federal Observer có nhiệm vụ gì?,Federal Observer được phép giám sát các thủ tục tại các điểm bỏ phiếu và nơi đếm phiếu bầu ở các đơn vị hành chính đủ điều kiện.
Luật Voting Rights Act cho phép gì?,Luật Voting Rights Act cho phép Quan sát viên Liên bang giám sát các thủ tục tại các điểm bỏ phiếu và nơi đếm phiếu bầu.
Đạo Luật Quyền Bầu Cử cho phép quan sát viên liên bang giám sát ở đâu?,Các thể thức tại các địa điểm bỏ phiếu và tại các địa điểm kiểm đếm phiếu bầu trong các phân ban chính trị đủ tiêu chuẩn.
Ai có thể ứng cử vào chức vụ Tổng Thống Hoa Kỳ?,"Tổng Thống Hoa Kỳ, thành viên Thượng Viện hoặc Hạ Viện Hoa Kỳ."
Tên gọi của đơn xin bưu phiếu liên bang?,Đơn Xin Bưu Phiếu Liên Bang (FPCA)
Tại sao FPCA lại quan trọng đối với cử tri quân đội và ở nước ngoài?,FPCA đóng vai trò là cơ quan ghi danh thống nhất và bỏ phiếu được chấp nhận ở tất cả các tiểu bang và lãnh thổ Hoa Kỳ.
Có bao nhiêu tiểu bang và lãnh thổ chấp nhận FPCA?,Tất cả các tiểu bang và lãnh thổ Hoa Kỳ.
FPCA có vai trò gì trong việc quản lý việc ghi danh và bỏ phiếu?,FPCA đóng vai trò là cơ quan ghi danh thống nhất và bỏ phiếu.
Phiếu được chấp nhận ở đâu?,Tất cả các tiểu bang và vùng lãnh thổ của Hoa Kỳ.
Ai có thể bỏ phiếu khi sống ở nước ngoài?,"Quân nhân tại ngũ, người thân và những người bỏ phiếu khi sống ở nước ngoài."
Lá phiếu nào dành cho quân nhân tại ngũ và người thân?,"Federal Services Ballot (Lá Phiếu cho Cử Tri Phục Vụ Liên Bang) hoặc Ballot of active-duty military and family members and individuals, who vote while living abroad."
Chương trình hỗ trợ bỏ phiếu nào có sẵn cho quân nhân đang tại ngũ?,Chương Trình Hỗ Trợ Bỏ Phiếu Liên Bang
Ai có thể nhận được hỗ trợ từ Chương Trình Hỗ Trợ Bỏ Phiếu Liên Bang?,Cử tri phục vụ trong quân đội và thường dân ở nước ngoài
Tên của chương trình hỗ trợ bỏ phiếu liên bang?,Federal Voting Assistance
Ai là những người có thể làm việc như Voting Assistance Officers (VAOs)?,"Các thành viên của Lực lượng Vũ trang, công dân hoặc thành viên của các tổ chức công dân nước Mỹ ở nước ngoài."
Mục tiêu của Voting Assistance Officers (VAOs) là gì?,"Đảm bảo rằng cử tri quân sự và cử tri ở nước ngoài hiểu về quyền bầu cử của họ, cách đăng ký bỏ phiếu vắng mặt và có truy cập thông tin và hỗ trợ bỏ phiếu chính xác, không thiên vị."
Voting Assistance Officers (VAOs) có thể là ai?,Viên chức Hỗ trợ Bỏ Phiếu Liên Bang
Vào đâu để tìm thông tin về quyền bỏ phiếu của mình?,Vào Chương Trình Hỗ Trợ Bỏ Phiếu Liên Bang (Federal Voting Assistance Program)
Ai có thể trở thành Viên Chức Hỗ Trợ Bầu Cử (VAO)?,"Quân nhân, thường dân hoặc thành viên của các tổ chức công dân Hoa Kỳ ở nước ngoài"
Mục đích của Viên Chức Hỗ Trợ Bầu Cử (VAO) là gì?,"Trợ giúp quân nhân và cử tri ở nước ngoài hiểu quyền bỏ phiếu của họ, cách ghi danh bỏ phiếu khiếm diện, và dễ truy cập thông tin chính xác và hỗ trợ phi đảng phái để bỏ phiếu"
Chương trình nào được thiết kế để giúp quân nhân Hoa Kỳ và người thân của họ hiểu rõ quyền bỏ phiếu?,Chương trình giáo dục và hỗ trợ cử tri
Ai được hưởng quyền bỏ phiếu theo Đạo Luật về Các Quyền Bỏ Phiếu Liên Bang?,"Quân nhân Hoa Kỳ, người thân đủ tiêu chuẩn của họ và công dân Hoa Kỳ ở nước ngoài"
Đạo Luật về Các Quyền Bỏ Phiếu Liên Bang có tên gọi khác là gì?,Federal Voting Rights Act
Đạo Luật về Các Quyền Bỏ Phiếu 1965 có mục đích gì?,Cấm phân biệt chủng tộc trong việc bỏ phiếu.
FVSS là gì?,Các Tiêu Chuẩn Hệ Thống Bỏ Phiếu Liên Bang.
Các hệ thống bỏ phiếu phải đáp ứng tiêu chuẩn nào?,Tiêu chuẩn liên bang tối thiểu.
Mỗi hệ thống bỏ phiếu phải đáp ứng tiêu chuẩn tối thiểu nào?,Tiêu chuẩn tối thiểu của liên bang
Lá phiếu bầu khiếm diện cho ứng cử viên được thêm tên của liên bang được gọi là gì?,Federal Write-In Absentee Ballot (FWAB)
Ai có thể sử dụng Lá Phiếu Bầu Khiếm Diện cho Ứng Cử Viên Được Thêm Tên của Liên Bang (FWAB)?,Voters quân sự và người dân ở nước ngoài
Chương Trình Hỗ Trợ Bỏ Phiếu Liên Bang cung cấp phiếu bầu trắng cho ai?,các cử tri quân nhân và ở nước ngoài
Các Bộ Lạc Được Liên Bang Công Nhận là gì?,Các thực thể bộ lạc bản địa được công nhận có mối quan hệ chính phủ-giới với Hoa Kỳ
Mục đích của mối quan hệ chính phủ-giới giữa Hoa Kỳ và Các Bộ Lạc Được Liên Bang Công Nhận?,"có trách nhiệm, quyền lực, giới hạn và nghĩa vụ"
Các bộ lạc bản xứ được công nhận có mối quan hệ với chính phủ Hoa Kỳ như thế nào?,Các bộ lạc bản xứ được công nhận có mối quan hệ đặc biệt với chính phủ Hoa Kỳ.
Các bộ lạc bản xứ được công nhận có quyền gì?,"Các bộ lạc bản xứ được công nhận có quyền tự chủ (tính chất tự chủ) và được nhận các lợi ích, dịch vụ và bảo vệ từ chính phủ Hoa Kỳ."
Các bộ lạc bản xứ được công nhận có thể nhận được nguồn tài trợ và dịch vụ từ đâu?,Các bộ lạc bản xứ được công nhận có thể nhận được nguồn tài trợ và dịch vụ từ Cục Quản lý Các vấn đề Ấn Độ (Bureau of Indian Affairs).
Các bộ lạc được liên bang công nhận có được gì?,"Các bộ lạc được liên bang công nhận được thừa nhận một số quyền tự trị vốn có và có quyền được một số quyền lợi, dịch vụ và liên bang bảo vệ."
Phòng Sự Vụ Da Đỏ có thể hỗ trợ ai?,Phòng Sự Vụ Da Đỏ có thể hỗ trợ những người đủ tiêu chuẩn được tài trợ và dịch vụ.
Phạm tội nghiêm trọng hơn tội nhẹ có bị ảnh hưởng gì không?,"Có, thường bị tước quyền bỏ phiếu trong một khoảng thời gian."
Tước Quyền Bỏ Phiếu do Trọng Tội là gì?,Phạm tội nghiêm trọng hơn tội nhẹ và thường bị tước quyền bỏ phiếu trong một khoảng thời gian.
Nộp Đơn Tranh Cử là hành động gì?,Hoàn thành các thủ tục cần thiết để tuyên bố ý định trở thành ứng cử viên cho một vị trí công cộng.
Hành động nào được mô tả trong đoạn văn bản?,Hành động hoàn tất công việc giấy tờ cần thiết để tuyên bố ý định của một người muốn làm ứng cử viên cho chức vụ công.
Thời gian nào được gọi là Thời Hạn Chót Nộp Đơn?,Thời gian cuối cùng để nộp các tài liệu liên quan đến một cuộc bầu cử và quy trình cụ thể.
Ví dụ về các tài liệu cần nộp trong Thời Hạn Chót Nộp Đơn?,"Các tài liệu bao gồm giấy tờ để tán thành một đề xuất, để nộp giấy tờ để trở thành ứng cử viên, hoặc để nộp các thông tin tài chính về chiến dịch."
Ngày cuối cùng để nộp các hồ sơ bầu cử hoặc bỏ phiếu cho một cuộc bầu cử là ngày nào?,Ngày cuối cùng để nộp các hồ sơ bầu cử hoặc bỏ phiếu cho một cuộc bầu cử và tiến trình cụ thể.
Cách nộp hồ sơ bầu cử qua mạng internet được gọi là gì?,Filing Electronically (Nộp Đơn Qua Điện Tử)
Lệ phí nộp hồ sơ bầu cử được gọi là gì?,Filing Fees (Lệ Phí Nộp Đơn)
Số tiền phải đóng khi nộp đơn để làm ứng cử viên vào chức vụ công là gì?,"Số tiền phải đóng khi nộp các giấy tờ tranh cử, như nộp đơn để làm ứng cử viên vào chức vụ công."
Nộp đơn kiến nghị đến cơ quan quản lý được gọi là gì?,Chính thức gửi đơn kiến nghị đến cơ quan quản lý.
"Trên phiếu bầu nào, cử tri được chỉ dẫn điền vào ô trống để bỏ phiếu?",Trên một số phiếu bầu
Cử tri thực hiện hành động cuối cùng khi chọn lựa các tùy chọn và xác nhận ý định của mình?,Hoàn tất thủ tục bỏ phiếu
Hành động cuối cùng của cử tri khi bỏ phiếu?,Xác nhận ý định tối hậu bỏ phiếu như đã chọn.
"Loại báo cáo nào liên quan đến thông tin về nguồn, loại, số lượng hoặc giá trị thu nhập của các quan chức công cộng và ứng cử viên?",Báo cáo Khai Trình Tài Chánh
Ai phải nộp báo cáo Khai Trình Tài Chánh?,Một cơ quan quản lý có thẩm quyền
Báo cáo này yêu cầu thông tin gì về nhân viên chính phủ và ứng cử viên?,"nguồn, loại, số tiền hoặc thu nhập"
Nhu liệu phần cứng là gì?,"Nhu liệu phần cứng là chương trình máy điện toán được lưu trữ trong bộ nhớ chỉ đọc, có thể lập trình được, trở thành một phần vĩnh viễn của thiết bị máy điện toán."
Nhu liệu phần cứng được tạo và chạy như thế nào?,Nhu liệu phần cứng được tạo và chạy như một nhu liệu.
Nhu liệu phần cứng được lưu trữ ở đâu?,"Nhu liệu phần cứng được lưu trữ trong bộ nhớ chỉ đọc, có thể lập trình được."
Ai phải cung cấp giấy tờ tùy thân trước khi bỏ phiếu?,Những cử tri ghi danh bỏ phiếu hoặc bỏ phiếu lần đầu tiên trong một cuộc bầu cử liên bang.
Tại sao những cử tri này phải cung cấp giấy tờ tùy thân?,Theo Đạo Luật Trợ Giúp Mỹ Bỏ Phiếu.
Đạo Luật Trợ Giúp Mỹ Bỏ Phiếu liên quan đến vấn đề gì?,Hỗ trợ việc bỏ phiếu.
Lần đầu tiên một công dân làm gì?,ghi danh bỏ phiếu hoặc bỏ phiếu
Bản báo cáo tài chính là gì?,một báo cáo trình bày chi tiết các tiền đóng góp chính trị và chi phí
Cử tri lần đầu tiên đi bầu là gì?,cử tri lần đầu tiên bỏ phiếu
Một người được coi là cư dân cố định khi nào?,Khi họ cư trú hợp pháp và ở tại một nơi trong phần lớn thời gian trong tuần.
Cử tri được gọi là gì khi họ có cư trú cố định?,Cử tri được gọi là cư dân cố định.
Cư trú cố định được sử dụng cho mục đích gì?,Cư trú cố định được sử dụng cho mục đích bỏ phiếu.
Các giấy tờ tùy thân thường bao gồm?,"Giấy phép lái xe, hộ chiếu và các giấy tờ do chính phủ cấp"
Giấy tờ gì được coi là phổ biến?,"Giấy Phép Lái Xe, Hộ Chiếu và các giấy tờ khác do chính phủ cấp."
Gian lận có nghĩa là gì?,Trình bày sai hoặc thay đổi kết quả thực sự của một cuộc bầu cử.
Hình thức gian lận cử tri nào liên quan đến việc ghi danh bỏ phiếu?,Một hình thức gian lận cử tri khi có người ghi danh bỏ phiếu hoặc ghi danh cho người khác bỏ phiếu bằng cách sử dụng thông tin giả hoặc khi họ không đủ tiêu chuẩn để ghi danh bỏ phiếu.
Lý do người có thể không đủ tiêu chuẩn để ghi danh bỏ phiếu?,Khi họ không đủ tiêu chuẩn để ghi danh bỏ phiếu.
Hình thức gian lận cử tri được gọi là gì?,Fraudulently Registering to Vote (Ghi Danh Đi Bầu Theo Cách Gian Lận)
Quyền bỏ phiếu của tôi được bảo vệ như thế nào?,"Quyền bỏ phiếu của bạn được bảo vệ khỏi đe dọa bạo lực, thao túng, quấy rối hoặc sợ hãi."
FCA là gì?,"FCA là Kiểm Tra Cấu Hình Chức Năng, một quá trình xác minh toàn diện mọi chức năng và sự kết hợp của chức năng trong hệ thống."
Mục đích của FCA là gì?,FCA được thực hiện để xác minh toàn diện mọi chức năng và sự kết hợp của chức năng trong hệ thống.
FCA kiểm tra gì trong hệ thống?,"FCA kiểm tra mức chính xác và đầy đủ của hệ thống sổ tay cử tri, thể thức hoạt động, thể thức bảo trì và kiểm tra chẩn đoán."
FCA kiểm tra hệ thống theo tiêu chuẩn nào?,Kiểm tra đầy đủ mọi chức năng hệ thống và tổ hợp các chức năng được trích dẫn trong tài liệu của người thầu.
FCA thực hiện thử nghiệm chức năng nào?,Thử nghiệm chức năng hệ thống.
Thử nghiệm chức năng là gì?,Thực hiện thử nghiệm để kiểm tra hoặc xác nhận hoàn tất một chức năng hoặc một nhóm chức năng.
Gây quỹ là gì?,"Tìm kiếm nơi hỗ trợ tài chánh cho một ứng cử viên, vận động tranh cử hoặc tổ chức chính trị."
Mục đích của gây quỹ là gì?,Để ảnh hưởng đến kết quả bầu cử.
Các lý do gì khiến công dân bắt đầu tiến trình loại bỏ một viên chức được bầu ra khỏi chức vụ?,Các lý do để Bãi Nhiệm
Một bản chứng thư nào được xác nhận bằng lời tuyên thệ hoặc khẳng định của một nhóm người?,Bản Chứng Thệ Theo Nhóm
Lý do nào khiến công dân bắt đầu tiến trình loại bỏ một viên chức được bầu ra khỏi chức vụ?,Các lý do để Bãi Nhiệm
Liên quan đến chức vụ thống đốc tiểu bang là gì?,Liên quan đến thống đốc tiểu bang hoặc chức vụ thống đốc tiểu bang.
Gubernatorial Election là gì?,Cuộc bầu cử nơi chức vụ thống đốc tiểu bang cũng được đưa ra trên phiếu bầu.
Cuộc bầu cử Gubernatorial Election thường được tổ chức vào năm nào?,Năm khác với năm có cuộc bầu cử Tổng thống trên phiếu bầu.
Cuộc bầu cử chức vụ thống đốc tiểu bang thường đi kèm các cuộc tranh cử nào?,Các cuộc tranh cử khác trên toàn tiểu bang
Năm bầu cử chức vụ thống đốc tiểu bang được tổ chức vào năm nào?,Một năm khác với năm bầu cử Tổng Thống
Ai có thể bỏ phiếu trong cuộc Tổng Tuyển Cử Thống Đốc Tiểu Bang?,"Cử tri đủ tiêu chuẩn, bất kể đảng phái nào"
Mục đích của cuộc Tổng Tuyển Cử Thống Đốc Tiểu Bang?,Bầu chọn thống đốc tiểu bang và/hoặc bỏ phiếu cho các dự luật
Có bao nhiêu loại cử tri được phép bỏ phiếu trong cuộc Tổng Tuyển Cử Thống Đốc Tiểu Bang?,Tất cả các cử tri đủ tiêu chuẩn
Cuộc bầu cử sơ bộ được tổ chức để quyết định gì?,để quyết định ứng cử viên nào sẽ đại diện cho một đảng chính trị cho một vị trí cụ thể trong cuộc bầu cử chung
Tại sao một số cuộc bầu cử sơ bộ được tổ chức?,"do một số bang có bầu cử sơ bộ mở, một số bang có bầu cử sơ bộ đóng hoặc bầu cử sơ bộ được sửa đổi"
Tại sao một số tiểu bang có bầu cử sơ bộ mở rộng?,Bởi vì một số tiểu bang có bầu cử sơ bộ mở rộng.
Tại sao một số tiểu bang thực hiện bầu cử sơ bộ kín hoặc kín một phần?,Bởi vì những tiểu bang khác thực hiện bầu cử sơ bộ kín hoặc kín một phần.
Có bao giờ các cuộc bầu cử cho các chức vụ phi đảng phái và các vấn đề liên quan đến bầu cử được hợp nhất với các cuộc bầu cử sơ bộ không?,Đôi khi các cuộc bầu cử cho các chức vụ phi đảng phái và các vấn đề liên quan đến bầu cử được hợp nhất với các cuộc bầu cử sơ bộ.
Đếm phiếu bầu và lựa chọn trên phiếu bầu được thực hiện như thế nào?,Đếm phiếu bầu và/hoặc các lựa chọn trên phiếu bầu bằng sức người.
Lá phiếu bầu giấy được đánh dấu như thế nào?,Lá phiếu bầu giấy được cử tri đánh dấu bằng bút viết.
Lá phiếu bầu giấy có ý nghĩa gì?,Lá phiếu bầu giấy là hồ sơ độc lập có thể kiểm chứng của cử tri.
Mãnh giấy đục lỗ là gì?,"Mãnh giấy đục lỗ là miếng giấy nhỏ có được khi đục các lỗ trên giấy, thẻ hoặc các vật liệu tổng hợp tương tự, như thẻ đục lỗ."
Hanging Chad là gì?,Hanging Chad là mãnh giấy đục lỗ chưa rớt ra hẵn.
Tại sao có Hanging Chad?,"Hanging Chad được tạo ra khi các lỗ được đục trên giấy, thẻ hoặc các vật liệu tổng hợp, nhưng mãnh giấy đó chưa được hoàn toàn loại bỏ."
Hard Money là gì?,Đóng góp chính trị trực tiếp cho một ứng cử viên cụ thể.
Hard of Hearing là gì?,Tình trạng mất thính lực phải dùng máy trợ thính để hỗ trợ phần thính lực còn lại.
Vật liệu là gì?,"Các thành phần vật chất, hữu hình, cơ học hoặc cơ điện của hệ thống."
Hash là gì?,Giải thuật sắp xếp một chuỗi bit có độ dài tùy ý thành một chuỗi có độ dài cố định.
Hash Function là gì?,Giải thuật sắp xếp một chuỗi bit có độ dài tùy ý thành một chuỗi có độ dài cố định.
Hàm chia nhỏ có phải là một hàm sắp xếp không?,"Có, hàm chia nhỏ là một hàm sắp xếp."
Hàm chia nhỏ có phải là một hàm một chiều không?,"Có, hàm chia nhỏ là một hàm một chiều."
Hàm chia nhỏ có phải là một hàm có thể tìm được đầu vào cho một đầu ra cụ thể không?,"Không, không thể tìm được đầu vào cho một đầu ra cụ thể."
Một tính toán được cho phép chia nhỏ phải đáp ứng thuộc tính nào?,Tính toán không khả thi khi tìm thấy bất kỳ đầu vào nào dẫn tới bất kỳ đầu ra nào được chỉ định trước và tính toán không khả thi khi tìm thấy bất kỳ hai đầu vào riêng biệt nào dẫn đến cùng một đầu ra.
Hearing là gì?,Cơ hội để trình bày vụ việc của một người thông qua một tiến trình hành chánh chính thức.
Một tính toán không khả thi khi tìm thấy đầu vào nào?,Bất kỳ đầu vào nào dẫn tới bất kỳ đầu ra nào được chỉ định trước
Viên chức điều trần có chức năng gì?,"Viên chức điều trần được ủy quyền tiến hành tiến trình pháp lý, tổ chức các phiên điều trần, giải quyết các tranh chấp hành chánh, tạo điều kiện đàm phán giữa các bên đối lập và ban hành các quyết định pháp lý."
Viên chức điều trần có thể tiến hành những gì?,"Viên chức điều trần có thể tiến hành các hoạt động như tiến hành tiến trình pháp lý, tổ chức các phiên điều trần, giải quyết các tranh chấp hành chánh, tạo điều kiện đàm phán giữa các bên đối lập và ban hành các quyết định pháp lý."
Viên chức điều trần có thể ban hành những gì?,Viên chức điều trần có thể ban hành các quyết định pháp lý.
Các quy tắc và hành động gì liên quan đến việc quản lý phiên điều trần?,Các quy tắc và hành động về cách quản lý các phiên điều trần.
Đạo luật nào được thông qua bởi Quốc hội Hoa Kỳ vào năm 2002 để cải cách quy trình bỏ phiếu?,Đạo Luật Trợ Giúp Người Mỹ Bỏ Phiếu 2002 (HAVA)
Đạo luật HAVA được thông qua để cải thiện hệ thống gì?,Hệ thống bỏ phiếu và quyền truy cập của cử tri
Đạo luật nào được Quốc Hội Hoa Kỳ thông qua vào năm 2002?,Đạo Luật được Quốc Hội Hoa Kỳ thông qua vào năm 2002 cải cách tiến trình bỏ phiếu quốc gia.
Mục đích của Chương Trình Giúp Sinh Viên Đại Học Mỹ Bỏ Phiếu?,"Chương Trình Giúp Sinh Viên Đại Học Mỹ Bỏ Phiếu được thiết lập để khuyến khích sinh viên tham gia làm công việc bỏ phiếu hoặc trợ lý, cũng như tạo sự quan tâm của sinh viên vào quá trình bầu cử."
Cuộc bầu cử nào đã dẫn đến việc xác định quyền sử dụng của cử tri?,Cuộc bầu cử năm 2000.
Chương trình này được chấp thuận bởi đạo luật nào?,Đạo Luật Trợ Giúp Người Mỹ Bỏ phiếu (HAVA)
Mục tiêu của chương trình này là gì?,"Khuyến khích sinh viên tham gia làm nhân viên hoặc phụ tá phòng phiếu, thúc đẩy sự quan tâm của sinh viên đối với tiến trình bầu cử và khuyến khích chính quyền tiểu bang và địa phương dùng sinh viên làm nhân viên phòng phiếu."
Khu Học Chánh Trung Học là gì?,Một đơn vị địa lý địa phương để quản lý các trường trung học.
Thành viên hội đồng Khu Học Chánh Trung Học được bầu như thế nào?,Các thành viên hội đồng được bầu.
Khi nào thì nói rằng một cơ quan chính phủ tổ chức một cuộc bầu cử?,Khi một cơ quan chính phủ quản lý một cuộc bầu cử.
Cơ quan nào tổ chức tiến trình cho một người hoặc tổ chức nêu lên vụ việc?,Cơ quan tổ chức tiến trình cho một người hoặc tổ chức nêu lên vụ việc là cơ quan giải quyết các tranh chấp hành chính.
Thuật ngữ gì dùng để mô tả một người đã tuyên thệ nhậm chức và hiện đang giữ chức vụ?,Thuật ngữ dùng để mô tả một người đã tuyên thệ nhậm chức và hiện đang giữ chức vụ là 'Hold Office'.
Cơ quan nào tạo điều kiện đàm phán giữa các bên đối lập?,Cơ quan tạo điều kiện đàm phán giữa các bên đối lập là cơ quan tổ chức tiến trình cho một người hoặc tổ chức nêu lên vụ việc.
Quyền tự trị là gì?,"Quyền của người dân thành phố, làng, thị trấn hoặc các quận địa phương khác được thành lập và thay đổi cơ cấu chính quyền của mình."
Hiến chương tự trị là gì?,"Trong một số bang, được gọi là bang tự trị, hiến pháp của bang cho phép các đô thị và/hoặc các quận địa phương được tự quản."
Quyền tự trị được áp dụng ở đâu?,Ở các bang được gọi là bang tự trị.
Các thành phố và quận có thể thông qua luật như thế nào?,"Họ có thể thông qua luật khi thấy phù hợp, miễn là tuân thủ hiến pháp tiểu bang và liên bang."
Hiến pháp tiểu bang có vai trò gì?,Hiến pháp tiểu bang cho phép các thành phố tự trị và/hoặc các quận được phép thông qua luật để tự quản lý.
Gì là Bản Hiến chương?,Bản Hiến chương là tài liệu viết được sử dụng để định nghĩa các luật và quy định của cơ quan đó.
Hiến chương là gì?,Hiến chương là văn bản nêu rõ luật và quy định của địa phương đó.
Thành phố tự trị là gì?,Một thành phố đã thông qua Hiến Chương nêu rõ hình thức chính quyền và luật pháp địa phương.
Hạ Viện là cơ quan nào của Quốc Hội Hoa Kỳ?,Hạ Viện là cơ quan lập pháp lưỡng viện quốc gia Hoa Kỳ
Thành phần của Hạ Viện được thiết lập bởi văn bản nào?,Article One của Hiến Pháp Hoa Kỳ
Hạ Viện và Thượng Viện hợp thành cơ quan gì?,cơ quan lập pháp lưỡng viện quốc gia Hoa Kỳ
Sổ Sách Kiểm Tra Nội Bộ được sử dụng để theo dõi hoạt động gì?,tất cả các hoạt động của máy bỏ phiếu
Bản ghi trên máy bỏ phiếu ghi lại nội dung và thời điểm của hoạt động gì?,Mọi hoạt động trên máy bỏ phiếu
Hình thức trả kết quả bầu cử qua internet có thể được thực hiện bằng cách nào?,Bằng email hoặc ứng dụng hỗ trợ internet
Tôi có thể gởi lại phiếu bầu đã đánh dấu qua điện thư được không?,"Có, bạn có thể gởi lại phiếu bầu đã đánh dấu qua điện thư."
Khả năng tương tác giữa các hệ thống khác nhau có được hỗ trợ không?,"Có, khả năng tương tác giữa các hệ thống khác nhau được hỗ trợ."
Tôi có thể sử dụng ứng dụng được liên mạng hỗ trợ để gởi thông tin cử tri không?,"Có, bạn có thể sử dụng ứng dụng được liên mạng hỗ trợ để gởi thông tin cử tri."
Người thông dịch có thể làm gì?,Người thông dịch cho những người giao tiếp bằng các ngôn ngữ khác nhau.
Gián đoạn tiến trình bỏ phiếu có thể do lỗi gì?,"Lỗi thiết bị bỏ phiếu, vật liệu không đủ, thảm họa hoặc bất cứ điều gì cản trở việc bỏ phiếu."
Có bao nhiêu loại gián đoạn tiến trình bỏ phiếu?,Không có thông tin cụ thể về số lượng loại gián đoạn tiến trình bỏ phiếu.
IDS là gì?,"IDS là một ứng dụng cho vật liệu hoặc nhu liệu để phát hiện và báo cáo vi phạm an ninh đáng ngờ, vi phạm chính sách hoặc xâm phạm nào khác có thể ảnh hưởng xấu đến hệ thống."
IDS có thể phát hiện những gì?,"IDS có thể phát hiện và báo cáo vi phạm an ninh đáng ngờ, vi phạm chính sách hoặc xâm phạm nào khác có thể ảnh hưởng xấu đến hệ thống."
IDS có thể ảnh hưởng xấu đến hệ thống như thế nào?,"IDS có thể ảnh hưởng xấu đến hệ thống nếu có vi phạm an ninh đáng ngờ, vi phạm chính sách hoặc xâm phạm nào khác."
"Lỗi, nhầm lẫn hoặc thiếu sót nào có thể dẫn đến phiếu bầu của tôi không được tính?","Lỗi, nhầm lẫn hoặc thiếu sót làm phiếu bầu của quý vị không được tính vào kết quả bầu cử cuối cùng."
Gì được coi là bất bình thường trong bầu cử?,"Một điều gì đó không đúng hoặc không được chấp nhận, chẳng hạn như khi các quy tắc, luật pháp hoặc cách làm việc thông thường không được tuân theo."
Làm thế nào để phiếu bầu của tôi không được tính?,"Một lỗi, nhầm lẫn hoặc thiếu sót dẫn đến phiếu bầu của quý vị không được tính vào kết quả bầu cử cuối cùng."
Điều gì không đúng hoặc không thể chấp nhận được?,"Điều gì không đúng hoặc không thể chấp nhận được, như khi không tuân hành các quy tắc, luật lệ hoặc phương pháp làm việc thông thường."
Cấp phát có nghĩa là gì?,Đưa ra thứ gì cho một người theo cách chính thức.
Khi nào một người được cấp phát một lá phiếu bầu?,"Khi một người có thẩm quyền chính thức, người phụ trách bầu cử hoặc người làm việc tại khu vực bỏ phiếu cho một cử tri một lá phiếu để bầu."
Ai là người chịu trách nhiệm cho việc bỏ phiếu đúng và có trật tự tại một địa điểm bỏ phiếu?,"Viên chức chịu trách nhiệm bỏ phiếu đúng và có trật tự tại một địa điểm bỏ phiếu, còn được gọi là Thẩm Phán Bầu Cử."
Thẩm Phán Bầu Cử còn được gọi bằng cái tên nào?,Thẩm Phán Bầu Cử còn được gọi là Thẩm Phán.
Ai là người có thể được gọi là Thẩm Phán Bầu Cử?,"Viên chức chịu trách nhiệm bỏ phiếu đúng và có trật tự tại một địa điểm bỏ phiếu, còn được gọi là Thẩm Phán Bầu Cử."
Một tiểu bang được chia thành bao nhiêu khu vực tư pháp?,Một số khu vực cố định
Một chức vụ tư pháp công cộng được gọi là gì?,Một chức vụ tư pháp công cộng
Bầu cử Judicial Retention Election là gì?,Một cuộc bầu cử hỏi cử tri có nên để một người đương nhiệm (thường là thẩm phán) tiếp tục ở chức vụ.
Ai thường tham gia vào cuộc bầu cử Judicial Retention Election?,"Người đương nhiệm, thường là thẩm phán."
"Nếu một số cử tri không muốn người đương nhiệm tiếp tục ở chức vụ, thì người đó sẽ bị loại khỏi chức vụ như thế nào?",Người đó sẽ bị loại khỏi chức vụ nếu một phần trăm cử tri cho biết họ không nên tiếp tục ở chức vụ.
Người giữ chức vụ sẽ bị loại khỏi vị trí khi nào?,Khi có tỷ lệ phần trăm cử tri cho biết họ không được tiếp tục giữ chức vụ đó.
Quản lý mật số bao gồm những hoạt động gì?,"Quản lý mật số liên quan đến việc lập ra, lưu trữ, thiết lập, nhập và xuất khóa mật mã và các thông số an ninh liên quan khác."
Những thông số an ninh liên quan khác trong quản lý mật số là gì?,Những thông số an ninh liên quan khác bao gồm mật số.
Quản lý mật số bao gồm cả việc gì?,Quản lý mật số bao gồm cả việc xóa bỏ khóa mật mã.
Luật Voting Rights Act cấm điều gì?,luật này cấm các yêu cầu hoặc điều kiện về khả năng đọc viết và ngôn ngữ khi bỏ phiếu
Ai được công nhận là đối tượng bị phân biệt đối xử trong việc bỏ phiếu?,"người dân tộc Alaska, người Mỹ bản địa, người Á Đông và người gốc Hispanic"
Mục tiêu của Section 203 là gì?,xóa bỏ sự phân biệt đối xử trong việc bỏ phiếu bằng cách yêu cầu cung cấp tài liệu và hỗ trợ ngôn ngữ cho các công dân thiểu số
Thời gian giữa các lần xác định ngôn ngữ được thay đổi như thế nào?,từ 10 năm thành 5 năm
Vấn nạn gì đang xảy ra trong bỏ phiếu?,Kỳ thị rộng rãi trong bỏ phiếu đối với các công dân ngôn ngữ thiểu số
Các nhóm ngôn ngữ thiểu số nào bị ảnh hưởng?,"Thổ Dân Alaska, Thổ Dân Da Đỏ, Á Châu và Tây Bồ Nha"
Cách nào để giải quyết vấn nạn kỳ thị?,Đòi hỏi phải cung cấp tài liệu ngôn ngữ thiểu số và hỗ trợ liên quan đến tiến trình bầu cử
Đạo Luật Quyền Bỏ Phiếu năm 2006 đã thay đổi gì?,Đạo Luật Quyền Bỏ Phiếu năm 2006 đã nới rộng Đoạn 203 đến năm 2032 và sẽ điều chỉnh các quyết định mỗi 5 năm thay vì 10 năm.
Đạo Luật Quyền Bỏ Phiếu yêu cầu gì về ngôn ngữ?,"Đạo Luật Quyền Bỏ Phiếu yêu cầu các bang hoặc đơn vị hành chính được bảo vệ phải cung cấp các thông báo, giấy tờ, hướng dẫn, hỗ trợ và các dịch vụ khác bằng ngôn ngữ thiểu số."
Đạo Luật Quyền Bỏ Phiếu áp dụng cho những đối tượng nào?,Đạo Luật Quyền Bỏ Phiếu áp dụng cho các bang hoặc đơn vị hành chính được bảo vệ.
Ngôn ngữ thiểu số nào được yêu cầu phải có trong quy định về ngôn ngữ?,Ngôn ngữ của nhóm thiểu số có liên quan và tiếng Anh.
Các nhóm thiểu số nào được coi là nhóm ngôn ngữ thiểu số?,"Người Mỹ bản địa, người Mỹ gốc Á, người Alaska bản địa và công dân gốc Tây Ban Nha."
Tại sao những nhóm thiểu số này được coi là nhóm ngôn ngữ thiểu số?,Bởi vì họ đã gặp khó khăn trong quá trình chính trị.
Phân ban chính trị sẽ hỗ trợ ngôn ngữ nào?,"Phân ban chính trị sẽ hỗ trợ tiếng Anh và ngôn ngữ của nhóm thiểu số, bao gồm Thổ Dân Da Đỏ, Người Mỹ gốc Á Châu, Thổ Dân Alaska và công dân gốc Tây Ban Nha."
Ai sẽ được hỗ trợ bởi phân ban chính trị?,"Các nhóm người Quốc Hội thấy bị khó khăn với các rào cản trong tiến trình chính trị, bao gồm Thổ Dân Da Đỏ, Người Mỹ gốc Á Châu, Thổ Dân Alaska và công dân gốc Tây Ban Nha."
Phân ban chính trị sẽ hỗ trợ các tài liệu nào?,"Phân ban chính trị sẽ hỗ trợ ghi danh hoặc bỏ phiếu, mẫu, hướng dẫn, hỗ trợ hoặc các tài liệu hoặc thông tin khác liên quan đến tiến trình bầu cử."
Ai được gọi là Thường Trú Nhân Hợp Pháp?,Những người không phải là công dân nhưng được cho phép hợp pháp để sinh sống lâu dài tại Hoa Kỳ.
Giải thích về Legal Holiday?,Ngày nghỉ lễ theo luật định và thường là ngày không làm việc trong năm.
Thường Trú Nhân Hợp Pháp có phải là công dân?,"Không, Thường Trú Nhân Hợp Pháp là những người không phải là công dân nhưng được cho phép hợp pháp để sinh sống lâu dài tại Hoa Kỳ."
